privacy_typeId,qualifyingDive,minActivityLapDuration,hasVideo,avgGradeAdjustedSpeed,favorite,hrTimeInZone_5,courseId,ownerProfileImageUrlMedium,isElevationCorrected,avgVerticalRatio,powerTimeInZone_4,userRoles,powerTimeInZone_2,activeSets,bmrCalories,fastestSplit_1609,isParent,endTimeGMT,avgGroundContactTime,anaerobicTrainingEffect,purposeful,averageSpeed,averageHR,ownerProfileImageUrlSmall,hrTimeInZone_4,duration,waterEstimated,parent,fastestSplit_21098,sportTypeId,hasSplits,ownerProfileImageUrlLarge,startLongitude,hasPolyline,activityType_parentTypeId,elevationLoss,differenceBodyBattery,aerobicTrainingEffectMessage,fastestSplit_1000,totalReps,eventType_sortOrder,ownerDisplayName,maxElevation,vO2MaxValue,decoDive,elevationCorrected,summarizedDiveInfo_summarizedDiveGases,activityType_typeKey,autoCalcCalories,hasImages,averageRunningCadenceInStepsPerMinute,activityTrainingLoad,powerTimeInZone_1,maxRunningCadenceInStepsPerMinute,activityType_restricted,maxHR,isDecoDive,isAtpActivity,normPower,hrTimeInZone_1,distance,isPR,anaerobicTrainingEffectMessage,userPro,movingDuration,manufacturer,avgStrideLength,ownerFullName,hasIntensityIntervals,eventType_typeId,avgElevation,elevationGain,activityUUID,maxDoubleCadence,hrTimeInZone_2,maxSpeed,timeZoneId,eventType_typeKey,totalSets,workoutId,endLatitude,isAutoCalcCalories,powerTimeInZone_3,maxPower,hasHeatMap,fastestSplit_10000,elapsedDuration,privacy_typeKey,isFavorite,startTimeGMT,manualActivity,trainingEffectLabel,avgPower,moderateIntensityMinutes,locationName,summarizedExerciseSets,lapCount,splitSummaries,steps,beginTimestamp,activityName,aerobicTrainingEffect,startTimeLocal,beginPackWeight,powerTimeInZone_5,fastestSplit_5000,calories,activityId,isPurposeful,isManualActivity,cloudPositioningStatus,endLongitude,deviceId,activityType_trimmable,vigorousIntensityMinutes,maxVerticalSpeed,minElevation,activityType_typeId,avgVerticalOscillation,ownerId,atpActivity,calendarEventUuid,activityType_isHidden,startLatitude,pr,hrTimeInZone_3
3,False,1777.552978515625,False,0.5879999995231628,False,327.992,,https://s3.amazonaws.com/garmin-connect-prod/profile_images/6dd3e63b-1cf6-47dd-a308-0af6c5311562-prfr.png,False,8.960000038146973,1.002,"[""SCOPE_ATP_READ"", ""SCOPE_COMMUNITY_COURSE_ADMIN_READ"", ""SCOPE_GCX_KID_WRITE"", ""SCOPE_DT_ACTIVE_INTELLIGENCE_READ"", ""SCOPE_COMMUNITY_COURSE_WRITE"", ""SCOPE_GCX_KID_ADMIN_READ"", ""SCOPE_CONNECT_WEB_TEMPLATE_RENDER"", ""SCOPE_ACTIVITY_DETECTION_READ"", ""SCOPE_OMT_SUBSCRIPTION_ADMIN_READ"", ""SCOPE_DI_OAUTH_2_MANAGED_STATUS_ADMIN_WRITE"", ""SCOPE_CONNECT_READ"", ""SCOPE_GCX_PET_READ"", ""SCOPE_GOLF_API_READ"", ""SCOPE_DI_OAUTH_2_DEVICE_REVOCATION_WRITE"", ""SCOPE_GCX_PET_WRITE"", ""SCOPE_DI_OAUTH_2_CREATE_DI_USER"", ""SCOPE_DIVE_API_WRITE"", ""SCOPE_DIVE_API_READ"", ""SCOPE_DI_OAUTH_2_CLIENT_READ"", ""SCOPE_CONNECT_WRITE"", ""SCOPE_CONNECT_MCT_DAILY_LOG_READ"", ""SCOPE_CONNECT_API_CREATE_UPDATE_USER"", ""SCOPE_MESSAGE_GENERATION_READ"", ""SCOPE_DI_OAUTH_2_CLIENT_REVOCATION_ADMIN"", ""SCOPE_GCX_PET_ADMIN_READ"", ""SCOPE_CONNECT_NON_SOCIAL_SHARED_READ"", ""SCOPE_DI_OAUTH_2_PRERELEASE_PERMISSIONS_ADMIN_WRITE"", ""SCOPE_DI_OAUTH_2_TOKEN_ADMIN"", ""SCOPE_ATP_WRITE"", ""SCOPE_GCX_KID_READ"", ""ROLE_CONNECTUSER"", ""ROLE_FITNESS_USER"", ""ROLE_WELLNESS_USER"", ""ROLE_GARMIN_USER"", ""ROLE_GCM_USER""]",41.003,,36.0,,False,2026-10-04 15:06:17,298.1000061035156,2.0,False,0.5080000162124634,160.0,https://s3.amazonaws.com/garmin-connect-prod/profile_images/6dd3e63b-1cf6-47dd-a308-0af6c5311562-prth.png,617.663,1777.552978515625,72.0,False,,1,True,https://s3.amazonaws.com/garmin-connect-prod/profile_images/6dd3e63b-1cf6-47dd-a308-0af6c5311562-prof.png,-3.1138074584305286,True,17,3.0,-8,IMPROVING_VO2_MAX_15,,,10,4d294da0-1d36-44c4-a103-1eeaab5f58df,84.4000015258789,,False,False,[],running,False,False,33.328125,129.93104553222656,60.989,250.0,False,190.0,False,False,79.0,19.206,903.0,False,MAINTAINING_ANAEROBIC_BASE_1,False,521.0,GARMIN,85.92000122070313,Macayla,False,9,82.64310628776143,3.0,8c693ecc-fb47-45c9-9a75-b7be40f3990f,250.0,447.006,12.616999626159668,159,uncategorized,,,53.346707224845886,False,33.999,321.0,False,,2136.132080078125,subscribers,False,2026-10-04 14:30:41,False,VO2MAX,31.0,0,Wirral,,1,"[{""noOfSplits"": 1, ""totalAscent"": 3.0, ""duration"": 1777.552978515625, ""splitType"": ""INTERVAL_ACTIVE"", ""maxElevationGain"": 3.0, ""averageElevationGain"": 3.0, ""maxDistance"": 902, ""maxDistanceWithPrecision"": 902.97998046875, ""distance"": 903.0, ""averageSpeed"": 0.5080000162124634, ""maxSpeed"": 12.616999626159668, ""elevationLoss"": 3.0, ""avgStepFrequency"": 33.3125, ""avgStepLength"": 0.8592000122070312, ""verticalRatio"": 8.960000038146973, ""verticalOscillation"": 6.919999694824219, ""avgGroundContactTime"": 298.1000061035156}, {""noOfSplits"": 88, ""totalAscent"": 0.0, ""duration"": 321.9960021972656, ""splitType"": ""RWD_WALK"", ""maxElevationGain"": 0.0, ""averageElevationGain"": 0.0, ""maxDistance"": 36, ""maxDistanceWithPrecision"": 36.72999954223633, ""distance"": 192.3000030517578, ""averageSpeed"": 0.597000002861023, ""maxSpeed"": 2.193000078201294, ""elevationLoss"": 3.0, ""avgStepFrequency"": 56.125, ""avgStepLength"": 0.8477000122070314, ""verticalRatio"": 7.960000038146973, ""verticalOscillation"": 5.879999923706055, ""avgGroundContactTime"": 409.70001220703125}, {""noOfSplits"": 48, ""totalAscent"": 3.0, ""duration"": 459.5050048828125, ""splitType"": ""RWD_RUN"", ""maxElevationGain"": 1.0, ""averageElevationGain"": 0.0, ""maxDistance"": 86, ""maxDistanceWithPrecision"": 86.44999694824219, ""distance"": 711.47998046875, ""averageSpeed"": 1.5479999780654907, ""maxSpeed"": 12.616999626159668, ""elevationLoss"": 0.0, ""avgStepFrequency"": 81.984375, ""avgStepLength"": 0.8622000122070312, ""verticalRatio"": 9.229999542236328, ""verticalOscillation"": 7.50999984741211, ""avgGroundContactTime"": 281.70001220703125}, {""noOfSplits"": 97, ""totalAscent"": 0.0, ""duration"": 996.0050048828125, ""splitType"": ""RWD_STAND"", ""maxElevationGain"": 0.0, ""averageElevationGain"": 0.0, ""maxDistance"": 0, ""maxDistanceWithPrecision"": 0.0, ""distance"": 0.0, ""averageSpeed"": 0.0, ""maxSpeed"": 0.0, ""elevationLoss"": 0.0, ""avgStepFrequency"": 6.03125}]",2870,1791124241000,Wirral Running,3.4000000953674316,2026-10-04 15:30:41,,0.0,,294.0,24605649324,False,False,,-3.0983263347297907,3624601887,True,33,0.8000030517578125,79.5999984741211,1,6.919999694824219,143088564,False,,False,53.34302547387779,False,365.686
3,False,1503.259033203125,False,,False,99.003,,https://s3.amazonaws.com/garmin-connect-prod/profile_images/6dd3e63b-1cf6-47dd-a308-0af6c5311562-prfr.png,False,8.539999961853027,4.998,"[""SCOPE_ATP_READ"", ""SCOPE_COMMUNITY_COURSE_ADMIN_READ"", ""SCOPE_GCX_KID_WRITE"", ""SCOPE_DT_ACTIVE_INTELLIGENCE_READ"", ""SCOPE_COMMUNITY_COURSE_WRITE"", ""SCOPE_GCX_KID_ADMIN_READ"", ""SCOPE_CONNECT_WEB_TEMPLATE_RENDER"", ""SCOPE_ACTIVITY_DETECTION_READ"", ""SCOPE_OMT_SUBSCRIPTION_ADMIN_READ"", ""SCOPE_DI_OAUTH_2_MANAGED_STATUS_ADMIN_WRITE"", ""SCOPE_CONNECT_READ"", ""SCOPE_GCX_PET_READ"", ""SCOPE_GOLF_API_READ"", ""SCOPE_DI_OAUTH_2_DEVICE_REVOCATION_WRITE"", ""SCOPE_GCX_PET_WRITE"", ""SCOPE_DI_OAUTH_2_CREATE_DI_USER"", ""SCOPE_DIVE_API_WRITE"", ""SCOPE_DIVE_API_READ"", ""SCOPE_DI_OAUTH_2_CLIENT_READ"", ""SCOPE_CONNECT_WRITE"", ""SCOPE_CONNECT_MCT_DAILY_LOG_READ"", ""SCOPE_CONNECT_API_CREATE_UPDATE_USER"", ""SCOPE_MESSAGE_GENERATION_READ"", ""SCOPE_DI_OAUTH_2_CLIENT_REVOCATION_ADMIN"", ""SCOPE_GCX_PET_ADMIN_READ"", ""SCOPE_CONNECT_NON_SOCIAL_SHARED_READ"", ""SCOPE_DI_OAUTH_2_PRERELEASE_PERMISSIONS_ADMIN_WRITE"", ""SCOPE_DI_OAUTH_2_TOKEN_ADMIN"", ""SCOPE_ATP_WRITE"", ""SCOPE_GCX_KID_READ"", ""ROLE_CONNECTUSER"", ""ROLE_FITNESS_USER"", ""ROLE_WELLNESS_USER"", ""ROLE_GARMIN_USER"", ""ROLE_GCM_USER""]",7.006,,30.0,,False,2026-10-04 14:30:15,300.1000061035156,2.5999999046325684,False,0.1609999984502792,166.0,https://s3.amazonaws.com/garmin-connect-prod/profile_images/6dd3e63b-1cf6-47dd-a308-0af6c5311562-prth.png,984.223,1503.259033203125,25.0,False,,1,True,https://s3.amazonaws.com/garmin-connect-prod/profile_images/6dd3e63b-1cf6-47dd-a308-0af6c5311562-prof.png,,False,1,,-6,IMPACTING_TEMPO_22,,,10,4d294da0-1d36-44c4-a103-1eeaab5f58df,,,False,False,[],indoor_running,False,False,27.0,141.7623748779297,14.003,245.0,False,185.0,False,False,40.0,0.0,241.52000427246094,False,MAINTAINING_ANAEROBIC_BASE_1,False,153.0,GARMIN,88.97000122070312,Macayla,False,9,,,84953d9f-a5fe-48a5-ad14-5a65e03ee8e4,245.0,18.989,5.822000026702881,159,uncategorized,,,,False,6.992,439.0,False,,1503.259033203125,subscribers,False,2026-10-04 14:05:12,False,TEMPO,12.0,0,,,1,"[{""noOfSplits"": 1, ""duration"": 1503.259033203125, ""splitType"": ""INTERVAL_ACTIVE"", ""maxDistance"": 241, ""maxDistanceWithPrecision"": 241.52000427246094, ""distance"": 241.52000427246094, ""averageSpeed"": 0.16099999845027924, ""maxSpeed"": 5.822000026702881, ""avgStepFrequency"": 26.984375, ""avgStepLength"": 0.8897000122070312, ""verticalRatio"": 8.539999961853027, ""verticalOscillation"": 6.050000000000001, ""avgGroundContactTime"": 300.1000061035156}, {""noOfSplits"": 46, ""duration"": 1048.23095703125, ""splitType"": ""RWD_STAND"", ""maxDistance"": 0, ""maxDistanceWithPrecision"": 0.0, ""distance"": 0.0, ""averageSpeed"": 0.0, ""maxSpeed"": 0.0, ""avgStepFrequency"": 16.671875}, {""noOfSplits"": 32, ""duration"": 254.0, ""splitType"": ""RWD_WALK"", ""maxDistance"": 7, ""maxDistanceWithPrecision"": 7.420000076293945, ""distance"": 52.70000076293945, ""averageSpeed"": 0.2070000022649765, ""maxSpeed"": 1.809999942779541, ""avgStepFrequency"": 70.5625, ""avgStepLength"": 0.7807000122070313, ""verticalRatio"": 8.520000457763672, ""verticalOscillation"": 5.25999984741211, ""avgGroundContactTime"": 434.0}, {""noOfSplits"": 22, ""duration"": 200.99899291992188, ""splitType"": ""RWD_RUN"", ""maxDistance"": 29, ""maxDistanceWithPrecision"": 29.260000228881836, ""distance"": 188.8300018310547, ""averageSpeed"": 0.9390000104904175, ""maxSpeed"": 5.822000026702881, ""avgStepFrequency"": 110.125, ""avgStepLength"": 0.9000999755859376, ""verticalRatio"": 8.550000190734863, ""verticalOscillation"": 6.580000305175782, ""avgGroundContactTime"": 278.79998779296875}]",1716,1791122712000,Indoor Running,3.299999952316284,2026-10-04 15:05:12,,2.002,,263.0,24603977876,False,False,,,3624601887,True,24,,,156,6.050000000000001,143088564,False,,False,,False,401.044
3,False,4.195000171661377,False,,False,0.0,,https://s3.amazonaws.com/garmin-connect-prod/profile_images/6dd3e63b-1cf6-47dd-a308-0af6c5311562-prfr.png,False,10.130000114440918,0.0,"[""SCOPE_ATP_READ"", ""SCOPE_COMMUNITY_COURSE_ADMIN_READ"", ""SCOPE_GCX_KID_WRITE"", ""SCOPE_DT_ACTIVE_INTELLIGENCE_READ"", ""SCOPE_COMMUNITY_COURSE_WRITE"", ""SCOPE_GCX_KID_ADMIN_READ"", ""SCOPE_CONNECT_WEB_TEMPLATE_RENDER"", ""SCOPE_ACTIVITY_DETECTION_READ"", ""SCOPE_OMT_SUBSCRIPTION_ADMIN_READ"", ""SCOPE_DI_OAUTH_2_MANAGED_STATUS_ADMIN_WRITE"", ""SCOPE_CONNECT_READ"", ""SCOPE_GCX_PET_READ"", ""SCOPE_GOLF_API_READ"", ""SCOPE_DI_OAUTH_2_DEVICE_REVOCATION_WRITE"", ""SCOPE_GCX_PET_WRITE"", ""SCOPE_DI_OAUTH_2_CREATE_DI_USER"", ""SCOPE_DIVE_API_WRITE"", ""SCOPE_DIVE_API_READ"", ""SCOPE_DI_OAUTH_2_CLIENT_READ"", ""SCOPE_CONNECT_WRITE"", ""SCOPE_CONNECT_MCT_DAILY_LOG_READ"", ""SCOPE_CONNECT_API_CREATE_UPDATE_USER"", ""SCOPE_MESSAGE_GENERATION_READ"", ""SCOPE_DI_OAUTH_2_CLIENT_REVOCATION_ADMIN"", ""SCOPE_GCX_PET_ADMIN_READ"", ""SCOPE_CONNECT_NON_SOCIAL_SHARED_READ"", ""SCOPE_DI_OAUTH_2_PRERELEASE_PERMISSIONS_ADMIN_WRITE"", ""SCOPE_DI_OAUTH_2_TOKEN_ADMIN"", ""SCOPE_ATP_WRITE"", ""SCOPE_GCX_KID_READ"", ""ROLE_CONNECTUSER"", ""ROLE_FITNESS_USER"", ""ROLE_WELLNESS_USER"", ""ROLE_GARMIN_USER"", ""ROLE_GCM_USER""]",110.975,,35.0,,False,2026-10-02 07:09:54,306.5,0.0,False,2.2780001163482666,149.0,https://s3.amazonaws.com/garmin-connect-prod/profile_images/6dd3e63b-1cf6-47dd-a308-0af6c5311562-prth.png,433.596,1761.1639404296875,449.0,False,,1,True,https://s3.amazonaws.com/garmin-connect-prod/profile_images/6dd3e63b-1cf6-47dd-a308-0af6c5311562-prof.png,,False,1,,-7,IMPROVING_AEROBIC_BASE_8,,,10,4d294da0-1d36-44c4-a103-1eeaab5f58df,,,False,False,[],treadmill_running,False,False,149.640625,74.47743225097656,1567.948,216.0,False,172.0,False,False,213.0,39.001,4012.090087890625,False,NO_ANAEROBIC_BENEFIT_0,False,1719.5250244140625,GARMIN,91.95999755859376,Macayla,False,9,,,16c0763c-9902-403c-bd71-0baab758842e,216.0,376.001,2.865000009536743,124,uncategorized,,,,False,19.625,287.0,False,,1772.56494140625,subscribers,False,2026-10-02 06:40:22,False,AEROBIC_BASE,209.0,2,,,5,"[{""noOfSplits"": 4, ""duration"": 21.600000381469727, ""splitType"": ""RWD_STAND"", ""maxDistance"": 0, ""maxDistanceWithPrecision"": 0.0, ""distance"": 0.0, ""averageSpeed"": 0.0, ""maxSpeed"": 0.0, ""avgStepFrequency"": 0.0}, {""noOfSplits"": 1, ""duration"": 1761.1639404296875, ""splitType"": ""INTERVAL_ACTIVE"", ""maxDistance"": 4012, ""maxDistanceWithPrecision"": 4012.090087890625, ""distance"": 4012.090087890625, ""averageSpeed"": 2.2780001163482666, ""maxSpeed"": 2.865000009536743, ""avgStepFrequency"": 149.625, ""avgStepLength"": 0.9195999755859375, ""verticalRatio"": 10.130000114440918, ""verticalOscillation"": 9.290000152587892, ""avgGroundContactTime"": 306.5}, {""noOfSplits"": 3, ""duration"": 1724.52294921875, ""splitType"": ""RWD_RUN"", ""maxDistance"": 2681, ""maxDistanceWithPrecision"": 2681.81005859375, ""distance"": 4009.93994140625, ""averageSpeed"": 2.325000047683716, ""maxSpeed"": 2.865000009536743, ""avgStepFrequency"": 152.078125, ""avgStepLength"": 0.9195999755859375, ""verticalRatio"": 10.130000114440918, ""verticalOscillation"": 9.3, ""avgGroundContactTime"": 306.5}, {""noOfSplits"": 3, ""duration"": 15.00100040435791, ""splitType"": ""RWD_WALK"", ""maxDistance"": 1, ""maxDistanceWithPrecision"": 1.8799999952316284, ""distance"": 2.1600000858306885, ""averageSpeed"": 0.14399999380111694, ""maxSpeed"": 0.8489999771118164, ""avgStepFrequency"": 98.328125, ""verticalOscillation"": 5.170000076293945}]",4356,1790923222000,Treadmill Running,3.0,2026-10-02 08:40:22,,0.0,,271.0,24575023548,False,False,,,3624601887,True,26,,,18,9.290000152587892,143088564,False,,False,,False,883.549
3,False,487.22900390625,False,,False,0.0,,https://s3.amazonaws.com/garmin-connect-prod/profile_images/6dd3e63b-1cf6-47dd-a308-0af6c5311562-prfr.png,False,,,"[""SCOPE_ATP_READ"", ""SCOPE_COMMUNITY_COURSE_ADMIN_READ"", ""SCOPE_GCX_KID_WRITE"", ""SCOPE_DT_ACTIVE_INTELLIGENCE_READ"", ""SCOPE_COMMUNITY_COURSE_WRITE"", ""SCOPE_GCX_KID_ADMIN_READ"", ""SCOPE_CONNECT_WEB_TEMPLATE_RENDER"", ""SCOPE_ACTIVITY_DETECTION_READ"", ""SCOPE_OMT_SUBSCRIPTION_ADMIN_READ"", ""SCOPE_DI_OAUTH_2_MANAGED_STATUS_ADMIN_WRITE"", ""SCOPE_CONNECT_READ"", ""SCOPE_GCX_PET_READ"", ""SCOPE_GOLF_API_READ"", ""SCOPE_DI_OAUTH_2_DEVICE_REVOCATION_WRITE"", ""SCOPE_GCX_PET_WRITE"", ""SCOPE_DI_OAUTH_2_CREATE_DI_USER"", ""SCOPE_DIVE_API_WRITE"", ""SCOPE_DIVE_API_READ"", ""SCOPE_DI_OAUTH_2_CLIENT_READ"", ""SCOPE_CONNECT_WRITE"", ""SCOPE_CONNECT_MCT_DAILY_LOG_READ"", ""SCOPE_CONNECT_API_CREATE_UPDATE_USER"", ""SCOPE_MESSAGE_GENERATION_READ"", ""SCOPE_DI_OAUTH_2_CLIENT_REVOCATION_ADMIN"", ""SCOPE_GCX_PET_ADMIN_READ"", ""SCOPE_CONNECT_NON_SOCIAL_SHARED_READ"", ""SCOPE_DI_OAUTH_2_PRERELEASE_PERMISSIONS_ADMIN_WRITE"", ""SCOPE_DI_OAUTH_2_TOKEN_ADMIN"", ""SCOPE_ATP_WRITE"", ""SCOPE_GCX_KID_READ"", ""ROLE_CONNECTUSER"", ""ROLE_FITNESS_USER"", ""ROLE_WELLNESS_USER"", ""ROLE_GARMIN_USER"", ""ROLE_GCM_USER""]",,,243.0,,False,2026-10-01 12:52:35,,0.0,False,0.4620000123977661,78.0,https://s3.amazonaws.com/garmin-connect-prod/profile_images/6dd3e63b-1cf6-47dd-a308-0af6c5311562-prth.png,0.0,12121.9150390625,1568.0,False,,11,False,https://s3.amazonaws.com/garmin-connect-prod/profile_images/6dd3e63b-1cf6-47dd-a308-0af6c5311562-prof.png,7.991459118202329,True,17,92.0,-13,RECOVERY_5,,,10,4d294da0-1d36-44c4-a103-1eeaab5f58df,33.20000076293945,46.0,False,False,[],walking,False,False,14.09375,3.84295654296875,,250.0,False,108.0,False,False,,162.412,5602.77001953125,False,NO_ANAEROBIC_BENEFIT_0,False,4375.0,GARMIN,214.5743604877184,Macayla,False,9,12.49053706834934,100.0,4710d71f-1a2c-48c5-b39b-8fe270c3321c,250.0,0.0,4.497000217437744,124,uncategorized,,,58.13908559270203,False,,,False,,15278.736328125,subscribers,False,2026-10-01 08:37:57,False,RECOVERY,,12,Kristiansand,,6,[],6900,1790843877000,Kristiansand Walking,0.30000001192092896,2026-10-01 10:37:57,,,,446.0,24566432216,False,False,COMPLETE,7.990912701934576,3624601887,True,0,1.4000000953674314,0.800000011920929,9,,143088564,False,,False,58.13946914859116,False,0.0
3,False,5.8379998207092285,False,2.7190001010894775,False,0.0,,https://s3.amazonaws.com/garmin-connect-prod/profile_images/6dd3e63b-1cf6-47dd-a308-0af6c5311562-prfr.png,False,9.460000038146973,265.002,"[""SCOPE_ATP_READ"", ""SCOPE_COMMUNITY_COURSE_ADMIN_READ"", ""SCOPE_GCX_KID_WRITE"", ""SCOPE_DT_ACTIVE_INTELLIGENCE_READ"", ""SCOPE_COMMUNITY_COURSE_WRITE"", ""SCOPE_GCX_KID_ADMIN_READ"", ""SCOPE_CONNECT_WEB_TEMPLATE_RENDER"", ""SCOPE_ACTIVITY_DETECTION_READ"", ""SCOPE_OMT_SUBSCRIPTION_ADMIN_READ"", ""SCOPE_DI_OAUTH_2_MANAGED_STATUS_ADMIN_WRITE"", ""SCOPE_CONNECT_READ"", ""SCOPE_GCX_PET_READ"", ""SCOPE_GOLF_API_READ"", ""SCOPE_DI_OAUTH_2_DEVICE_REVOCATION_WRITE"", ""SCOPE_GCX_PET_WRITE"", ""SCOPE_DI_OAUTH_2_CREATE_DI_USER"", ""SCOPE_DIVE_API_WRITE"", ""SCOPE_DIVE_API_READ"", ""SCOPE_DI_OAUTH_2_CLIENT_READ"", ""SCOPE_CONNECT_WRITE"", ""SCOPE_CONNECT_MCT_DAILY_LOG_READ"", ""SCOPE_CONNECT_API_CREATE_UPDATE_USER"", ""SCOPE_MESSAGE_GENERATION_READ"", ""SCOPE_DI_OAUTH_2_CLIENT_REVOCATION_ADMIN"", ""SCOPE_GCX_PET_ADMIN_READ"", ""SCOPE_CONNECT_NON_SOCIAL_SHARED_READ"", ""SCOPE_DI_OAUTH_2_PRERELEASE_PERMISSIONS_ADMIN_WRITE"", ""SCOPE_DI_OAUTH_2_TOKEN_ADMIN"", ""SCOPE_ATP_WRITE"", ""SCOPE_GCX_KID_READ"", ""ROLE_CONNECTUSER"", ""ROLE_FITNESS_USER"", ""ROLE_WELLNESS_USER"", ""ROLE_GARMIN_USER"", ""ROLE_GCM_USER""]",270.95,,22.0,583.97998046875,False,2026-09-29 13:34:16,286.70001220703125,0.0,False,2.6909999847412105,163.0,https://s3.amazonaws.com/garmin-connect-prod/profile_images/6dd3e63b-1cf6-47dd-a308-0af6c5311562-prth.png,923.742,1119.970947265625,274.0,False,,1,True,https://s3.amazonaws.com/garmin-connect-prod/profile_images/6dd3e63b-1cf6-47dd-a308-0af6c5311562-prof.png,6.811366444453597,True,17,23.0,-4,IMPROVING_AEROBIC_BASE_8,356.5899963378906,,10,4d294da0-1d36-44c4-a103-1eeaab5f58df,23.200000762939453,46.0,False,False,[],running,False,False,158.171875,74.099609375,189.979,165.0,False,173.0,False,False,274.0,10.949,3013.89990234375,False,NO_ANAEROBIC_BENEFIT_0,False,1117.906005859375,GARMIN,101.82999877929689,Macayla,False,9,14.14477211551223,33.0,38a82fb1-f250-4af3-b7f5-453e2b07eb68,165.0,31.002,3.7330000400543217,124,uncategorized,,,61.84447822161019,False,296.817,371.0,False,,1119.970947265625,subscribers,False,2026-09-29 13:15:37,False,AEROBIC_BASE,266.0,1,Stryn,,4,"[{""noOfSplits"": 1, ""totalAscent"": 33.0, ""duration"": 1119.970947265625, ""splitType"": ""INTERVAL_ACTIVE"", ""maxElevationGain"": 33.0, ""averageElevationGain"": 33.0, ""maxDistance"": 3013, ""maxDistanceWithPrecision"": 3013.360107421875, ""distance"": 3013.8701171875, ""averageSpeed"": 2.690999984741211, ""maxSpeed"": 3.7330000400543213, ""elevationLoss"": 23.0, ""avgStepFrequency"": 158.171875, ""avgStepLength"": 1.0182999877929688, ""verticalRatio"": 9.460000038146973, ""verticalOscillation"": 9.600000000000001, ""avgGroundContactTime"": 286.70001220703125}, {""noOfSplits"": 1, ""totalAscent"": 33.0, ""duration"": 1119.6839599609375, ""splitType"": ""RWD_RUN"", ""maxElevationGain"": 33.0, ""averageElevationGain"": 33.0, ""maxDistance"": 3013, ""maxDistanceWithPrecision"": 3013.360107421875, ""distance"": 3013.8701171875, ""averageSpeed"": 2.691999912261963, ""maxSpeed"": 3.7330000400543213, ""elevationLoss"": 23.0, ""avgStepFrequency"": 158.171875, ""avgStepLength"": 1.0182999877929688, ""verticalRatio"": 9.460000038146973, ""verticalOscillation"": 9.600000000000001, ""avgGroundContactTime"": 286.70001220703125}]",2950,1790687737000,Stryn Running,3.0,2026-09-29 15:15:37,,81.969,,195.0,24541483060,False,False,,6.812688689678907,3624601887,True,17,0.4000005722045899,1.2000000476837158,1,9.600000000000001,143088564,False,,False,61.84303251095116,False,148.033
3,False,3.0399999618530273,False,,False,0.0,,https://s3.amazonaws.com/garmin-connect-prod/profile_images/6dd3e63b-1cf6-47dd-a308-0af6c5311562-prfr.png,False,,,"[""SCOPE_ATP_READ"", ""SCOPE_COMMUNITY_COURSE_ADMIN_READ"", ""SCOPE_GCX_KID_WRITE"", ""SCOPE_DT_ACTIVE_INTELLIGENCE_READ"", ""SCOPE_COMMUNITY_COURSE_WRITE"", ""SCOPE_GCX_KID_ADMIN_READ"", ""SCOPE_CONNECT_WEB_TEMPLATE_RENDER"", ""SCOPE_ACTIVITY_DETECTION_READ"", ""SCOPE_OMT_SUBSCRIPTION_ADMIN_READ"", ""SCOPE_DI_OAUTH_2_MANAGED_STATUS_ADMIN_WRITE"", ""SCOPE_CONNECT_READ"", ""SCOPE_GCX_PET_READ"", ""SCOPE_GOLF_API_READ"", ""SCOPE_DI_OAUTH_2_DEVICE_REVOCATION_WRITE"", ""SCOPE_GCX_PET_WRITE"", ""SCOPE_DI_OAUTH_2_CREATE_DI_USER"", ""SCOPE_DIVE_API_WRITE"", ""SCOPE_DIVE_API_READ"", ""SCOPE_DI_OAUTH_2_CLIENT_READ"", ""SCOPE_CONNECT_WRITE"", ""SCOPE_CONNECT_MCT_DAILY_LOG_READ"", ""SCOPE_CONNECT_API_CREATE_UPDATE_USER"", ""SCOPE_MESSAGE_GENERATION_READ"", ""SCOPE_DI_OAUTH_2_CLIENT_REVOCATION_ADMIN"", ""SCOPE_GCX_PET_ADMIN_READ"", ""SCOPE_CONNECT_NON_SOCIAL_SHARED_READ"", ""SCOPE_DI_OAUTH_2_PRERELEASE_PERMISSIONS_ADMIN_WRITE"", ""SCOPE_DI_OAUTH_2_TOKEN_ADMIN"", ""SCOPE_ATP_WRITE"", ""SCOPE_GCX_KID_READ"", ""ROLE_CONNECTUSER"", ""ROLE_FITNESS_USER"", ""ROLE_WELLNESS_USER"", ""ROLE_GARMIN_USER"", ""ROLE_GCM_USER""]",,,138.0,,False,2026-09-29 10:23:38,,0.10000000149011612,False,0.7260000109672546,92.0,https://s3.amazonaws.com/garmin-connect-prod/profile_images/6dd3e63b-1cf6-47dd-a308-0af6c5311562-prth.png,26.001,6885.41796875,806.0,False,,11,False,https://s3.amazonaws.com/garmin-connect-prod/profile_images/6dd3e63b-1cf6-47dd-a308-0af6c5311562-prof.png,6.825587432831526,True,17,218.0,-11,RECOVERY_5,,,10,4d294da0-1d36-44c4-a103-1eeaab5f58df,384.3999938964844,46.0,False,False,[],walking,False,False,59.421875,12.2967529296875,,228.0,False,165.0,False,False,,1718.966,5000.81005859375,False,NO_ANAEROBIC_BENEFIT_0,False,4907.0,GARMIN,75.40394331223536,Macayla,False,9,289.87481854317184,238.0,f42a5742-511b-4839-8da1-bf725dbf9077,228.0,347.018,2.3420000076293945,124,uncategorized,,,61.66328921914101,False,,,False,,7617.451171875,subscribers,False,2026-09-29 08:16:41,False,RECOVERY,,32,Stryn,,6,[],8420,1790669801000,Stryn Walking,0.8999999761581421,2026-09-29 10:16:41,,,,393.0,24539659667,False,False,,6.8233398254960775,3624601887,True,3,0.70001220703125,168.1999969482422,9,,143088564,False,,False,61.66398726403713,False,230.0
3,False,2.375999927520752,False,,False,0.0,,https://s3.amazonaws.com/garmin-connect-prod/profile_images/6dd3e63b-1cf6-47dd-a308-0af6c5311562-prfr.png,False,9.75,20.658,"[""SCOPE_ATP_READ"", ""SCOPE_COMMUNITY_COURSE_ADMIN_READ"", ""SCOPE_GCX_KID_WRITE"", ""SCOPE_DT_ACTIVE_INTELLIGENCE_READ"", ""SCOPE_COMMUNITY_COURSE_WRITE"", ""SCOPE_GCX_KID_ADMIN_READ"", ""SCOPE_CONNECT_WEB_TEMPLATE_RENDER"", ""SCOPE_ACTIVITY_DETECTION_READ"", ""SCOPE_OMT_SUBSCRIPTION_ADMIN_READ"", ""SCOPE_DI_OAUTH_2_MANAGED_STATUS_ADMIN_WRITE"", ""SCOPE_CONNECT_READ"", ""SCOPE_GCX_PET_READ"", ""SCOPE_GOLF_API_READ"", ""SCOPE_DI_OAUTH_2_DEVICE_REVOCATION_WRITE"", ""SCOPE_GCX_PET_WRITE"", ""SCOPE_DI_OAUTH_2_CREATE_DI_USER"", ""SCOPE_DIVE_API_WRITE"", ""SCOPE_DIVE_API_READ"", ""SCOPE_DI_OAUTH_2_CLIENT_READ"", ""SCOPE_CONNECT_WRITE"", ""SCOPE_CONNECT_MCT_DAILY_LOG_READ"", ""SCOPE_CONNECT_API_CREATE_UPDATE_USER"", ""SCOPE_MESSAGE_GENERATION_READ"", ""SCOPE_DI_OAUTH_2_CLIENT_REVOCATION_ADMIN"", ""SCOPE_GCX_PET_ADMIN_READ"", ""SCOPE_CONNECT_NON_SOCIAL_SHARED_READ"", ""SCOPE_DI_OAUTH_2_PRERELEASE_PERMISSIONS_ADMIN_WRITE"", ""SCOPE_DI_OAUTH_2_TOKEN_ADMIN"", ""SCOPE_ATP_WRITE"", ""SCOPE_GCX_KID_READ"", ""ROLE_CONNECTUSER"", ""ROLE_FITNESS_USER"", ""ROLE_WELLNESS_USER"", ""ROLE_GARMIN_USER"", ""ROLE_GCM_USER""]",125.979,,32.0,,False,2026-09-27 09:32:25,293.6000061035156,0.0,False,2.5290000438690186,154.0,https://s3.amazonaws.com/garmin-connect-prod/profile_images/6dd3e63b-1cf6-47dd-a308-0af6c5311562-prth.png,550.618,1585.0240478515625,440.0,False,,1,True,https://s3.amazonaws.com/garmin-connect-prod/profile_images/6dd3e63b-1cf6-47dd-a308-0af6c5311562-prof.png,,False,1,,-5,IMPROVING_AEROBIC_BASE_8,,,10,4d294da0-1d36-44c4-a103-1eeaab5f58df,,,False,False,[],treadmill_running,False,False,156.5,87.24777221679688,998.977,165.0,False,173.0,False,False,236.0,41.001,4008.5400390625,False,NO_ANAEROBIC_BENEFIT_0,False,1579.6059875488281,GARMIN,97.14000244140625,Macayla,False,9,,,53a707fe-c6b8-48c5-b466-dcda8d1b34aa,165.0,231.0,3.7790000438690186,163,uncategorized,,,,False,396.979,370.0,False,,1585.0240478515625,subscribers,False,2026-09-27 09:06:00,False,AEROBIC_BASE,231.0,1,,,5,"[{""noOfSplits"": 1, ""duration"": 1576.9720458984375, ""splitType"": ""RWD_RUN"", ""maxDistance"": 4005, ""maxDistanceWithPrecision"": 4005.5, ""distance"": 4005.5, ""averageSpeed"": 2.5399999618530273, ""maxSpeed"": 3.7790000438690186, ""avgStepFrequency"": 156.859375, ""avgStepLength"": 0.9714000244140625, ""verticalRatio"": 9.75, ""verticalOscillation"": 9.419999694824218, ""avgGroundContactTime"": 293.6000061035156}, {""noOfSplits"": 1, ""duration"": 1585.0240478515625, ""splitType"": ""INTERVAL_ACTIVE"", ""maxDistance"": 4008, ""maxDistanceWithPrecision"": 4008.5400390625, ""distance"": 4008.5400390625, ""averageSpeed"": 2.5290000438690186, ""maxSpeed"": 3.7790000438690186, ""avgStepFrequency"": 156.5, ""avgStepLength"": 0.9714000244140625, ""verticalRatio"": 9.75, ""verticalOscillation"": 9.40999984741211, ""avgGroundContactTime"": 293.6000061035156}, {""noOfSplits"": 6, ""duration"": 8.00100040435791, ""splitType"": ""RWD_WALK"", ""maxDistance"": 3, ""maxDistanceWithPrecision"": 3.0399999618530273, ""distance"": 3.0399999618530273, ""averageSpeed"": 0.3799999952316284, ""maxSpeed"": 1.3899999856948853, ""avgStepFrequency"": 84.0, ""verticalOscillation"": 5.170000076293945}]",4120,1790499960000,Treadmill Running,3.0999999046325684,2026-09-27 09:06:00,,3.999,,259.0,24514442917,False,False,,,3624601887,True,23,,,18,9.40999984741211,143088564,False,,False,,False,748.973
3,False,2.3410000801086426,False,2.5759999752044673,False,0.0,,https://s3.amazonaws.com/garmin-connect-prod/profile_images/6dd3e63b-1cf6-47dd-a308-0af6c5311562-prfr.png,False,9.619999885559082,109.003,"[""SCOPE_ATP_READ"", ""SCOPE_COMMUNITY_COURSE_ADMIN_READ"", ""SCOPE_GCX_KID_WRITE"", ""SCOPE_DT_ACTIVE_INTELLIGENCE_READ"", ""SCOPE_COMMUNITY_COURSE_WRITE"", ""SCOPE_GCX_KID_ADMIN_READ"", ""SCOPE_CONNECT_WEB_TEMPLATE_RENDER"", ""SCOPE_ACTIVITY_DETECTION_READ"", ""SCOPE_OMT_SUBSCRIPTION_ADMIN_READ"", ""SCOPE_DI_OAUTH_2_MANAGED_STATUS_ADMIN_WRITE"", ""SCOPE_CONNECT_READ"", ""SCOPE_GCX_PET_READ"", ""SCOPE_GOLF_API_READ"", ""SCOPE_DI_OAUTH_2_DEVICE_REVOCATION_WRITE"", ""SCOPE_GCX_PET_WRITE"", ""SCOPE_DI_OAUTH_2_CREATE_DI_USER"", ""SCOPE_DIVE_API_WRITE"", ""SCOPE_DIVE_API_READ"", ""SCOPE_DI_OAUTH_2_CLIENT_READ"", ""SCOPE_CONNECT_WRITE"", ""SCOPE_CONNECT_MCT_DAILY_LOG_READ"", ""SCOPE_CONNECT_API_CREATE_UPDATE_USER"", ""SCOPE_MESSAGE_GENERATION_READ"", ""SCOPE_DI_OAUTH_2_CLIENT_REVOCATION_ADMIN"", ""SCOPE_GCX_PET_ADMIN_READ"", ""SCOPE_CONNECT_NON_SOCIAL_SHARED_READ"", ""SCOPE_DI_OAUTH_2_PRERELEASE_PERMISSIONS_ADMIN_WRITE"", ""SCOPE_DI_OAUTH_2_TOKEN_ADMIN"", ""SCOPE_ATP_WRITE"", ""SCOPE_GCX_KID_READ"", ""ROLE_CONNECTUSER"", ""ROLE_FITNESS_USER"", ""ROLE_WELLNESS_USER"", ""ROLE_GARMIN_USER"", ""ROLE_GCM_USER""]",680.451,,32.0,618.5759887695312,False,2026-09-24 08:37:31,284.6000061035156,0.0,False,2.5280001163482666,158.0,https://s3.amazonaws.com/garmin-connect-prod/profile_images/6dd3e63b-1cf6-47dd-a308-0af6c5311562-prth.png,938.433,1585.115966796875,393.0,False,,1,True,https://s3.amazonaws.com/garmin-connect-prod/profile_images/6dd3e63b-1cf6-47dd-a308-0af6c5311562-prof.png,-3.0133788473904133,True,17,33.0,-7,IMPROVING_AEROBIC_BASE_8,384.052001953125,,10,4d294da0-1d36-44c4-a103-1eeaab5f58df,37.599998474121094,46.0,False,False,[],running,False,False,160.984375,95.66276550292969,346.996,170.0,False,174.0,False,False,261.0,25.999,4007.179931640625,False,NO_ANAEROBIC_BENEFIT_0,False,1583.7210083007812,GARMIN,94.34000244140626,Macayla,False,9,26.89627758832384,42.0,3a8ae707-6ee4-4857-8814-30d7333840b5,170.0,135.998,2.697000026702881,159,uncategorized,,,53.36130657233298,False,352.936,434.0,False,,1585.115966796875,subscribers,False,2026-09-24 08:11:06,False,AEROBIC_BASE,251.0,1,Wirral,,5,"[{""noOfSplits"": 1, ""totalAscent"": 42.0, ""duration"": 1585.115966796875, ""splitType"": ""INTERVAL_ACTIVE"", ""maxElevationGain"": 42.0, ""averageElevationGain"": 42.0, ""maxDistance"": 4006, ""maxDistanceWithPrecision"": 4006.43994140625, ""distance"": 4007.1298828125, ""averageSpeed"": 2.5280001163482666, ""maxSpeed"": 2.697000026702881, ""elevationLoss"": 33.0, ""avgStepFrequency"": 160.96875, ""avgStepLength"": 0.9434000244140626, ""verticalRatio"": 9.619999885559082, ""verticalOscillation"": 9.05999984741211, ""avgGroundContactTime"": 284.6000061035156}, {""noOfSplits"": 1, ""totalAscent"": 0.0, ""duration"": 8.001999855041504, ""splitType"": ""RWD_WALK"", ""maxElevationGain"": 0.0, ""averageElevationGain"": 0.0, ""maxDistance"": 9, ""maxDistanceWithPrecision"": 9.5600004196167, ""distance"": 9.5600004196167, ""averageSpeed"": 1.1950000524520874, ""maxSpeed"": 1.5870000123977661, ""elevationLoss"": 0.0, ""avgStepFrequency"": 40.125, ""avgStepLength"": 0.7390000000000001, ""verticalRatio"": 7.829999923706055, ""verticalOscillation"": 5.429999923706055}, {""noOfSplits"": 1, ""totalAscent"": 42.0, ""duration"": 1576.7919921875, ""splitType"": ""RWD_RUN"", ""maxElevationGain"": 42.0, ""averageElevationGain"": 42.0, ""maxDistance"": 3996, ""maxDistanceWithPrecision"": 3996.8798828125, ""distance"": 3997.570068359375, ""averageSpeed"": 2.5350000858306885, ""maxSpeed"": 2.697000026702881, ""elevationLoss"": 33.0, ""avgStepFrequency"": 161.578125, ""avgStepLength"": 0.9435999755859377, ""verticalRatio"": 9.619999885559082, ""verticalOscillation"": 9.069999694824219, ""avgGroundContactTime"": 284.6000061035156}]",4252,1790237466000,Wirral Running,3.200000047683716,2026-09-24 09:11:06,,58.001,,269.0,24478880392,False,False,,-3.013147171586752,3624601887,True,24,0.6000003814697266,13.600000381469727,1,9.05999984741211,143088564,False,,False,53.361471612006426,False,467.958
3,False,1549.3990478515625,False,0.30300000309944153,False,1546.961,,https://s3.amazonaws.com/garmin-connect-prod/profile_images/6dd3e63b-1cf6-47dd-a308-0af6c5311562-prfr.png,False,9.960000038146973,0.0,"[""SCOPE_ATP_READ"", ""SCOPE_COMMUNITY_COURSE_ADMIN_READ"", ""SCOPE_GCX_KID_WRITE"", ""SCOPE_DT_ACTIVE_INTELLIGENCE_READ"", ""SCOPE_COMMUNITY_COURSE_WRITE"", ""SCOPE_GCX_KID_ADMIN_READ"", ""SCOPE_CONNECT_WEB_TEMPLATE_RENDER"", ""SCOPE_ACTIVITY_DETECTION_READ"", ""SCOPE_OMT_SUBSCRIPTION_ADMIN_READ"", ""SCOPE_DI_OAUTH_2_MANAGED_STATUS_ADMIN_WRITE"", ""SCOPE_CONNECT_READ"", ""SCOPE_GCX_PET_READ"", ""SCOPE_GOLF_API_READ"", ""SCOPE_DI_OAUTH_2_DEVICE_REVOCATION_WRITE"", ""SCOPE_GCX_PET_WRITE"", ""SCOPE_DI_OAUTH_2_CREATE_DI_USER"", ""SCOPE_DIVE_API_WRITE"", ""SCOPE_DIVE_API_READ"", ""SCOPE_DI_OAUTH_2_CLIENT_READ"", ""SCOPE_CONNECT_WRITE"", ""SCOPE_CONNECT_MCT_DAILY_LOG_READ"", ""SCOPE_CONNECT_API_CREATE_UPDATE_USER"", ""SCOPE_MESSAGE_GENERATION_READ"", ""SCOPE_DI_OAUTH_2_CLIENT_REVOCATION_ADMIN"", ""SCOPE_GCX_PET_ADMIN_READ"", ""SCOPE_CONNECT_NON_SOCIAL_SHARED_READ"", ""SCOPE_DI_OAUTH_2_PRERELEASE_PERMISSIONS_ADMIN_WRITE"", ""SCOPE_DI_OAUTH_2_TOKEN_ADMIN"", ""SCOPE_ATP_WRITE"", ""SCOPE_GCX_KID_READ"", ""ROLE_CONNECTUSER"", ""ROLE_FITNESS_USER"", ""ROLE_WELLNESS_USER"", ""ROLE_GARMIN_USER"", ""ROLE_GCM_USER""]",8.993,,69.0,2958.094970703125,False,2026-09-22 19:35:17,303.5,3.0999999046325684,False,0.5350000262260437,173.0,https://s3.amazonaws.com/garmin-connect-prod/profile_images/6dd3e63b-1cf6-47dd-a308-0af6c5311562-prth.png,1145.015,3441.5009765625,65.0,False,,1,True,https://s3.amazonaws.com/garmin-connect-prod/profile_images/6dd3e63b-1cf6-47dd-a308-0af6c5311562-prof.png,-3.0932270362973213,True,17,19.0,-14,HIGHLY_IMPROVING_VO2_MAX_16,1848.594970703125,,10,4d294da0-1d36-44c4-a103-1eeaab5f58df,8.0,,False,False,[],running,False,False,26.015625,323.8274230957031,33.003,242.0,False,198.0,False,False,40.0,50.001,1839.6500244140625,False,IMPROVING_ANAEROBIC_BASE_2,False,881.0,GARMIN,67.07000122070313,Macayla,False,9,-3.1484883680289912,6.0,dddd00d8-1764-429d-88bd-61a82fb2c798,242.0,176.984,2.668999910354614,159,uncategorized,,,53.4118077903986,False,0.0,258.0,False,,3612.634033203125,subscribers,False,2026-09-22 18:35:05,False,VO2MAX,14.0,8,Wirral,,2,"[{""noOfSplits"": 102, ""totalAscent"": 300.0, ""duration"": 1195.2340087890625, ""splitType"": ""RWD_WALK"", ""maxElevationGain"": 100.0, ""averageElevationGain"": 0.0, ""maxDistance"": 98, ""maxDistanceWithPrecision"": 98.45999908447266, ""distance"": 713.6300048828125, ""averageSpeed"": 0.597000002861023, ""maxSpeed"": 1.8380000591278076, ""elevationLoss"": 16.0, ""avgStepFrequency"": 39.21875, ""avgStepLength"": 0.7352999877929688, ""verticalRatio"": 8.1899995803833, ""verticalOscillation"": 5.379999923706055, ""avgGroundContactTime"": 428.70001220703125}, {""noOfSplits"": 45, ""totalAscent"": 300.0, ""duration"": 520.0020141601562, ""splitType"": ""RWD_RUN"", ""maxElevationGain"": 100.0, ""averageElevationGain"": 0.0, ""maxDistance"": 22, ""maxDistanceWithPrecision"": 22.270000457763672, ""distance"": 306.6300048828125, ""averageSpeed"": 0.5899999737739563, ""maxSpeed"": 2.6689999103546143, ""elevationLoss"": 3.0, ""avgStepFrequency"": 86.9375, ""avgStepLength"": 0.6475, ""verticalRatio"": 10.600000381469727, ""verticalOscillation"": 5.70999984741211, ""avgGroundContactTime"": 295.29998779296875}, {""noOfSplits"": 109, ""totalAscent"": 0.0, ""duration"": 1726.2320556640625, ""splitType"": ""RWD_STAND"", ""maxElevationGain"": 0.0, ""averageElevationGain"": 0.0, ""maxDistance"": 58, ""maxDistanceWithPrecision"": 58.02000045776367, ""distance"": 822.3099975585938, ""averageSpeed"": 0.47600001096725464, ""maxSpeed"": 1.0360000133514404, ""elevationLoss"": 0.0, ""avgStepFrequency"": 8.78125}, {""noOfSplits"": 1, ""totalAscent"": 600.0, ""duration"": 3441.5009765625, ""splitType"": ""INTERVAL_ACTIVE"", ""maxElevationGain"": 600.0, ""averageElevationGain"": 600.0, ""maxDistance"": 1839, ""maxDistanceWithPrecision"": 1839.489990234375, ""distance"": 1839.6500244140625, ""averageSpeed"": 0.5350000262260437, ""maxSpeed"": 2.6689999103546143, ""elevationLoss"": 19.0, ""avgStepFrequency"": 26.0, ""avgStepLength"": 0.6707000122070313, ""verticalRatio"": 9.960000038146973, ""verticalOscillation"": 5.529999923706055, ""avgGroundContactTime"": 303.5}]",3326,1790102105000,Wirral Running,4.900000095367432,2026-09-22 19:35:05,,0.0,,586.0,24461160942,False,False,COMPLETE,-3.0957147013396025,3624601887,True,47,0.40000009536743164,-7.0,1,5.529999923706055,143088564,False,,False,53.412092104554176,False,512.035
3,False,3.5810000896453857,False,,False,0.0,,https://s3.amazonaws.com/garmin-connect-prod/profile_images/6dd3e63b-1cf6-47dd-a308-0af6c5311562-prfr.png,False,9.960000038146973,6.0,"[""SCOPE_ATP_READ"", ""SCOPE_COMMUNITY_COURSE_ADMIN_READ"", ""SCOPE_GCX_KID_WRITE"", ""SCOPE_DT_ACTIVE_INTELLIGENCE_READ"", ""SCOPE_COMMUNITY_COURSE_WRITE"", ""SCOPE_GCX_KID_ADMIN_READ"", ""SCOPE_CONNECT_WEB_TEMPLATE_RENDER"", ""SCOPE_ACTIVITY_DETECTION_READ"", ""SCOPE_OMT_SUBSCRIPTION_ADMIN_READ"", ""SCOPE_DI_OAUTH_2_MANAGED_STATUS_ADMIN_WRITE"", ""SCOPE_CONNECT_READ"", ""SCOPE_GCX_PET_READ"", ""SCOPE_GOLF_API_READ"", ""SCOPE_DI_OAUTH_2_DEVICE_REVOCATION_WRITE"", ""SCOPE_GCX_PET_WRITE"", ""SCOPE_DI_OAUTH_2_CREATE_DI_USER"", ""SCOPE_DIVE_API_WRITE"", ""SCOPE_DIVE_API_READ"", ""SCOPE_DI_OAUTH_2_CLIENT_READ"", ""SCOPE_CONNECT_WRITE"", ""SCOPE_CONNECT_MCT_DAILY_LOG_READ"", ""SCOPE_CONNECT_API_CREATE_UPDATE_USER"", ""SCOPE_MESSAGE_GENERATION_READ"", ""SCOPE_DI_OAUTH_2_CLIENT_REVOCATION_ADMIN"", ""SCOPE_GCX_PET_ADMIN_READ"", ""SCOPE_CONNECT_NON_SOCIAL_SHARED_READ"", ""SCOPE_DI_OAUTH_2_PRERELEASE_PERMISSIONS_ADMIN_WRITE"", ""SCOPE_DI_OAUTH_2_TOKEN_ADMIN"", ""SCOPE_ATP_WRITE"", ""SCOPE_GCX_KID_READ"", ""ROLE_CONNECTUSER"", ""ROLE_FITNESS_USER"", ""ROLE_WELLNESS_USER"", ""ROLE_GARMIN_USER"", ""ROLE_GCM_USER""]",880.162,,82.0,,False,2026-09-20 19:10:54,303.6000061035156,0.0,False,2.437000036239624,150.0,https://s3.amazonaws.com/garmin-connect-prod/profile_images/6dd3e63b-1cf6-47dd-a308-0af6c5311562-prth.png,57.001,4108.923828125,1066.0,False,,1,True,https://s3.amazonaws.com/garmin-connect-prod/profile_images/6dd3e63b-1cf6-47dd-a308-0af6c5311562-prof.png,,False,1,,-11,IMPROVING_AEROBIC_BASE_8,,,10,4d294da0-1d36-44c4-a103-1eeaab5f58df,,,False,False,[],treadmill_running,False,False,152.3125,100.0614013671875,2797.818,158.0,False,169.0,False,False,227.0,29.0,10012.3203125,False,NO_ANAEROBIC_BENEFIT_0,False,4095.947967529297,GARMIN,96.05000000000001,Macayla,False,9,,,a69cf220-4c10-4193-9b12-699492ac59ad,158.0,427.983,3.190999984741211,159,uncategorized,,,,False,389.96,314.0,False,4108.923828125,4111.0029296875,subscribers,False,2026-09-20 18:02:23,False,AEROBIC_BASE,224.0,2,,,11,"[{""noOfSplits"": 1, ""duration"": 4108.923828125, ""splitType"": ""INTERVAL_ACTIVE"", ""maxDistance"": 10012, ""maxDistanceWithPrecision"": 10012.330078125, ""distance"": 10012.330078125, ""averageSpeed"": 2.437000036239624, ""maxSpeed"": 3.190999984741211, ""avgStepFrequency"": 152.3125, ""avgStepLength"": 0.9605000000000001, ""verticalRatio"": 9.960000038146973, ""verticalOscillation"": 9.540000152587892, ""avgGroundContactTime"": 303.6000061035156}, {""noOfSplits"": 5, ""duration"": 17.000999450683594, ""splitType"": ""RWD_WALK"", ""maxDistance"": 2, ""maxDistanceWithPrecision"": 2.619999885559082, ""distance"": 2.619999885559082, ""averageSpeed"": 0.15399999916553497, ""maxSpeed"": 0.9139999747276306, ""avgStepFrequency"": 63.515625, ""verticalOscillation"": 5.25999984741211}, {""noOfSplits"": 1, ""duration"": 4091.89697265625, ""splitType"": ""RWD_RUN"", ""maxDistance"": 10009, ""maxDistanceWithPrecision"": 10009.7099609375, ""distance"": 10009.7099609375, ""averageSpeed"": 2.446000099182129, ""maxSpeed"": 3.190999984741211, ""avgStepFrequency"": 152.671875, ""avgStepLength"": 0.9605000000000001, ""verticalRatio"": 9.960000038146973, ""verticalOscillation"": 9.55, ""avgGroundContactTime"": 303.6000061035156}]",10336,1789927343000,Treadmill Running,3.299999952316284,2026-09-20 19:02:23,,0.0,,601.0,24436528579,False,False,,,3624601887,True,65,,,18,9.540000152587892,143088564,False,,False,,False,3577.955
3,False,1987.3399658203125,False,0.2290000021457672,False,340.998,,https://s3.amazonaws.com/garmin-connect-prod/profile_images/6dd3e63b-1cf6-47dd-a308-0af6c5311562-prfr.png,False,9.479999542236328,0.0,"[""SCOPE_ATP_READ"", ""SCOPE_COMMUNITY_COURSE_ADMIN_READ"", ""SCOPE_GCX_KID_WRITE"", ""SCOPE_DT_ACTIVE_INTELLIGENCE_READ"", ""SCOPE_COMMUNITY_COURSE_WRITE"", ""SCOPE_GCX_KID_ADMIN_READ"", ""SCOPE_CONNECT_WEB_TEMPLATE_RENDER"", ""SCOPE_ACTIVITY_DETECTION_READ"", ""SCOPE_OMT_SUBSCRIPTION_ADMIN_READ"", ""SCOPE_DI_OAUTH_2_MANAGED_STATUS_ADMIN_WRITE"", ""SCOPE_CONNECT_READ"", ""SCOPE_GCX_PET_READ"", ""SCOPE_GOLF_API_READ"", ""SCOPE_DI_OAUTH_2_DEVICE_REVOCATION_WRITE"", ""SCOPE_GCX_PET_WRITE"", ""SCOPE_DI_OAUTH_2_CREATE_DI_USER"", ""SCOPE_DIVE_API_WRITE"", ""SCOPE_DIVE_API_READ"", ""SCOPE_DI_OAUTH_2_CLIENT_READ"", ""SCOPE_CONNECT_WRITE"", ""SCOPE_CONNECT_MCT_DAILY_LOG_READ"", ""SCOPE_CONNECT_API_CREATE_UPDATE_USER"", ""SCOPE_MESSAGE_GENERATION_READ"", ""SCOPE_DI_OAUTH_2_CLIENT_REVOCATION_ADMIN"", ""SCOPE_GCX_PET_ADMIN_READ"", ""SCOPE_CONNECT_NON_SOCIAL_SHARED_READ"", ""SCOPE_DI_OAUTH_2_PRERELEASE_PERMISSIONS_ADMIN_WRITE"", ""SCOPE_DI_OAUTH_2_TOKEN_ADMIN"", ""SCOPE_ATP_WRITE"", ""SCOPE_GCX_KID_READ"", ""ROLE_CONNECTUSER"", ""ROLE_FITNESS_USER"", ""ROLE_WELLNESS_USER"", ""ROLE_GARMIN_USER"", ""ROLE_GCM_USER""]",1.999,,40.0,,False,2026-09-20 15:29:42,321.70001220703125,2.0999999046325684,False,0.4740000069141388,145.0,https://s3.amazonaws.com/garmin-connect-prod/profile_images/6dd3e63b-1cf6-47dd-a308-0af6c5311562-prth.png,506.516,1987.3399658203125,27.0,False,,1,True,https://s3.amazonaws.com/garmin-connect-prod/profile_images/6dd3e63b-1cf6-47dd-a308-0af6c5311562-prof.png,-3.0935143679380417,True,17,20.0,-5,IMPROVING_AEROBIC_BASE_8,,,10,4d294da0-1d36-44c4-a103-1eeaab5f58df,11.199999809265137,,False,False,[],running,False,False,21.21875,105.06663513183594,11.001,250.0,False,192.0,False,False,46.0,146.0,941.8200073242188,False,MAINTAINING_ANAEROBIC_BASE_1,False,349.0,GARMIN,74.12999877929688,Macayla,False,9,-0.09813788542209947,4.0,af0bf10c-831b-454b-81e4-b793bc1ae1c7,250.0,364.993,2.500999927520752,159,uncategorized,,,53.41199495829642,False,0.0,233.0,False,,1987.3399658203125,subscribers,False,2026-09-20 14:56:35,False,AEROBIC_BASE,11.0,9,Wirral,,1,"[{""noOfSplits"": 99, ""totalAscent"": 0.0, ""duration"": 1017.3829956054688, ""splitType"": ""RWD_STAND"", ""maxElevationGain"": 0.0, ""averageElevationGain"": 0.0, ""maxDistance"": 61, ""maxDistanceWithPrecision"": 61.310001373291016, ""distance"": 408.6700134277344, ""averageSpeed"": 0.4020000100135803, ""maxSpeed"": 0.25200000405311584, ""elevationLoss"": 0.0, ""avgStepFrequency"": 6.28125}, {""noOfSplits"": 27, ""totalAscent"": 100.0, ""duration"": 207.0290069580078, ""splitType"": ""RWD_RUN"", ""maxElevationGain"": 100.0, ""averageElevationGain"": 0.0, ""maxDistance"": 21, ""maxDistanceWithPrecision"": 21.93000030517578, ""distance"": 129.4199981689453, ""averageSpeed"": 0.625, ""maxSpeed"": 2.500999927520752, ""elevationLoss"": 3.0, ""avgStepFrequency"": 91.828125, ""avgStepLength"": 0.7002999877929688, ""verticalRatio"": 9.960000038146973, ""verticalOscillation"": 5.5, ""avgGroundContactTime"": 311.29998779296875}, {""noOfSplits"": 96, ""totalAscent"": 300.0, ""duration"": 762.9849853515625, ""splitType"": ""RWD_WALK"", ""maxElevationGain"": 200.0, ""averageElevationGain"": 0.0, ""maxDistance"": 133, ""maxDistanceWithPrecision"": 133.22000122070312, ""distance"": 410.3800048828125, ""averageSpeed"": 0.5379999876022339, ""maxSpeed"": 2.0429999828338623, ""elevationLoss"": 17.0, ""avgStepFrequency"": 30.78125, ""avgStepLength"": 0.9202000122070314, ""verticalRatio"": 7.369999885559082, ""verticalOscillation"": 5.240000152587891, ""avgGroundContactTime"": 440.6000061035156}]",1604,1789916195000,Wirral Running,3.0999999046325684,2026-09-20 15:56:35,,0.0,,266.0,24435444842,False,False,COMPLETE,-3.093446306884289,3624601887,True,16,0.4000005722045899,-10.399999618530273,1,5.3599998474121096,143088564,False,,False,53.41214222833514,False,310.008
3,False,111.58699798583984,False,,False,0.0,,https://s3.amazonaws.com/garmin-connect-prod/profile_images/6dd3e63b-1cf6-47dd-a308-0af6c5311562-prfr.png,False,10.270000457763672,0.0,"[""SCOPE_ATP_READ"", ""SCOPE_COMMUNITY_COURSE_ADMIN_READ"", ""SCOPE_GCX_KID_WRITE"", ""SCOPE_DT_ACTIVE_INTELLIGENCE_READ"", ""SCOPE_COMMUNITY_COURSE_WRITE"", ""SCOPE_GCX_KID_ADMIN_READ"", ""SCOPE_CONNECT_WEB_TEMPLATE_RENDER"", ""SCOPE_ACTIVITY_DETECTION_READ"", ""SCOPE_OMT_SUBSCRIPTION_ADMIN_READ"", ""SCOPE_DI_OAUTH_2_MANAGED_STATUS_ADMIN_WRITE"", ""SCOPE_CONNECT_READ"", ""SCOPE_GCX_PET_READ"", ""SCOPE_GOLF_API_READ"", ""SCOPE_DI_OAUTH_2_DEVICE_REVOCATION_WRITE"", ""SCOPE_GCX_PET_WRITE"", ""SCOPE_DI_OAUTH_2_CREATE_DI_USER"", ""SCOPE_DIVE_API_WRITE"", ""SCOPE_DIVE_API_READ"", ""SCOPE_DI_OAUTH_2_CLIENT_READ"", ""SCOPE_CONNECT_WRITE"", ""SCOPE_CONNECT_MCT_DAILY_LOG_READ"", ""SCOPE_CONNECT_API_CREATE_UPDATE_USER"", ""SCOPE_MESSAGE_GENERATION_READ"", ""SCOPE_DI_OAUTH_2_CLIENT_REVOCATION_ADMIN"", ""SCOPE_GCX_PET_ADMIN_READ"", ""SCOPE_CONNECT_NON_SOCIAL_SHARED_READ"", ""SCOPE_DI_OAUTH_2_PRERELEASE_PERMISSIONS_ADMIN_WRITE"", ""SCOPE_DI_OAUTH_2_TOKEN_ADMIN"", ""SCOPE_ATP_WRITE"", ""SCOPE_GCX_KID_READ"", ""ROLE_CONNECTUSER"", ""ROLE_FITNESS_USER"", ""ROLE_WELLNESS_USER"", ""ROLE_GARMIN_USER"", ""ROLE_GCM_USER""]",91.982,,47.0,,False,2026-09-17 19:37:55,313.70001220703125,0.0,False,2.1589999198913574,140.0,https://s3.amazonaws.com/garmin-connect-prod/profile_images/6dd3e63b-1cf6-47dd-a308-0af6c5311562-prth.png,2.002,2325.468994140625,476.0,False,,1,True,https://s3.amazonaws.com/garmin-connect-prod/profile_images/6dd3e63b-1cf6-47dd-a308-0af6c5311562-prof.png,,False,1,,-6,MAINTAINING_AEROBIC_FITNESS_1,,,10,4d294da0-1d36-44c4-a103-1eeaab5f58df,,,False,False,[],treadmill_running,False,False,143.671875,60.70439147949219,2029.929,157.0,False,161.0,False,False,208.0,209.658,5021.7001953125,False,NO_ANAEROBIC_BENEFIT_0,False,2215.032012939453,GARMIN,90.59000244140626,Macayla,False,9,,,a8619b12-9bf2-4f83-9c2b-8f8352c81629,157.0,647.967,2.930000066757202,159,uncategorized,,,,False,33.002,286.0,False,,2325.468994140625,subscribers,False,2026-09-17 18:59:10,False,AEROBIC_BASE,199.0,6,,,6,"[{""noOfSplits"": 7, ""duration"": 36.45199966430664, ""splitType"": ""RWD_WALK"", ""maxDistance"": 4, ""maxDistanceWithPrecision"": 4.400000095367432, ""distance"": 4.400000095367432, ""averageSpeed"": 0.12099999934434891, ""maxSpeed"": 1.1480000019073486, ""avgStepFrequency"": 49.78125, ""verticalOscillation"": 5.279999923706055, ""avgGroundContactTime"": 427.0}, {""noOfSplits"": 7, ""duration"": 74.9990005493164, ""splitType"": ""RWD_STAND"", ""maxDistance"": 0, ""maxDistanceWithPrecision"": 0.0, ""distance"": 0.0, ""averageSpeed"": 0.0, ""maxSpeed"": 0.0, ""avgStepFrequency"": 13.5625}, {""noOfSplits"": 1, ""duration"": 2213.9990234375, ""splitType"": ""RWD_RUN"", ""maxDistance"": 5017, ""maxDistanceWithPrecision"": 5017.31005859375, ""distance"": 5017.31005859375, ""averageSpeed"": 2.2660000324249268, ""maxSpeed"": 2.930000066757202, ""avgStepFrequency"": 150.015625, ""avgStepLength"": 0.9059000244140626, ""verticalRatio"": 10.270000457763672, ""verticalOscillation"": 9.290000152587892, ""avgGroundContactTime"": 313.6000061035156}, {""noOfSplits"": 1, ""duration"": 2325.468994140625, ""splitType"": ""INTERVAL_ACTIVE"", ""maxDistance"": 5021, ""maxDistanceWithPrecision"": 5021.7099609375, ""distance"": 5021.7099609375, ""averageSpeed"": 2.1589999198913574, ""maxSpeed"": 2.930000066757202, ""avgStepFrequency"": 143.65625, ""avgStepLength"": 0.9059000244140626, ""verticalRatio"": 10.270000457763672, ""verticalOscillation"": 9.280000305175781, ""avgGroundContactTime"": 313.70001220703125}]",5538,1789671550000,Treadmill Running,2.700000047683716,2026-09-17 19:59:10,,0.0,2325.468994140625,316.0,24400448716,False,False,,,3624601887,True,31,,,18,9.280000305175781,143088564,False,,False,,False,1416.946
3,False,642.6400146484375,False,0.24400000274181366,False,0.0,,https://s3.amazonaws.com/garmin-connect-prod/profile_images/6dd3e63b-1cf6-47dd-a308-0af6c5311562-prfr.png,False,9.479999542236328,0.0,"[""SCOPE_ATP_READ"", ""SCOPE_COMMUNITY_COURSE_ADMIN_READ"", ""SCOPE_GCX_KID_WRITE"", ""SCOPE_DT_ACTIVE_INTELLIGENCE_READ"", ""SCOPE_COMMUNITY_COURSE_WRITE"", ""SCOPE_GCX_KID_ADMIN_READ"", ""SCOPE_CONNECT_WEB_TEMPLATE_RENDER"", ""SCOPE_ACTIVITY_DETECTION_READ"", ""SCOPE_OMT_SUBSCRIPTION_ADMIN_READ"", ""SCOPE_DI_OAUTH_2_MANAGED_STATUS_ADMIN_WRITE"", ""SCOPE_CONNECT_READ"", ""SCOPE_GCX_PET_READ"", ""SCOPE_GOLF_API_READ"", ""SCOPE_DI_OAUTH_2_DEVICE_REVOCATION_WRITE"", ""SCOPE_GCX_PET_WRITE"", ""SCOPE_DI_OAUTH_2_CREATE_DI_USER"", ""SCOPE_DIVE_API_WRITE"", ""SCOPE_DIVE_API_READ"", ""SCOPE_DI_OAUTH_2_CLIENT_READ"", ""SCOPE_CONNECT_WRITE"", ""SCOPE_CONNECT_MCT_DAILY_LOG_READ"", ""SCOPE_CONNECT_API_CREATE_UPDATE_USER"", ""SCOPE_MESSAGE_GENERATION_READ"", ""SCOPE_DI_OAUTH_2_CLIENT_REVOCATION_ADMIN"", ""SCOPE_GCX_PET_ADMIN_READ"", ""SCOPE_CONNECT_NON_SOCIAL_SHARED_READ"", ""SCOPE_DI_OAUTH_2_PRERELEASE_PERMISSIONS_ADMIN_WRITE"", ""SCOPE_DI_OAUTH_2_TOKEN_ADMIN"", ""SCOPE_ATP_WRITE"", ""SCOPE_GCX_KID_READ"", ""ROLE_CONNECTUSER"", ""ROLE_FITNESS_USER"", ""ROLE_WELLNESS_USER"", ""ROLE_GARMIN_USER"", ""ROLE_GCM_USER""]",7.003,,106.0,3198.51611328125,False,2026-09-15 19:34:41,318.6000061035156,1.399999976158142,False,0.44200000166893005,124.0,https://s3.amazonaws.com/garmin-connect-prod/profile_images/6dd3e63b-1cf6-47dd-a308-0af6c5311562-prth.png,390.991,5284.34423828125,70.0,False,,1,True,https://s3.amazonaws.com/garmin-connect-prod/profile_images/6dd3e63b-1cf6-47dd-a308-0af6c5311562-prof.png,-3.0932446382939816,True,17,26.0,-8,MAINTAINING_AEROBIC_BASE_7,1948.9310302734375,,10,4d294da0-1d36-44c4-a103-1eeaab5f58df,7.0,,False,False,[],running,False,False,18.90625,71.126220703125,30.996,250.0,False,174.0,False,False,34.0,2389.674,2334.030029296875,False,MINOR_ANAEROBIC_BENEFIT_15,False,943.0,GARMIN,71.82000122070313,Macayla,False,9,-7.809424693925331,8.0,624e8592-66ef-4a1d-98bf-3937b8682c66,250.0,1367.989,2.4260001182556152,159,uncategorized,,,53.41201415285468,False,0.0,251.0,False,,5324.40283203125,subscribers,False,2026-09-15 18:05:57,False,AEROBIC_BASE,10.0,24,Wirral,,3,"[{""noOfSplits"": 1, ""totalAscent"": 800.0, ""duration"": 5284.34423828125, ""splitType"": ""INTERVAL_ACTIVE"", ""maxElevationGain"": 800.0, ""averageElevationGain"": 800.0, ""maxDistance"": 2333, ""maxDistanceWithPrecision"": 2333.75, ""distance"": 2334.0, ""averageSpeed"": 0.44200000166893005, ""maxSpeed"": 2.4260001182556152, ""elevationLoss"": 26.0, ""avgStepFrequency"": 18.90625, ""avgStepLength"": 0.7182000122070313, ""verticalRatio"": 9.479999542236328, ""verticalOscillation"": 5.290000152587891, ""avgGroundContactTime"": 318.6000061035156}, {""noOfSplits"": 146, ""totalAscent"": 0.0, ""duration"": 2456.989013671875, ""splitType"": ""RWD_STAND"", ""maxElevationGain"": 0.0, ""averageElevationGain"": 0.0, ""maxDistance"": 59, ""maxDistanceWithPrecision"": 59.849998474121094, ""distance"": 898.9500122070312, ""averageSpeed"": 0.3659999966621399, ""maxSpeed"": 0.3449999988079071, ""elevationLoss"": 0.0, ""avgStepFrequency"": 8.78125}, {""noOfSplits"": 150, ""totalAscent"": 600.0, ""duration"": 2283.626953125, ""splitType"": ""RWD_WALK"", ""maxElevationGain"": 100.0, ""averageElevationGain"": 0.0, ""maxDistance"": 103, ""maxDistanceWithPrecision"": 103.9800033569336, ""distance"": 1166.9300537109375, ""averageSpeed"": 0.5109999775886536, ""maxSpeed"": 1.8569999933242798, ""elevationLoss"": 25.0, ""avgStepFrequency"": 29.8125, ""avgStepLength"": 0.7432999877929687, ""verticalRatio"": 8.109999656677246, ""verticalOscillation"": 5.190000152587891, ""avgGroundContactTime"": 453.5}, {""noOfSplits"": 59, ""totalAscent"": 200.0, ""duration"": 543.8590087890625, ""splitType"": ""RWD_RUN"", ""maxElevationGain"": 100.0, ""averageElevationGain"": 0.0, ""maxDistance"": 13, ""maxDistanceWithPrecision"": 13.199999809265137, ""distance"": 273.1499938964844, ""averageSpeed"": 0.5019999742507935, ""maxSpeed"": 2.4260001182556152, ""elevationLoss"": 1.0, ""avgStepFrequency"": 85.1875, ""avgStepLength"": 0.7049000244140625, ""verticalRatio"": 10.210000038146973, ""verticalOscillation"": 5.45, ""avgGroundContactTime"": 304.1000061035156}]",3724,1789495557000,Wirral Running,2.5999999046325684,2026-09-15 19:05:57,,0.0,,433.0,24376271027,False,False,COMPLETE,-3.0934773199260235,3624601887,True,20,0.4000005722045899,-14.800000190734863,1,5.290000152587891,143088564,False,,False,53.41214541345835,False,692.667
3,False,942.0449829101562,False,0.6280000209808348,False,104.002,,https://s3.amazonaws.com/garmin-connect-prod/profile_images/6dd3e63b-1cf6-47dd-a308-0af6c5311562-prfr.png,False,8.4399995803833,6.0,"[""SCOPE_ATP_READ"", ""SCOPE_COMMUNITY_COURSE_ADMIN_READ"", ""SCOPE_GCX_KID_WRITE"", ""SCOPE_DT_ACTIVE_INTELLIGENCE_READ"", ""SCOPE_COMMUNITY_COURSE_WRITE"", ""SCOPE_GCX_KID_ADMIN_READ"", ""SCOPE_CONNECT_WEB_TEMPLATE_RENDER"", ""SCOPE_ACTIVITY_DETECTION_READ"", ""SCOPE_OMT_SUBSCRIPTION_ADMIN_READ"", ""SCOPE_DI_OAUTH_2_MANAGED_STATUS_ADMIN_WRITE"", ""SCOPE_CONNECT_READ"", ""SCOPE_GCX_PET_READ"", ""SCOPE_GOLF_API_READ"", ""SCOPE_DI_OAUTH_2_DEVICE_REVOCATION_WRITE"", ""SCOPE_GCX_PET_WRITE"", ""SCOPE_DI_OAUTH_2_CREATE_DI_USER"", ""SCOPE_DIVE_API_WRITE"", ""SCOPE_DIVE_API_READ"", ""SCOPE_DI_OAUTH_2_CLIENT_READ"", ""SCOPE_CONNECT_WRITE"", ""SCOPE_CONNECT_MCT_DAILY_LOG_READ"", ""SCOPE_CONNECT_API_CREATE_UPDATE_USER"", ""SCOPE_MESSAGE_GENERATION_READ"", ""SCOPE_DI_OAUTH_2_CLIENT_REVOCATION_ADMIN"", ""SCOPE_GCX_PET_ADMIN_READ"", ""SCOPE_CONNECT_NON_SOCIAL_SHARED_READ"", ""SCOPE_DI_OAUTH_2_PRERELEASE_PERMISSIONS_ADMIN_WRITE"", ""SCOPE_DI_OAUTH_2_TOKEN_ADMIN"", ""SCOPE_ATP_WRITE"", ""SCOPE_GCX_KID_READ"", ""ROLE_CONNECTUSER"", ""ROLE_FITNESS_USER"", ""ROLE_WELLNESS_USER"", ""ROLE_GARMIN_USER"", ""ROLE_GCM_USER""]",1.999,,42.0,1950.8680419921875,False,2026-09-13 14:05:00,327.3999938964844,0.6000000238418579,False,0.7749999761581422,149.0,https://s3.amazonaws.com/garmin-connect-prod/profile_images/6dd3e63b-1cf6-47dd-a308-0af6c5311562-prth.png,664.978,2118.818115234375,47.0,False,,1,True,https://s3.amazonaws.com/garmin-connect-prod/profile_images/6dd3e63b-1cf6-47dd-a308-0af6c5311562-prof.png,-3.114051455631852,True,17,15.0,-6,MAINTAINING_AEROBIC_FITNESS_1,866.6500244140625,,10,4d294da0-1d36-44c4-a103-1eeaab5f58df,85.5999984741211,,False,False,[],running,False,False,19.25,77.99150085449219,11.0,235.0,False,185.0,False,False,40.0,161.392,1642.43994140625,False,NO_ANAEROBIC_BENEFIT_0,False,1013.0,GARMIN,83.9,Macayla,False,9,74.86757910504775,11.0,62c40acb-b1f8-4fee-b66d-34e26d8b8888,235.0,620.998,3.927999973297119,159,uncategorized,,,53.34359787404537,False,0.998,323.0,False,,2118.818115234375,subscribers,False,2026-09-13 13:29:42,False,AEROBIC_BASE,15.0,6,Wirral,,2,"[{""noOfSplits"": 66, ""totalAscent"": 0.0, ""duration"": 851.0050048828125, ""splitType"": ""RWD_STAND"", ""maxElevationGain"": 0.0, ""averageElevationGain"": 0.0, ""maxDistance"": 14, ""maxDistanceWithPrecision"": 14.8100004196167, ""distance"": 308.3299865722656, ""averageSpeed"": 0.3619999885559082, ""maxSpeed"": 0.2750000059604645, ""elevationLoss"": 0.0, ""avgStepFrequency"": 4.046875}, {""noOfSplits"": 1, ""totalAscent"": 11.0, ""duration"": 2118.818115234375, ""splitType"": ""INTERVAL_ACTIVE"", ""maxElevationGain"": 11.0, ""averageElevationGain"": 11.0, ""maxDistance"": 1642, ""maxDistanceWithPrecision"": 1642.22998046875, ""distance"": 1642.43994140625, ""averageSpeed"": 0.7749999761581421, ""maxSpeed"": 3.927999973297119, ""elevationLoss"": 15.0, ""avgStepFrequency"": 19.234375, ""avgStepLength"": 0.8390000000000001, ""verticalRatio"": 8.4399995803833, ""verticalOscillation"": 6.1000000000000005, ""avgGroundContactTime"": 327.3999938964844}, {""noOfSplits"": 77, ""totalAscent"": 10.0, ""duration"": 971.7969970703125, ""splitType"": ""RWD_WALK"", ""maxElevationGain"": 2.0, ""averageElevationGain"": 0.0, ""maxDistance"": 165, ""maxDistanceWithPrecision"": 165.77000427246094, ""distance"": 966.0399780273438, ""averageSpeed"": 0.9940000176429749, ""maxSpeed"": 2.2209999561309814, ""elevationLoss"": 13.0, ""avgStepFrequency"": 40.6875, ""avgStepLength"": 0.7782000122070314, ""verticalRatio"": 7.980000019073486, ""verticalOscillation"": 5.840000152587891, ""avgGroundContactTime"": 420.29998779296875}, {""noOfSplits"": 32, ""totalAscent"": 1.0, ""duration"": 295.99798583984375, ""splitType"": ""RWD_RUN"", ""maxElevationGain"": 1.0, ""averageElevationGain"": 0.0, ""maxDistance"": 30, ""maxDistanceWithPrecision"": 30.399999618530273, ""distance"": 370.6499938964844, ""averageSpeed"": 1.2519999742507935, ""maxSpeed"": 3.927999973297119, ""elevationLoss"": 2.0, ""avgStepFrequency"": 65.984375, ""avgStepLength"": 0.9382999877929689, ""verticalRatio"": 9.199999809265137, ""verticalOscillation"": 6.65, ""avgGroundContactTime"": 299.5}]",2128,1789306182000,Wirral Running,2.9000000953674316,2026-09-13 14:29:42,,0.0,,275.0,24347254981,False,False,,-3.113340837880969,3624601887,True,23,0.40000152587890625,70.19999694824219,1,6.1000000000000005,143088564,False,,False,53.34297786466777,False,545.001
3,False,181.8990020751953,False,2.2899999618530273,False,0.0,514024298,https://s3.amazonaws.com/garmin-connect-prod/profile_images/6dd3e63b-1cf6-47dd-a308-0af6c5311562-prfr.png,False,9.329999923706055,347.897,"[""SCOPE_ATP_READ"", ""SCOPE_COMMUNITY_COURSE_ADMIN_READ"", ""SCOPE_GCX_KID_WRITE"", ""SCOPE_DT_ACTIVE_INTELLIGENCE_READ"", ""SCOPE_COMMUNITY_COURSE_WRITE"", ""SCOPE_GCX_KID_ADMIN_READ"", ""SCOPE_CONNECT_WEB_TEMPLATE_RENDER"", ""SCOPE_ACTIVITY_DETECTION_READ"", ""SCOPE_OMT_SUBSCRIPTION_ADMIN_READ"", ""SCOPE_DI_OAUTH_2_MANAGED_STATUS_ADMIN_WRITE"", ""SCOPE_CONNECT_READ"", ""SCOPE_GCX_PET_READ"", ""SCOPE_GOLF_API_READ"", ""SCOPE_DI_OAUTH_2_DEVICE_REVOCATION_WRITE"", ""SCOPE_GCX_PET_WRITE"", ""SCOPE_DI_OAUTH_2_CREATE_DI_USER"", ""SCOPE_DIVE_API_WRITE"", ""SCOPE_DIVE_API_READ"", ""SCOPE_DI_OAUTH_2_CLIENT_READ"", ""SCOPE_CONNECT_WRITE"", ""SCOPE_CONNECT_MCT_DAILY_LOG_READ"", ""SCOPE_CONNECT_API_CREATE_UPDATE_USER"", ""SCOPE_MESSAGE_GENERATION_READ"", ""SCOPE_DI_OAUTH_2_CLIENT_REVOCATION_ADMIN"", ""SCOPE_GCX_PET_ADMIN_READ"", ""SCOPE_CONNECT_NON_SOCIAL_SHARED_READ"", ""SCOPE_DI_OAUTH_2_PRERELEASE_PERMISSIONS_ADMIN_WRITE"", ""SCOPE_DI_OAUTH_2_TOKEN_ADMIN"", ""SCOPE_ATP_WRITE"", ""SCOPE_GCX_KID_READ"", ""ROLE_CONNECTUSER"", ""ROLE_FITNESS_USER"", ""ROLE_WELLNESS_USER"", ""ROLE_GARMIN_USER"", ""ROLE_GCM_USER""]",822.065,,75.0,595.9600219726562,False,2026-09-12 15:51:43,300.20001220703125,0.0,False,2.2730000019073486,150.0,https://s3.amazonaws.com/garmin-connect-prod/profile_images/6dd3e63b-1cf6-47dd-a308-0af6c5311562-prth.png,1307.112,3737.074951171875,795.0,False,,1,True,https://s3.amazonaws.com/garmin-connect-prod/profile_images/6dd3e63b-1cf6-47dd-a308-0af6c5311562-prof.png,-3.013522932305932,True,17,118.0,-11,IMPROVING_AEROBIC_BASE_8,361.7030029296875,,10,4d294da0-1d36-44c4-a103-1eeaab5f58df,73.80000305175781,46.0,False,False,[],running,False,False,143.71875,110.00944519042969,849.538,243.0,False,178.0,False,False,239.0,241.068,8492.9404296875,False,NO_ANAEROBIC_BENEFIT_0,False,3732.114990234375,GARMIN,91.59000244140626,Macayla,False,9,43.991383465528806,111.0,16bfa6ae-eee0-4e9d-9eab-93d7be36cccd,243.0,717.891,2.9019999504089355,159,uncategorized,,,53.36158820427954,False,630.235,380.0,False,,3737.074951171875,subscribers,False,2026-09-12 14:49:26,False,AEROBIC_BASE,214.0,12,Wirral,,9,"[{""noOfSplits"": 72, ""totalAscent"": 31.0, ""duration"": 902.0070190429688, ""splitType"": ""RWD_WALK"", ""maxElevationGain"": 9.0, ""averageElevationGain"": 2.0, ""maxDistance"": 293, ""maxDistanceWithPrecision"": 293.9599914550781, ""distance"": 1433.4200439453125, ""averageSpeed"": 1.5889999866485596, ""maxSpeed"": 2.688999891281128, ""elevationLoss"": 36.0, ""avgStepFrequency"": 104.53125, ""avgStepLength"": 0.787, ""verticalRatio"": 7.980000019073486, ""verticalOscillation"": 6.270000076293946, ""avgGroundContactTime"": 446.70001220703125}, {""noOfSplits"": 22, ""totalAscent"": 80.0, ""duration"": 2834.008056640625, ""splitType"": ""RWD_RUN"", ""maxElevationGain"": 35.0, ""averageElevationGain"": 6.0, ""maxDistance"": 1666, ""maxDistanceWithPrecision"": 1666.1300048828125, ""distance"": 7058.2998046875, ""averageSpeed"": 2.490999937057495, ""maxSpeed"": 2.9019999504089355, ""elevationLoss"": 83.0, ""avgStepFrequency"": 156.328125, ""avgStepLength"": 0.9517000122070313, ""verticalRatio"": 9.699999809265137, ""verticalOscillation"": 9.219999694824219, ""avgGroundContactTime"": 291.0}, {""noOfSplits"": 60, ""totalAscent"": 0.0, ""duration"": 1.0, ""splitType"": ""RWD_STAND"", ""maxElevationGain"": 0.0, ""averageElevationGain"": 0.0, ""maxDistance"": 2, ""maxDistanceWithPrecision"": 2.2200000286102295, ""distance"": 2.2200000286102295, ""averageSpeed"": 2.2200000286102295, ""maxSpeed"": 0.8700000047683716, ""elevationLoss"": 0.0, ""avgStepFrequency"": 0.0}, {""noOfSplits"": 1, ""totalAscent"": 111.0, ""duration"": 3737.074951171875, ""splitType"": ""INTERVAL_ACTIVE"", ""maxElevationGain"": 111.0, ""averageElevationGain"": 111.0, ""maxDistance"": 8489, ""maxDistanceWithPrecision"": 8489.5302734375, ""distance"": 8492.6298828125, ""averageSpeed"": 2.2730000019073486, ""maxSpeed"": 2.9019999504089355, ""elevationLoss"": 118.0, ""avgStepFrequency"": 143.703125, ""avgStepLength"": 0.9159000244140626, ""verticalRatio"": 9.329999923706055, ""verticalOscillation"": 8.569999694824219, ""avgGroundContactTime"": 300.20001220703125}]",9170,1789224566000,Wirral Running,3.4000000953674316,2026-09-12 15:49:26,,140.128,2115.822998046875,547.0,24336587973,False,False,,-3.013489907607436,3624601887,True,47,0.8000030517578125,17.799999237060547,1,8.569999694824219,143088564,False,,False,53.36166481487453,False,1446.883
3,False,1793.802978515625,False,0.5289999842643738,False,351.999,,https://s3.amazonaws.com/garmin-connect-prod/profile_images/6dd3e63b-1cf6-47dd-a308-0af6c5311562-prfr.png,False,8.489999771118164,18.998,"[""SCOPE_ATP_READ"", ""SCOPE_COMMUNITY_COURSE_ADMIN_READ"", ""SCOPE_GCX_KID_WRITE"", ""SCOPE_DT_ACTIVE_INTELLIGENCE_READ"", ""SCOPE_COMMUNITY_COURSE_WRITE"", ""SCOPE_GCX_KID_ADMIN_READ"", ""SCOPE_CONNECT_WEB_TEMPLATE_RENDER"", ""SCOPE_ACTIVITY_DETECTION_READ"", ""SCOPE_OMT_SUBSCRIPTION_ADMIN_READ"", ""SCOPE_DI_OAUTH_2_MANAGED_STATUS_ADMIN_WRITE"", ""SCOPE_CONNECT_READ"", ""SCOPE_GCX_PET_READ"", ""SCOPE_GOLF_API_READ"", ""SCOPE_DI_OAUTH_2_DEVICE_REVOCATION_WRITE"", ""SCOPE_GCX_PET_WRITE"", ""SCOPE_DI_OAUTH_2_CREATE_DI_USER"", ""SCOPE_DIVE_API_WRITE"", ""SCOPE_DIVE_API_READ"", ""SCOPE_DI_OAUTH_2_CLIENT_READ"", ""SCOPE_CONNECT_WRITE"", ""SCOPE_CONNECT_MCT_DAILY_LOG_READ"", ""SCOPE_CONNECT_API_CREATE_UPDATE_USER"", ""SCOPE_MESSAGE_GENERATION_READ"", ""SCOPE_DI_OAUTH_2_CLIENT_REVOCATION_ADMIN"", ""SCOPE_GCX_PET_ADMIN_READ"", ""SCOPE_CONNECT_NON_SOCIAL_SHARED_READ"", ""SCOPE_DI_OAUTH_2_PRERELEASE_PERMISSIONS_ADMIN_WRITE"", ""SCOPE_DI_OAUTH_2_TOKEN_ADMIN"", ""SCOPE_ATP_WRITE"", ""SCOPE_GCX_KID_READ"", ""ROLE_CONNECTUSER"", ""ROLE_FITNESS_USER"", ""ROLE_WELLNESS_USER"", ""ROLE_GARMIN_USER"", ""ROLE_GCM_USER""]",44.005,,36.0,,False,2026-09-09 18:31:12,292.29998779296875,2.0999999046325684,False,0.48399999737739563,159.0,https://s3.amazonaws.com/garmin-connect-prod/profile_images/6dd3e63b-1cf6-47dd-a308-0af6c5311562-prth.png,538.216,1793.802978515625,70.0,False,,1,True,https://s3.amazonaws.com/garmin-connect-prod/profile_images/6dd3e63b-1cf6-47dd-a308-0af6c5311562-prof.png,,False,17,13.0,-6,IMPACTING_TEMPO_22,,,10,4d294da0-1d36-44c4-a103-1eeaab5f58df,22.200000762939453,,False,False,[],running,False,False,30.8125,135.36900329589844,62.978,250.0,False,196.0,False,False,84.0,74.586,867.6199951171875,False,MAINTAINING_ANAEROBIC_BASE_1,False,420.0,GARMIN,90.25,Macayla,False,9,13.644258632043266,1.0,300f46a8-5fd8-44eb-8933-1b8c74f5a4c2,250.0,247.987,3.9189999103546147,159,uncategorized,,,,False,17.002,337.0,False,,1793.802978515625,subscribers,False,2026-09-09 18:01:19,False,TEMPO,29.0,6,,,1,"[{""noOfSplits"": 43, ""totalAscent"": 0.0, ""duration"": 1125.7740478515625, ""splitType"": ""RWD_STAND"", ""maxElevationGain"": 0.0, ""averageElevationGain"": 0.0, ""maxDistance"": 0, ""maxDistanceWithPrecision"": 0.0, ""distance"": 0.0, ""averageSpeed"": 0.0, ""maxSpeed"": 0.0, ""elevationLoss"": 0.0, ""avgStepFrequency"": 6.5}, {""noOfSplits"": 1, ""totalAscent"": 1.0, ""duration"": 1793.802978515625, ""splitType"": ""INTERVAL_ACTIVE"", ""maxElevationGain"": 1.0, ""averageElevationGain"": 1.0, ""maxDistance"": 867, ""maxDistanceWithPrecision"": 867.489990234375, ""distance"": 867.6199951171875, ""averageSpeed"": 0.48399999737739563, ""maxSpeed"": 3.9189999103546143, ""elevationLoss"": 13.0, ""avgStepFrequency"": 30.796875, ""avgStepLength"": 0.9025, ""verticalRatio"": 8.489999771118164, ""verticalOscillation"": 7.090000152587891, ""avgGroundContactTime"": 292.29998779296875}, {""noOfSplits"": 27, ""totalAscent"": 0.0, ""duration"": 399.0010070800781, ""splitType"": ""RWD_RUN"", ""maxElevationGain"": 0.0, ""averageElevationGain"": 0.0, ""maxDistance"": 105, ""maxDistanceWithPrecision"": 105.48999786376953, ""distance"": 700.239990234375, ""averageSpeed"": 1.7549999952316284, ""maxSpeed"": 3.9189999103546143, ""elevationLoss"": 4.0, ""avgStepFrequency"": 100.078125, ""avgStepLength"": 0.9239000244140625, ""verticalRatio"": 8.550000190734863, ""verticalOscillation"": 7.490000152587891, ""avgGroundContactTime"": 279.0}, {""noOfSplits"": 34, ""totalAscent"": 1.0, ""duration"": 269.0, ""splitType"": ""RWD_WALK"", ""maxElevationGain"": 1.0, ""averageElevationGain"": 0.0, ""maxDistance"": 25, ""maxDistanceWithPrecision"": 25.760000228881836, ""distance"": 170.7100067138672, ""averageSpeed"": 0.6349999904632568, ""maxSpeed"": 2.1740000247955322, ""elevationLoss"": 10.0, ""avgStepFrequency"": 55.0, ""avgStepLength"": 0.8092000122070313, ""verticalRatio"": 8.260000228881836, ""verticalOscillation"": 6.05999984741211, ""avgGroundContactTime"": 405.0}]",2146,1788976879000,Running,3.299999952316284,2026-09-09 19:01:19,,3.001,,278.0,24300947241,False,False,,,3624601887,True,23,0.39999961853027344,8.0,1,7.090000152587891,143088564,False,,False,,False,544.016
3,False,1781.0059814453125,False,0.34700000286102295,False,628.981,,https://s3.amazonaws.com/garmin-connect-prod/profile_images/6dd3e63b-1cf6-47dd-a308-0af6c5311562-prfr.png,False,9.5,0.0,"[""SCOPE_ATP_READ"", ""SCOPE_COMMUNITY_COURSE_ADMIN_READ"", ""SCOPE_GCX_KID_WRITE"", ""SCOPE_DT_ACTIVE_INTELLIGENCE_READ"", ""SCOPE_COMMUNITY_COURSE_WRITE"", ""SCOPE_GCX_KID_ADMIN_READ"", ""SCOPE_CONNECT_WEB_TEMPLATE_RENDER"", ""SCOPE_ACTIVITY_DETECTION_READ"", ""SCOPE_OMT_SUBSCRIPTION_ADMIN_READ"", ""SCOPE_DI_OAUTH_2_MANAGED_STATUS_ADMIN_WRITE"", ""SCOPE_CONNECT_READ"", ""SCOPE_GCX_PET_READ"", ""SCOPE_GOLF_API_READ"", ""SCOPE_DI_OAUTH_2_DEVICE_REVOCATION_WRITE"", ""SCOPE_GCX_PET_WRITE"", ""SCOPE_DI_OAUTH_2_CREATE_DI_USER"", ""SCOPE_DIVE_API_WRITE"", ""SCOPE_DIVE_API_READ"", ""SCOPE_DI_OAUTH_2_CLIENT_READ"", ""SCOPE_CONNECT_WRITE"", ""SCOPE_CONNECT_MCT_DAILY_LOG_READ"", ""SCOPE_CONNECT_API_CREATE_UPDATE_USER"", ""SCOPE_MESSAGE_GENERATION_READ"", ""SCOPE_DI_OAUTH_2_CLIENT_REVOCATION_ADMIN"", ""SCOPE_GCX_PET_ADMIN_READ"", ""SCOPE_CONNECT_NON_SOCIAL_SHARED_READ"", ""SCOPE_DI_OAUTH_2_PRERELEASE_PERMISSIONS_ADMIN_WRITE"", ""SCOPE_DI_OAUTH_2_TOKEN_ADMIN"", ""SCOPE_ATP_WRITE"", ""SCOPE_GCX_KID_READ"", ""ROLE_CONNECTUSER"", ""ROLE_FITNESS_USER"", ""ROLE_WELLNESS_USER"", ""ROLE_GARMIN_USER"", ""ROLE_GCM_USER""]",7.014,,73.0,2766.714111328125,False,2026-09-06 18:32:13,322.8999938964844,2.5,False,0.5419999957084656,163.0,https://s3.amazonaws.com/garmin-connect-prod/profile_images/6dd3e63b-1cf6-47dd-a308-0af6c5311562-prth.png,1472.99,3641.12890625,79.0,False,,1,True,https://s3.amazonaws.com/garmin-connect-prod/profile_images/6dd3e63b-1cf6-47dd-a308-0af6c5311562-prof.png,-3.093358213081956,True,17,39.0,-11,IMPACTING_TEMPO_22,1664.2850341796875,,10,4d294da0-1d36-44c4-a103-1eeaab5f58df,8.399999618530273,,False,False,[],running,False,False,25.859375,201.97402954101562,69.992,250.0,False,196.0,False,False,48.0,44.292,1973.5,False,MAINTAINING_ANAEROBIC_BASE_1,False,948.0,GARMIN,73.07999877929687,Macayla,False,9,-6.880582264432439,32.0,fb08468a-15d0-44b8-9ee1-5da257b16212,250.0,289.012,3.2279999256134033,159,uncategorized,,,53.412112137302756,False,2.998,276.0,False,,3641.12890625,subscribers,False,2026-09-06 17:31:32,False,TEMPO,17.0,7,Wirral,,2,"[{""noOfSplits"": 41, ""totalAscent"": 900.0, ""duration"": 497.9419860839844, ""splitType"": ""RWD_RUN"", ""maxElevationGain"": 300.0, ""averageElevationGain"": 0.0, ""maxDistance"": 28, ""maxDistanceWithPrecision"": 28.100000381469727, ""distance"": 346.1600036621094, ""averageSpeed"": 0.6949999928474426, ""maxSpeed"": 3.2279999256134033, ""elevationLoss"": 8.0, ""avgStepFrequency"": 90.109375, ""avgStepLength"": 0.6945, ""verticalRatio"": 10.260000228881836, ""verticalOscillation"": 6.240000152587891, ""avgGroundContactTime"": 302.5}, {""noOfSplits"": 107, ""totalAscent"": 0.0, ""duration"": 1819.4969482421875, ""splitType"": ""RWD_STAND"", ""maxElevationGain"": 0.0, ""averageElevationGain"": 0.0, ""maxDistance"": 42, ""maxDistanceWithPrecision"": 42.58000183105469, ""distance"": 824.4199829101562, ""averageSpeed"": 0.453000009059906, ""maxSpeed"": 1.4279999732971191, ""elevationLoss"": 0.0, ""avgStepFrequency"": 7.09375, ""verticalOscillation"": 5.020000076293946}, {""noOfSplits"": 1, ""totalAscent"": 3200.0, ""duration"": 3641.12890625, ""splitType"": ""INTERVAL_ACTIVE"", ""maxElevationGain"": 3200.0, ""averageElevationGain"": 3200.0, ""maxDistance"": 1972, ""maxDistanceWithPrecision"": 1972.0699462890625, ""distance"": 1973.3299560546875, ""averageSpeed"": 0.5419999957084656, ""maxSpeed"": 3.2279999256134033, ""elevationLoss"": 39.0, ""avgStepFrequency"": 25.859375, ""avgStepLength"": 0.7307999877929687, ""verticalRatio"": 9.5, ""verticalOscillation"": 5.8700000762939455, ""avgGroundContactTime"": 322.8999938964844}, {""noOfSplits"": 119, ""totalAscent"": 2300.0, ""duration"": 1323.512939453125, ""splitType"": ""RWD_WALK"", ""maxElevationGain"": 300.0, ""averageElevationGain"": 0.0, ""maxDistance"": 43, ""maxDistanceWithPrecision"": 43.7599983215332, ""distance"": 811.5599975585938, ""averageSpeed"": 0.6129999756813049, ""maxSpeed"": 2.1649999618530273, ""elevationLoss"": 31.0, ""avgStepFrequency"": 43.890625, ""avgStepLength"": 0.7970999755859376, ""verticalRatio"": 8.109999656677246, ""verticalOscillation"": 5.550000000000001, ""avgGroundContactTime"": 430.5}]",3896,1788715892000,Wirral Running,3.799999952316284,2026-09-06 18:31:32,,0.0,,566.0,24263697550,False,False,COMPLETE,-3.0933301337063313,3624601887,True,50,1.8000000268220901,-14.199999809265137,1,5.8700000762939455,143088564,False,,False,53.41220224276185,False,1177.837
3,False,4.248000144958496,False,2.3989999294281006,False,4.999,511037851,https://s3.amazonaws.com/garmin-connect-prod/profile_images/6dd3e63b-1cf6-47dd-a308-0af6c5311562-prfr.png,False,9.520000457763672,530.809,"[""SCOPE_ATP_READ"", ""SCOPE_COMMUNITY_COURSE_ADMIN_READ"", ""SCOPE_GCX_KID_WRITE"", ""SCOPE_DT_ACTIVE_INTELLIGENCE_READ"", ""SCOPE_COMMUNITY_COURSE_WRITE"", ""SCOPE_GCX_KID_ADMIN_READ"", ""SCOPE_CONNECT_WEB_TEMPLATE_RENDER"", ""SCOPE_ACTIVITY_DETECTION_READ"", ""SCOPE_OMT_SUBSCRIPTION_ADMIN_READ"", ""SCOPE_DI_OAUTH_2_MANAGED_STATUS_ADMIN_WRITE"", ""SCOPE_CONNECT_READ"", ""SCOPE_GCX_PET_READ"", ""SCOPE_GOLF_API_READ"", ""SCOPE_DI_OAUTH_2_DEVICE_REVOCATION_WRITE"", ""SCOPE_GCX_PET_WRITE"", ""SCOPE_DI_OAUTH_2_CREATE_DI_USER"", ""SCOPE_DIVE_API_WRITE"", ""SCOPE_DIVE_API_READ"", ""SCOPE_DI_OAUTH_2_CLIENT_READ"", ""SCOPE_CONNECT_WRITE"", ""SCOPE_CONNECT_MCT_DAILY_LOG_READ"", ""SCOPE_CONNECT_API_CREATE_UPDATE_USER"", ""SCOPE_MESSAGE_GENERATION_READ"", ""SCOPE_DI_OAUTH_2_CLIENT_REVOCATION_ADMIN"", ""SCOPE_GCX_PET_ADMIN_READ"", ""SCOPE_CONNECT_NON_SOCIAL_SHARED_READ"", ""SCOPE_DI_OAUTH_2_PRERELEASE_PERMISSIONS_ADMIN_WRITE"", ""SCOPE_DI_OAUTH_2_TOKEN_ADMIN"", ""SCOPE_ATP_WRITE"", ""SCOPE_GCX_KID_READ"", ""ROLE_CONNECTUSER"", ""ROLE_FITNESS_USER"", ""ROLE_WELLNESS_USER"", ""ROLE_GARMIN_USER"", ""ROLE_GCM_USER""]",2744.867,,151.0,606.1729736328125,False,2026-09-05 08:17:24,291.5,0.0,False,2.3919999599456787,158.0,https://s3.amazonaws.com/garmin-connect-prod/profile_images/6dd3e63b-1cf6-47dd-a308-0af6c5311562-prth.png,3801.942,7529.97900390625,1688.0,False,,1,True,https://s3.amazonaws.com/garmin-connect-prod/profile_images/6dd3e63b-1cf6-47dd-a308-0af6c5311562-prof.png,-3.0135733913630247,True,17,157.0,-33,HIGHLY_IMPACTING_TEMPO_23,366.6109924316406,,10,4d294da0-1d36-44c4-a103-1eeaab5f58df,67.5999984741211,45.0,False,False,[],running,False,False,154.828125,231.47821044921875,1921.302,248.0,False,181.0,False,False,239.0,87.706,18011.69921875,False,NO_ANAEROBIC_BENEFIT_0,False,7479.428009033203,GARMIN,91.87000122070313,Macayla,False,9,41.176494016811986,152.0,a4030ab7-5032-4af5-9ea1-88e7800f53b2,248.0,678.98,3.005000114440918,159,uncategorized,,,53.361827759072185,False,1349.07,392.0,False,4255.40283203125,7980.28515625,subscribers,False,2026-09-05 06:04:24,False,TEMPO,228.0,13,Wirral,,19,"[{""noOfSplits"": 12, ""totalAscent"": 0.0, ""duration"": 39.659000396728516, ""splitType"": ""RWD_STAND"", ""maxElevationGain"": 0.0, ""averageElevationGain"": 0.0, ""maxDistance"": 11, ""maxDistanceWithPrecision"": 11.34000015258789, ""distance"": 46.0099983215332, ""averageSpeed"": 1.159999966621399, ""maxSpeed"": 0.0, ""elevationLoss"": 0.0, ""avgStepFrequency"": 19.15625}, {""noOfSplits"": 19, ""totalAscent"": 12.0, ""duration"": 777.1090087890625, ""splitType"": ""RWD_WALK"", ""maxElevationGain"": 5.0, ""averageElevationGain"": 1.0, ""maxDistance"": 297, ""maxDistanceWithPrecision"": 297.55999755859375, ""distance"": 1218.030029296875, ""averageSpeed"": 1.5670000314712524, ""maxSpeed"": 2.2300000190734863, ""elevationLoss"": 8.0, ""avgStepFrequency"": 114.6875, ""avgStepLength"": 0.7757999877929689, ""verticalRatio"": 8.100000381469727, ""verticalOscillation"": 6.25999984741211, ""avgGroundContactTime"": 453.20001220703125}, {""noOfSplits"": 15, ""totalAscent"": 140.0, ""duration"": 6713.07421875, ""splitType"": ""RWD_RUN"", ""maxElevationGain"": 42.0, ""averageElevationGain"": 9.0, ""maxDistance"": 3399, ""maxDistanceWithPrecision"": 3399.989990234375, ""distance"": 16747.51953125, ""averageSpeed"": 2.494999885559082, ""maxSpeed"": 3.005000114440918, ""elevationLoss"": 149.0, ""avgStepFrequency"": 160.4375, ""avgStepLength"": 0.934, ""verticalRatio"": 9.680000305175781, ""verticalOscillation"": 9.01999969482422, ""avgGroundContactTime"": 286.3999938964844}, {""noOfSplits"": 1, ""totalAscent"": 152.0, ""duration"": 7529.97900390625, ""splitType"": ""INTERVAL_ACTIVE"", ""maxElevationGain"": 152.0, ""averageElevationGain"": 152.0, ""maxDistance"": 18008, ""maxDistanceWithPrecision"": 18008.650390625, ""distance"": 18011.310546875, ""averageSpeed"": 2.3919999599456787, ""maxSpeed"": 3.005000114440918, ""elevationLoss"": 157.0, ""avgStepFrequency"": 154.8125, ""avgStepLength"": 0.9187000122070313, ""verticalRatio"": 9.520000457763672, ""verticalOscillation"": 8.759999847412109, ""avgGroundContactTime"": 291.5}]",19494,1788588264000,Wirral Running,4.800000190734863,2026-09-05 07:04:24,,59.023,2035.946044921875,1170.0,24243274034,False,False,,-3.010934516787529,3624601887,True,119,0.40000152587890625,16.399999618530273,1,8.759999847412109,143088564,False,,False,53.3616975042969,False,2956.003
3,False,2.1510000228881836,False,2.4509999752044678,False,106.983,509272614,https://s3.amazonaws.com/garmin-connect-prod/profile_images/6dd3e63b-1cf6-47dd-a308-0af6c5311562-prfr.png,False,9.489999771118164,942.66,"[""SCOPE_ATP_READ"", ""SCOPE_COMMUNITY_COURSE_ADMIN_READ"", ""SCOPE_GCX_KID_WRITE"", ""SCOPE_DT_ACTIVE_INTELLIGENCE_READ"", ""SCOPE_COMMUNITY_COURSE_WRITE"", ""SCOPE_GCX_KID_ADMIN_READ"", ""SCOPE_CONNECT_WEB_TEMPLATE_RENDER"", ""SCOPE_ACTIVITY_DETECTION_READ"", ""SCOPE_OMT_SUBSCRIPTION_ADMIN_READ"", ""SCOPE_DI_OAUTH_2_MANAGED_STATUS_ADMIN_WRITE"", ""SCOPE_CONNECT_READ"", ""SCOPE_GCX_PET_READ"", ""SCOPE_GOLF_API_READ"", ""SCOPE_DI_OAUTH_2_DEVICE_REVOCATION_WRITE"", ""SCOPE_GCX_PET_WRITE"", ""SCOPE_DI_OAUTH_2_CREATE_DI_USER"", ""SCOPE_DIVE_API_WRITE"", ""SCOPE_DIVE_API_READ"", ""SCOPE_DI_OAUTH_2_CLIENT_READ"", ""SCOPE_CONNECT_WRITE"", ""SCOPE_CONNECT_MCT_DAILY_LOG_READ"", ""SCOPE_CONNECT_API_CREATE_UPDATE_USER"", ""SCOPE_MESSAGE_GENERATION_READ"", ""SCOPE_DI_OAUTH_2_CLIENT_REVOCATION_ADMIN"", ""SCOPE_GCX_PET_ADMIN_READ"", ""SCOPE_CONNECT_NON_SOCIAL_SHARED_READ"", ""SCOPE_DI_OAUTH_2_PRERELEASE_PERMISSIONS_ADMIN_WRITE"", ""SCOPE_DI_OAUTH_2_TOKEN_ADMIN"", ""SCOPE_ATP_WRITE"", ""SCOPE_GCX_KID_READ"", ""ROLE_CONNECTUSER"", ""ROLE_FITNESS_USER"", ""ROLE_WELLNESS_USER"", ""ROLE_GARMIN_USER"", ""ROLE_GCM_USER""]",3705.934,,197.0,603.1270141601562,False,2026-08-31 11:59:10,283.1000061035156,0.0,False,2.440000057220459,161.0,https://s3.amazonaws.com/garmin-connect-prod/profile_images/6dd3e63b-1cf6-47dd-a308-0af6c5311562-prth.png,5770.635,9837.041015625,2341.0,False,9254.0712890625,1,True,https://s3.amazonaws.com/garmin-connect-prod/profile_images/6dd3e63b-1cf6-47dd-a308-0af6c5311562-prof.png,-3.0136035662144423,True,17,230.0,-34,OVERREACHING_TEMPO_24,373.3330078125,,10,4d294da0-1d36-44c4-a103-1eeaab5f58df,78.0,45.0,False,False,[],running,False,False,156.578125,308.1373291015625,1319.144,247.0,False,184.0,False,False,249.0,40.957,24005.9609375,True,NO_ANAEROBIC_BENEFIT_0,False,9712.700012207031,GARMIN,91.99000244140626,Macayla,False,9,34.52631687551876,223.0,066250bd-26b1-4026-b17e-e924a6594d99,247.0,370.529,3.005000114440918,159,uncategorized,,,53.39014492928982,False,2812.352,364.0,False,4007.26611328125,10823.443359375,subscribers,False,2026-08-31 08:58:47,False,TEMPO,238.0,14,Wirral,,25,"[{""noOfSplits"": 27, ""totalAscent"": 213.0, ""duration"": 9154.7470703125, ""splitType"": ""RWD_RUN"", ""maxElevationGain"": 34.0, ""averageElevationGain"": 9.0, ""maxDistance"": 4941, ""maxDistanceWithPrecision"": 4941.330078125, ""distance"": 23039.8203125, ""averageSpeed"": 2.5169999599456787, ""maxSpeed"": 3.005000114440918, ""elevationLoss"": 223.0, ""avgStepFrequency"": 162.390625, ""avgStepLength"": 0.9270999755859376, ""verticalRatio"": 9.539999961853027, ""verticalOscillation"": 8.830000305175782, ""avgGroundContactTime"": 280.70001220703125}, {""noOfSplits"": 37, ""totalAscent"": 10.0, ""duration"": 587.9559936523438, ""splitType"": ""RWD_WALK"", ""maxElevationGain"": 3.0, ""averageElevationGain"": 0.0, ""maxDistance"": 155, ""maxDistanceWithPrecision"": 155.32000732421875, ""distance"": 902.6699829101562, ""averageSpeed"": 1.534999966621399, ""maxSpeed"": 2.5290000438690186, ""elevationLoss"": 8.0, ""avgStepFrequency"": 94.90625, ""avgStepLength"": 0.7572999877929688, ""verticalRatio"": 8.460000038146973, ""verticalOscillation"": 6.320000076293946, ""avgGroundContactTime"": 434.29998779296875}, {""noOfSplits"": 24, ""totalAscent"": 223.0, ""duration"": 9836.03125, ""splitType"": ""PACE_PRO_SPLIT"", ""maxElevationGain"": 33.0, ""averageElevationGain"": 9.0, ""maxDistance"": 2524, ""maxDistanceWithPrecision"": 2524.22998046875, ""distance"": 24005.75, ""averageSpeed"": 2.440999984741211, ""maxSpeed"": 3.005000114440918, ""elevationLoss"": 230.0, ""avgStepFrequency"": 156.5625, ""avgStepLength"": 0.9199000244140626, ""verticalRatio"": 9.489999771118164, ""verticalOscillation"": 8.719999694824219, ""avgGroundContactTime"": 283.1000061035156}, {""noOfSplits"": 20, ""totalAscent"": 0.0, ""duration"": 94.28299713134766, ""splitType"": ""RWD_STAND"", ""maxElevationGain"": 0.0, ""averageElevationGain"": 0.0, ""maxDistance"": 15, ""maxDistanceWithPrecision"": 15.930000305175781, ""distance"": 63.27000045776367, ""averageSpeed"": 0.6710000038146973, ""maxSpeed"": 0.6389999985694885, ""elevationLoss"": 0.0, ""avgStepFrequency"": 88.0, ""verticalOscillation"": 4.970000076293946}]",26068,1788166727000,Wirral Running,5.0,2026-08-31 09:58:47,,171.001,1951.7220458984375,1546.0,24182989086,False,False,,-3.179100388661027,3624601887,True,159,0.8000000715255737,1.0,1,8.719999694824219,143088564,False,,False,53.361640674993396,True,3512.469
3,False,1293.532958984375,False,0.27300000190734863,False,642.456,,https://s3.amazonaws.com/garmin-connect-prod/profile_images/6dd3e63b-1cf6-47dd-a308-0af6c5311562-prfr.png,False,9.1899995803833,1.001,"[""SCOPE_ATP_READ"", ""SCOPE_COMMUNITY_COURSE_ADMIN_READ"", ""SCOPE_GCX_KID_WRITE"", ""SCOPE_DT_ACTIVE_INTELLIGENCE_READ"", ""SCOPE_COMMUNITY_COURSE_WRITE"", ""SCOPE_GCX_KID_ADMIN_READ"", ""SCOPE_CONNECT_WEB_TEMPLATE_RENDER"", ""SCOPE_ACTIVITY_DETECTION_READ"", ""SCOPE_OMT_SUBSCRIPTION_ADMIN_READ"", ""SCOPE_DI_OAUTH_2_MANAGED_STATUS_ADMIN_WRITE"", ""SCOPE_CONNECT_READ"", ""SCOPE_GCX_PET_READ"", ""SCOPE_GOLF_API_READ"", ""SCOPE_DI_OAUTH_2_DEVICE_REVOCATION_WRITE"", ""SCOPE_GCX_PET_WRITE"", ""SCOPE_DI_OAUTH_2_CREATE_DI_USER"", ""SCOPE_DIVE_API_WRITE"", ""SCOPE_DIVE_API_READ"", ""SCOPE_DI_OAUTH_2_CLIENT_READ"", ""SCOPE_CONNECT_WRITE"", ""SCOPE_CONNECT_MCT_DAILY_LOG_READ"", ""SCOPE_CONNECT_API_CREATE_UPDATE_USER"", ""SCOPE_MESSAGE_GENERATION_READ"", ""SCOPE_DI_OAUTH_2_CLIENT_REVOCATION_ADMIN"", ""SCOPE_GCX_PET_ADMIN_READ"", ""SCOPE_CONNECT_NON_SOCIAL_SHARED_READ"", ""SCOPE_DI_OAUTH_2_PRERELEASE_PERMISSIONS_ADMIN_WRITE"", ""SCOPE_DI_OAUTH_2_TOKEN_ADMIN"", ""SCOPE_ATP_WRITE"", ""SCOPE_GCX_KID_READ"", ""ROLE_CONNECTUSER"", ""ROLE_FITNESS_USER"", ""ROLE_WELLNESS_USER"", ""ROLE_GARMIN_USER"", ""ROLE_GCM_USER""]",8.006,,115.0,2787.9189453125,False,2026-08-30 17:29:09,324.5,3.0,False,0.49399998784065247,151.0,https://s3.amazonaws.com/garmin-connect-prod/profile_images/6dd3e63b-1cf6-47dd-a308-0af6c5311562-prth.png,1687.235,5714.4912109375,100.0,False,,1,True,https://s3.amazonaws.com/garmin-connect-prod/profile_images/6dd3e63b-1cf6-47dd-a308-0af6c5311562-prof.png,-3.113607969135046,True,17,23.0,-25,HIGHLY_IMPROVING_AEROBIC_FITNESS_3,1535.623046875,,10,4d294da0-1d36-44c4-a103-1eeaab5f58df,90.19999694824219,,False,False,[],running,False,False,23.921875,253.92269897460938,37.994,250.0,False,193.0,False,False,41.0,714.465,2824.14990234375,False,IMPROVING_ANAEROBIC_BASE_2,False,1258.0,GARMIN,74.87999877929688,Macayla,False,9,29.851268703146975,14.0,a55c3798-d21c-4b60-99d2-657b20a7ac9e,250.0,1188.35,3.9189999103546147,159,uncategorized,,,53.411986492574215,False,2.001,309.0,False,,12457.52734375,subscribers,False,2026-08-30 14:01:32,False,TEMPO,13.0,48,Wirral,,3,"[{""noOfSplits"": 1, ""totalAscent"": 1400.0, ""duration"": 5714.4912109375, ""splitType"": ""INTERVAL_ACTIVE"", ""maxElevationGain"": 1400.0, ""averageElevationGain"": 1400.0, ""maxDistance"": 2823, ""maxDistanceWithPrecision"": 2823.8701171875, ""distance"": 2824.110107421875, ""averageSpeed"": 0.49399998784065247, ""maxSpeed"": 3.9189999103546143, ""elevationLoss"": 23.0, ""avgStepFrequency"": 23.921875, ""avgStepLength"": 0.7487999877929689, ""verticalRatio"": 9.1899995803833, ""verticalOscillation"": 5.590000152587891, ""avgGroundContactTime"": 324.5}, {""noOfSplits"": 98, ""totalAscent"": 400.0, ""duration"": 641.1530151367188, ""splitType"": ""RWD_RUN"", ""maxElevationGain"": 200.0, ""averageElevationGain"": 0.0, ""maxDistance"": 34, ""maxDistanceWithPrecision"": 34.459999084472656, ""distance"": 499.70001220703125, ""averageSpeed"": 0.7789999842643738, ""maxSpeed"": 3.9189999103546143, ""elevationLoss"": 7.0, ""avgStepFrequency"": 80.75, ""avgStepLength"": 0.7159000244140625, ""verticalRatio"": 9.819999694824219, ""verticalOscillation"": 5.890000152587891, ""avgGroundContactTime"": 301.20001220703125}, {""noOfSplits"": 248, ""totalAscent"": 1000.0, ""duration"": 1996.7340087890625, ""splitType"": ""RWD_WALK"", ""maxElevationGain"": 200.0, ""averageElevationGain"": 0.0, ""maxDistance"": 88, ""maxDistanceWithPrecision"": 88.66000366210938, ""distance"": 1165.7099609375, ""averageSpeed"": 0.5839999914169312, ""maxSpeed"": 2.556999921798706, ""elevationLoss"": 16.0, ""avgStepFrequency"": 41.421875, ""avgStepLength"": 0.8052000122070314, ""verticalRatio"": 8.100000381469727, ""verticalOscillation"": 5.429999923706055, ""avgGroundContactTime"": 438.29998779296875}, {""noOfSplits"": 255, ""totalAscent"": 0.0, ""duration"": 3076.544921875, ""splitType"": ""RWD_STAND"", ""maxElevationGain"": 0.0, ""averageElevationGain"": 0.0, ""maxDistance"": 51, ""maxDistanceWithPrecision"": 51.029998779296875, ""distance"": 1163.3299560546875, ""averageSpeed"": 0.3779999911785126, ""maxSpeed"": 0.6909999847412109, ""elevationLoss"": 0.0, ""avgStepFrequency"": 7.421875}]",5740,1788098492000,Wirral Running,4.099999904632568,2026-08-30 15:01:32,,0.0,,735.0,24176059614,False,False,COMPLETE,-3.0934308003634214,3624601887,True,55,0.20000457763671875,6.199999809265137,1,5.590000152587891,143088564,False,,False,53.3434359356761,False,1416.585
3,False,2.8980000019073486,False,,False,0.0,,https://s3.amazonaws.com/garmin-connect-prod/profile_images/6dd3e63b-1cf6-47dd-a308-0af6c5311562-prfr.png,False,10.079999923706055,12.002,"[""SCOPE_ATP_READ"", ""SCOPE_COMMUNITY_COURSE_ADMIN_READ"", ""SCOPE_GCX_KID_WRITE"", ""SCOPE_DT_ACTIVE_INTELLIGENCE_READ"", ""SCOPE_COMMUNITY_COURSE_WRITE"", ""SCOPE_GCX_KID_ADMIN_READ"", ""SCOPE_CONNECT_WEB_TEMPLATE_RENDER"", ""SCOPE_ACTIVITY_DETECTION_READ"", ""SCOPE_OMT_SUBSCRIPTION_ADMIN_READ"", ""SCOPE_DI_OAUTH_2_MANAGED_STATUS_ADMIN_WRITE"", ""SCOPE_CONNECT_READ"", ""SCOPE_GCX_PET_READ"", ""SCOPE_GOLF_API_READ"", ""SCOPE_DI_OAUTH_2_DEVICE_REVOCATION_WRITE"", ""SCOPE_GCX_PET_WRITE"", ""SCOPE_DI_OAUTH_2_CREATE_DI_USER"", ""SCOPE_DIVE_API_WRITE"", ""SCOPE_DIVE_API_READ"", ""SCOPE_DI_OAUTH_2_CLIENT_READ"", ""SCOPE_CONNECT_WRITE"", ""SCOPE_CONNECT_MCT_DAILY_LOG_READ"", ""SCOPE_CONNECT_API_CREATE_UPDATE_USER"", ""SCOPE_MESSAGE_GENERATION_READ"", ""SCOPE_DI_OAUTH_2_CLIENT_REVOCATION_ADMIN"", ""SCOPE_GCX_PET_ADMIN_READ"", ""SCOPE_CONNECT_NON_SOCIAL_SHARED_READ"", ""SCOPE_DI_OAUTH_2_PRERELEASE_PERMISSIONS_ADMIN_WRITE"", ""SCOPE_DI_OAUTH_2_TOKEN_ADMIN"", ""SCOPE_ATP_WRITE"", ""SCOPE_GCX_KID_READ"", ""ROLE_CONNECTUSER"", ""ROLE_FITNESS_USER"", ""ROLE_WELLNESS_USER"", ""ROLE_GARMIN_USER"", ""ROLE_GCM_USER""]",72.003,,53.0,,False,2026-08-29 08:39:14,305.20001220703125,0.10000000149011612,False,2.2769999504089355,147.0,https://s3.amazonaws.com/garmin-connect-prod/profile_images/6dd3e63b-1cf6-47dd-a308-0af6c5311562-prth.png,227.325,2637.805908203125,567.0,False,,1,True,https://s3.amazonaws.com/garmin-connect-prod/profile_images/6dd3e63b-1cf6-47dd-a308-0af6c5311562-prof.png,,False,1,,-13,IMPROVING_AEROBIC_BASE_8,,,10,4d294da0-1d36-44c4-a103-1eeaab5f58df,,,False,False,[],treadmill_running,False,False,149.34375,76.03633117675781,2247.307,163.0,False,167.0,False,False,214.0,73.913,6007.02978515625,False,NO_ANAEROBIC_BENEFIT_0,False,2570.8679809570312,GARMIN,91.69000244140625,Macayla,False,9,,,ea0aa6a9-1ba1-4156-9f10-2e1687d150da,163.0,409.532,3.23799991607666,159,uncategorized,,,,False,141.984,320.0,False,,3258.346923828125,subscribers,False,2026-08-29 07:44:56,False,AEROBIC_BASE,208.0,4,,,7,"[{""noOfSplits"": 20, ""duration"": 41.483001708984375, ""splitType"": ""RWD_WALK"", ""maxDistance"": 29, ""maxDistanceWithPrecision"": 29.06999969482422, ""distance"": 40.310001373291016, ""averageSpeed"": 0.972000002861023, ""maxSpeed"": 1.4739999771118164, ""avgStepFrequency"": 104.734375, ""avgStepLength"": 0.6915999755859376, ""verticalRatio"": 8.4399995803833, ""verticalOscillation"": 5.740000152587891, ""avgGroundContactTime"": 384.0}, {""noOfSplits"": 1, ""duration"": 2637.805908203125, ""splitType"": ""INTERVAL_ACTIVE"", ""maxDistance"": 6007, ""maxDistanceWithPrecision"": 6007.02001953125, ""distance"": 6007.02001953125, ""averageSpeed"": 2.2769999504089355, ""maxSpeed"": 3.23799991607666, ""avgStepFrequency"": 149.34375, ""avgStepLength"": 0.9169000244140625, ""verticalRatio"": 10.079999923706055, ""verticalOscillation"": 9.230000305175782, ""avgGroundContactTime"": 305.20001220703125}, {""noOfSplits"": 5, ""duration"": 2560.39794921875, ""splitType"": ""RWD_RUN"", ""maxDistance"": 2959, ""maxDistanceWithPrecision"": 2959.77001953125, ""distance"": 5966.72021484375, ""averageSpeed"": 2.3299999237060547, ""maxSpeed"": 3.23799991607666, ""avgStepFrequency"": 152.1875, ""avgStepLength"": 0.9195, ""verticalRatio"": 10.100000381469727, ""verticalOscillation"": 9.26999969482422, ""avgGroundContactTime"": 305.1000061035156}, {""noOfSplits"": 22, ""duration"": 35.88800048828125, ""splitType"": ""RWD_STAND"", ""maxDistance"": 0, ""maxDistanceWithPrecision"": 0.0, ""distance"": 0.0, ""averageSpeed"": 0.0, ""maxSpeed"": 0.0, ""avgStepFrequency"": 0.0}]",6520,1787989496000,Treadmill Running,3.0,2026-08-29 08:44:56,,0.0,,375.0,24156822926,False,False,,,3624601887,True,47,,,18,9.230000305175782,143088564,False,,False,,False,1926.927
3,False,1.7059999704360962,False,2.5920000076293945,False,0.0,,https://s3.amazonaws.com/garmin-connect-prod/profile_images/6dd3e63b-1cf6-47dd-a308-0af6c5311562-prfr.png,False,9.5600004196167,367.958,"[""SCOPE_ATP_READ"", ""SCOPE_COMMUNITY_COURSE_ADMIN_READ"", ""SCOPE_GCX_KID_WRITE"", ""SCOPE_DT_ACTIVE_INTELLIGENCE_READ"", ""SCOPE_COMMUNITY_COURSE_WRITE"", ""SCOPE_GCX_KID_ADMIN_READ"", ""SCOPE_CONNECT_WEB_TEMPLATE_RENDER"", ""SCOPE_ACTIVITY_DETECTION_READ"", ""SCOPE_OMT_SUBSCRIPTION_ADMIN_READ"", ""SCOPE_DI_OAUTH_2_MANAGED_STATUS_ADMIN_WRITE"", ""SCOPE_CONNECT_READ"", ""SCOPE_GCX_PET_READ"", ""SCOPE_GOLF_API_READ"", ""SCOPE_DI_OAUTH_2_DEVICE_REVOCATION_WRITE"", ""SCOPE_GCX_PET_WRITE"", ""SCOPE_DI_OAUTH_2_CREATE_DI_USER"", ""SCOPE_DIVE_API_WRITE"", ""SCOPE_DIVE_API_READ"", ""SCOPE_DI_OAUTH_2_CLIENT_READ"", ""SCOPE_CONNECT_WRITE"", ""SCOPE_CONNECT_MCT_DAILY_LOG_READ"", ""SCOPE_CONNECT_API_CREATE_UPDATE_USER"", ""SCOPE_MESSAGE_GENERATION_READ"", ""SCOPE_DI_OAUTH_2_CLIENT_REVOCATION_ADMIN"", ""SCOPE_GCX_PET_ADMIN_READ"", ""SCOPE_CONNECT_NON_SOCIAL_SHARED_READ"", ""SCOPE_DI_OAUTH_2_PRERELEASE_PERMISSIONS_ADMIN_WRITE"", ""SCOPE_DI_OAUTH_2_TOKEN_ADMIN"", ""SCOPE_ATP_WRITE"", ""SCOPE_GCX_KID_READ"", ""ROLE_CONNECTUSER"", ""ROLE_FITNESS_USER"", ""ROLE_WELLNESS_USER"", ""ROLE_GARMIN_USER"", ""ROLE_GCM_USER""]",1202.855,,54.0,584.447021484375,False,2026-08-24 19:30:33,286.3999938964844,0.20000000298023224,False,2.591000080108642,162.0,https://s3.amazonaws.com/garmin-connect-prod/profile_images/6dd3e63b-1cf6-47dd-a308-0af6c5311562-prth.png,1847.342,2703.341064453125,679.0,False,,1,True,https://s3.amazonaws.com/garmin-connect-prod/profile_images/6dd3e63b-1cf6-47dd-a308-0af6c5311562-prof.png,-3.0135560408234596,True,17,79.0,-8,IMPROVING_AEROBIC_FITNESS_2,356.0790100097656,,10,4d294da0-1d36-44c4-a103-1eeaab5f58df,49.79999923706055,45.0,False,False,[],running,False,False,158.421875,148.2742462158203,385.687,165.0,False,176.0,False,False,256.0,49.988,7004.18017578125,False,NO_ANAEROBIC_BENEFIT_0,False,2678.7730102539062,GARMIN,98.07999877929689,Macayla,False,9,32.480651140830446,67.0,0de843df-b787-455b-82d4-145125ddf439,165.0,47.947,3.7890000343322754,159,uncategorized,,,53.36159105412662,False,660.92,434.0,False,,2703.341064453125,subscribers,False,2026-08-24 18:45:30,False,TEMPO,250.0,1,Wirral,,8,"[{""noOfSplits"": 1, ""totalAscent"": 67.0, ""duration"": 2703.341064453125, ""splitType"": ""INTERVAL_ACTIVE"", ""maxElevationGain"": 67.0, ""averageElevationGain"": 67.0, ""maxDistance"": 7002, ""maxDistanceWithPrecision"": 7002.5, ""distance"": 7004.02001953125, ""averageSpeed"": 2.5910000801086426, ""maxSpeed"": 3.7890000343322754, ""elevationLoss"": 79.0, ""avgStepFrequency"": 158.421875, ""avgStepLength"": 0.9807999877929688, ""verticalRatio"": 9.5600004196167, ""verticalOscillation"": 9.35999984741211, ""avgGroundContactTime"": 286.3999938964844}, {""noOfSplits"": 4, ""totalAscent"": 0.0, ""duration"": 13.99899959564209, ""splitType"": ""RWD_STAND"", ""maxElevationGain"": 0.0, ""averageElevationGain"": 0.0, ""maxDistance"": 18, ""maxDistanceWithPrecision"": 18.280000686645508, ""distance"": 30.329999923706055, ""averageSpeed"": 2.1670000553131104, ""maxSpeed"": 0.9610000252723694, ""elevationLoss"": 0.0, ""avgStepFrequency"": 22.140625}, {""noOfSplits"": 2, ""totalAscent"": 67.0, ""duration"": 2677.26708984375, ""splitType"": ""RWD_RUN"", ""maxElevationGain"": 38.0, ""averageElevationGain"": 34.0, ""maxDistance"": 4749, ""maxDistanceWithPrecision"": 4749.580078125, ""distance"": 6970.60009765625, ""averageSpeed"": 2.6040000915527344, ""maxSpeed"": 3.7890000343322754, ""elevationLoss"": 79.0, ""avgStepFrequency"": 159.71875, ""avgStepLength"": 0.9807999877929688, ""verticalRatio"": 9.5600004196167, ""verticalOscillation"": 9.35999984741211, ""avgGroundContactTime"": 286.3999938964844}, {""noOfSplits"": 2, ""totalAscent"": 0.0, ""duration"": 12.0, ""splitType"": ""RWD_WALK"", ""maxElevationGain"": 0.0, ""averageElevationGain"": 0.0, ""maxDistance"": 3, ""maxDistanceWithPrecision"": 3.140000104904175, ""distance"": 3.140000104904175, ""averageSpeed"": 0.2619999945163727, ""maxSpeed"": 0.414000004529953, ""elevationLoss"": 0.0, ""avgStepFrequency"": 40.5, ""verticalOscillation"": 5.05999984741211}]",7134,1787597130000,Wirral Running,3.799999952316284,2026-08-24 19:45:30,,28.96,1903.7740478515625,457.0,24101708247,False,False,,-3.013503234833479,3624601887,True,43,0.6000003814697266,6.400000095367432,1,9.35999984741211,143088564,False,,False,53.361661126837134,False,752.096
3,False,2.63100004196167,False,0.4950000047683716,False,427.038,,https://s3.amazonaws.com/garmin-connect-prod/profile_images/6dd3e63b-1cf6-47dd-a308-0af6c5311562-prfr.png,False,9.819999694824219,0.0,"[""SCOPE_ATP_READ"", ""SCOPE_COMMUNITY_COURSE_ADMIN_READ"", ""SCOPE_GCX_KID_WRITE"", ""SCOPE_DT_ACTIVE_INTELLIGENCE_READ"", ""SCOPE_COMMUNITY_COURSE_WRITE"", ""SCOPE_GCX_KID_ADMIN_READ"", ""SCOPE_CONNECT_WEB_TEMPLATE_RENDER"", ""SCOPE_ACTIVITY_DETECTION_READ"", ""SCOPE_OMT_SUBSCRIPTION_ADMIN_READ"", ""SCOPE_DI_OAUTH_2_MANAGED_STATUS_ADMIN_WRITE"", ""SCOPE_CONNECT_READ"", ""SCOPE_GCX_PET_READ"", ""SCOPE_GOLF_API_READ"", ""SCOPE_DI_OAUTH_2_DEVICE_REVOCATION_WRITE"", ""SCOPE_GCX_PET_WRITE"", ""SCOPE_DI_OAUTH_2_CREATE_DI_USER"", ""SCOPE_DIVE_API_WRITE"", ""SCOPE_DIVE_API_READ"", ""SCOPE_DI_OAUTH_2_CLIENT_READ"", ""SCOPE_CONNECT_WRITE"", ""SCOPE_CONNECT_MCT_DAILY_LOG_READ"", ""SCOPE_CONNECT_API_CREATE_UPDATE_USER"", ""SCOPE_MESSAGE_GENERATION_READ"", ""SCOPE_DI_OAUTH_2_CLIENT_REVOCATION_ADMIN"", ""SCOPE_GCX_PET_ADMIN_READ"", ""SCOPE_CONNECT_NON_SOCIAL_SHARED_READ"", ""SCOPE_DI_OAUTH_2_PRERELEASE_PERMISSIONS_ADMIN_WRITE"", ""SCOPE_DI_OAUTH_2_TOKEN_ADMIN"", ""SCOPE_ATP_WRITE"", ""SCOPE_GCX_KID_READ"", ""ROLE_CONNECTUSER"", ""ROLE_FITNESS_USER"", ""ROLE_WELLNESS_USER"", ""ROLE_GARMIN_USER"", ""ROLE_GCM_USER""]",14.932,,87.0,2015.904052734375,False,2026-08-23 17:36:17,316.0,2.0999999046325684,False,0.699999988079071,146.0,https://s3.amazonaws.com/garmin-connect-prod/profile_images/6dd3e63b-1cf6-47dd-a308-0af6c5311562-prth.png,734.899,4324.98876953125,123.0,False,,1,True,https://s3.amazonaws.com/garmin-connect-prod/profile_images/6dd3e63b-1cf6-47dd-a308-0af6c5311562-prof.png,-3.093402720987797,True,17,32.0,-8,IMPROVING_AEROBIC_FITNESS_2,1197.822021484375,,10,4d294da0-1d36-44c4-a103-1eeaab5f58df,8.0,,False,False,[],running,False,False,30.375,111.60331726074219,116.06,250.0,False,189.0,False,False,60.0,704.07,3027.60009765625,False,MAINTAINING_ANAEROBIC_BASE_1,False,1423.0,GARMIN,71.87000122070313,Macayla,False,9,-5.379052034354624,21.0,890edaa0-299d-4b20-9cce-dd8c80a9ce09,250.0,1240.018,11.663999557495117,159,uncategorized,,,53.413212513551116,False,5.007,290.0,False,,5747.93798828125,subscribers,False,2026-08-23 16:00:30,False,TEMPO,21.0,20,Wirral,,4,"[{""noOfSplits"": 123, ""totalAscent"": 600.0, ""duration"": 1305.095947265625, ""splitType"": ""RWD_WALK"", ""maxElevationGain"": 100.0, ""averageElevationGain"": 0.0, ""maxDistance"": 161, ""maxDistanceWithPrecision"": 161.97000122070312, ""distance"": 994.2999877929688, ""averageSpeed"": 0.7620000243186951, ""maxSpeed"": 1.9600000381469727, ""elevationLoss"": 22.0, ""avgStepFrequency"": 56.65625, ""avgStepLength"": 0.7710999755859376, ""verticalRatio"": 7.820000171661377, ""verticalOscillation"": 5.470000076293946, ""avgGroundContactTime"": 442.6000061035156}, {""noOfSplits"": 62, ""totalAscent"": 1500.0, ""duration"": 858.6510009765625, ""splitType"": ""RWD_RUN"", ""maxElevationGain"": 900.0, ""averageElevationGain"": 0.0, ""maxDistance"": 306, ""maxDistanceWithPrecision"": 306.1300048828125, ""distance"": 971.3099975585938, ""averageSpeed"": 1.13100004196167, ""maxSpeed"": 11.663999557495117, ""elevationLoss"": 9.0, ""avgStepFrequency"": 83.546875, ""avgStepLength"": 0.7027000122070313, ""verticalRatio"": 10.4399995803833, ""verticalOscillation"": 6.469999694824219, ""avgGroundContactTime"": 304.20001220703125}, {""noOfSplits"": 1, ""totalAscent"": 2100.0, ""duration"": 4324.98876953125, ""splitType"": ""INTERVAL_ACTIVE"", ""maxElevationGain"": 2100.0, ""averageElevationGain"": 2100.0, ""maxDistance"": 3027, ""maxDistanceWithPrecision"": 3027.070068359375, ""distance"": 3027.530029296875, ""averageSpeed"": 0.699999988079071, ""maxSpeed"": 11.663999557495117, ""elevationLoss"": 32.0, ""avgStepFrequency"": 30.359375, ""avgStepLength"": 0.7187000122070313, ""verticalRatio"": 9.819999694824219, ""verticalOscillation"": 6.0, ""avgGroundContactTime"": 316.0}, {""noOfSplits"": 116, ""totalAscent"": 0.0, ""duration"": 2161.068115234375, ""splitType"": ""RWD_STAND"", ""maxElevationGain"": 0.0, ""averageElevationGain"": 0.0, ""maxDistance"": 155, ""maxDistanceWithPrecision"": 155.52999877929688, ""distance"": 1067.3199462890625, ""averageSpeed"": 0.49399998784065247, ""maxSpeed"": 0.6349999904632568, ""elevationLoss"": 1.0, ""avgStepFrequency"": 9.75}]",5010,1787500830000,Wirral Running,3.0999999046325684,2026-08-23 17:00:30,,0.0,,517.0,24088811250,False,False,COMPLETE,-3.0978290364146233,3624601887,True,39,0.6000003814697266,-15.199999809265137,1,6.0,143088564,False,,False,53.41220073401928,False,1218.913
3,False,159.88600158691406,False,2.311000108718872,False,26.943,505423996,https://s3.amazonaws.com/garmin-connect-prod/profile_images/6dd3e63b-1cf6-47dd-a308-0af6c5311562-prfr.png,False,9.4399995803833,311.909,"[""SCOPE_ATP_READ"", ""SCOPE_COMMUNITY_COURSE_ADMIN_READ"", ""SCOPE_GCX_KID_WRITE"", ""SCOPE_DT_ACTIVE_INTELLIGENCE_READ"", ""SCOPE_COMMUNITY_COURSE_WRITE"", ""SCOPE_GCX_KID_ADMIN_READ"", ""SCOPE_CONNECT_WEB_TEMPLATE_RENDER"", ""SCOPE_ACTIVITY_DETECTION_READ"", ""SCOPE_OMT_SUBSCRIPTION_ADMIN_READ"", ""SCOPE_DI_OAUTH_2_MANAGED_STATUS_ADMIN_WRITE"", ""SCOPE_CONNECT_READ"", ""SCOPE_GCX_PET_READ"", ""SCOPE_GOLF_API_READ"", ""SCOPE_DI_OAUTH_2_DEVICE_REVOCATION_WRITE"", ""SCOPE_GCX_PET_WRITE"", ""SCOPE_DI_OAUTH_2_CREATE_DI_USER"", ""SCOPE_DIVE_API_WRITE"", ""SCOPE_DIVE_API_READ"", ""SCOPE_DI_OAUTH_2_CLIENT_READ"", ""SCOPE_CONNECT_WRITE"", ""SCOPE_CONNECT_MCT_DAILY_LOG_READ"", ""SCOPE_CONNECT_API_CREATE_UPDATE_USER"", ""SCOPE_MESSAGE_GENERATION_READ"", ""SCOPE_DI_OAUTH_2_CLIENT_REVOCATION_ADMIN"", ""SCOPE_GCX_PET_ADMIN_READ"", ""SCOPE_CONNECT_NON_SOCIAL_SHARED_READ"", ""SCOPE_DI_OAUTH_2_PRERELEASE_PERMISSIONS_ADMIN_WRITE"", ""SCOPE_DI_OAUTH_2_TOKEN_ADMIN"", ""SCOPE_ATP_WRITE"", ""SCOPE_GCX_KID_READ"", ""ROLE_CONNECTUSER"", ""ROLE_FITNESS_USER"", ""ROLE_WELLNESS_USER"", ""ROLE_GARMIN_USER"", ""ROLE_GCM_USER""]",3128.514,,170.0,630.9810180664062,False,2026-08-22 08:31:54,288.5,0.0,False,2.302999973297119,161.0,https://s3.amazonaws.com/garmin-connect-prod/profile_images/6dd3e63b-1cf6-47dd-a308-0af6c5311562-prth.png,5332.842,8420.63671875,1674.0,False,,1,True,https://s3.amazonaws.com/garmin-connect-prod/profile_images/6dd3e63b-1cf6-47dd-a308-0af6c5311562-prof.png,-2.7457321900874376,True,17,151.0,-28,HIGHLY_IMPACTING_TEMPO_23,389.2510070800781,,10,4d294da0-1d36-44c4-a103-1eeaab5f58df,82.5999984741211,45.0,False,False,[],running,False,False,150.203125,244.85125732421875,2532.817,247.0,False,182.0,False,False,233.0,24.146,19391.220703125,False,NO_ANAEROBIC_BENEFIT_0,False,8355.790985107422,GARMIN,89.00999755859375,Macayla,False,9,34.247553446627,148.0,7fcd29b3-1489-4abe-9eb9-ee386d52d0e8,247.0,950.529,3.117000102996826,159,uncategorized,,,53.22033444419503,False,861.001,358.0,False,4281.16015625,8626.4638671875,subscribers,False,2026-08-22 06:08:08,False,TEMPO,214.0,22,Cheshire West and Chester,,20,"[{""noOfSplits"": 10, ""totalAscent"": 0.0, ""duration"": 42.946998596191406, ""splitType"": ""RWD_STAND"", ""maxElevationGain"": 0.0, ""averageElevationGain"": 0.0, ""maxDistance"": 8, ""maxDistanceWithPrecision"": 8.789999961853027, ""distance"": 38.09000015258789, ""averageSpeed"": 0.8870000243186951, ""maxSpeed"": 0.5329999923706055, ""elevationLoss"": 0.0, ""avgStepFrequency"": 0.0}, {""noOfSplits"": 1, ""totalAscent"": 148.0, ""duration"": 8420.63671875, ""splitType"": ""INTERVAL_ACTIVE"", ""maxElevationGain"": 148.0, ""averageElevationGain"": 148.0, ""maxDistance"": 19388, ""maxDistanceWithPrecision"": 19388.009765625, ""distance"": 19390.3203125, ""averageSpeed"": 2.302999973297119, ""maxSpeed"": 3.117000102996826, ""elevationLoss"": 151.0, ""avgStepFrequency"": 150.1875, ""avgStepLength"": 0.8900999755859376, ""verticalRatio"": 9.4399995803833, ""verticalOscillation"": 8.4, ""avgGroundContactTime"": 288.5}, {""noOfSplits"": 24, ""totalAscent"": 11.0, ""duration"": 1352.14599609375, ""splitType"": ""RWD_WALK"", ""maxElevationGain"": 4.0, ""averageElevationGain"": 1.0, ""maxDistance"": 474, ""maxDistanceWithPrecision"": 474.57000732421875, ""distance"": 2007.280029296875, ""averageSpeed"": 1.4850000143051147, ""maxSpeed"": 2.2209999561309814, ""elevationLoss"": 15.0, ""avgStepFrequency"": 92.9375, ""avgStepLength"": 0.7562000122070313, ""verticalRatio"": 8.279999732971191, ""verticalOscillation"": 6.229999923706055, ""avgGroundContactTime"": 447.20001220703125}, {""noOfSplits"": 20, ""totalAscent"": 137.0, ""duration"": 7025.4580078125, ""splitType"": ""RWD_RUN"", ""maxElevationGain"": 23.0, ""averageElevationGain"": 7.0, ""maxDistance"": 1980, ""maxDistanceWithPrecision"": 1980.9000244140625, ""distance"": 17346.009765625, ""averageSpeed"": 2.4690001010894775, ""maxSpeed"": 3.117000102996826, ""elevationLoss"": 135.0, ""avgStepFrequency"": 162.46875, ""avgStepLength"": 0.909, ""verticalRatio"": 9.600000381469727, ""verticalOscillation"": 8.719999694824219, ""avgGroundContactTime"": 281.70001220703125}]",21634,1787378888000,Cheshire West and Chester Running,4.800000190734863,2026-08-22 07:08:08,,32.974,2077.760986328125,1312.0,24069292439,False,False,,-2.7445371821522713,3624601887,True,120,0.40000152587890625,12.199999809265137,1,8.4,143088564,False,,False,53.220366798341274,False,2084.881
3,False,1505.10595703125,False,0.3160000145435333,False,1100.985,,https://s3.amazonaws.com/garmin-connect-prod/profile_images/6dd3e63b-1cf6-47dd-a308-0af6c5311562-prfr.png,False,10.069999694824219,0.0,"[""SCOPE_ATP_READ"", ""SCOPE_COMMUNITY_COURSE_ADMIN_READ"", ""SCOPE_GCX_KID_WRITE"", ""SCOPE_DT_ACTIVE_INTELLIGENCE_READ"", ""SCOPE_COMMUNITY_COURSE_WRITE"", ""SCOPE_GCX_KID_ADMIN_READ"", ""SCOPE_CONNECT_WEB_TEMPLATE_RENDER"", ""SCOPE_ACTIVITY_DETECTION_READ"", ""SCOPE_OMT_SUBSCRIPTION_ADMIN_READ"", ""SCOPE_DI_OAUTH_2_MANAGED_STATUS_ADMIN_WRITE"", ""SCOPE_CONNECT_READ"", ""SCOPE_GCX_PET_READ"", ""SCOPE_GOLF_API_READ"", ""SCOPE_DI_OAUTH_2_DEVICE_REVOCATION_WRITE"", ""SCOPE_GCX_PET_WRITE"", ""SCOPE_DI_OAUTH_2_CREATE_DI_USER"", ""SCOPE_DIVE_API_WRITE"", ""SCOPE_DIVE_API_READ"", ""SCOPE_DI_OAUTH_2_CLIENT_READ"", ""SCOPE_CONNECT_WRITE"", ""SCOPE_CONNECT_MCT_DAILY_LOG_READ"", ""SCOPE_CONNECT_API_CREATE_UPDATE_USER"", ""SCOPE_MESSAGE_GENERATION_READ"", ""SCOPE_DI_OAUTH_2_CLIENT_REVOCATION_ADMIN"", ""SCOPE_GCX_PET_ADMIN_READ"", ""SCOPE_CONNECT_NON_SOCIAL_SHARED_READ"", ""SCOPE_DI_OAUTH_2_PRERELEASE_PERMISSIONS_ADMIN_WRITE"", ""SCOPE_DI_OAUTH_2_TOKEN_ADMIN"", ""SCOPE_ATP_WRITE"", ""SCOPE_GCX_KID_READ"", ""ROLE_CONNECTUSER"", ""ROLE_FITNESS_USER"", ""ROLE_WELLNESS_USER"", ""ROLE_GARMIN_USER"", ""ROLE_GCM_USER""]",2.009,,69.0,,False,2026-08-18 19:10:56,306.5,2.200000047683716,False,0.4410000145435333,162.0,https://s3.amazonaws.com/garmin-connect-prod/profile_images/6dd3e63b-1cf6-47dd-a308-0af6c5311562-prth.png,1022.001,3432.514892578125,78.0,False,,1,True,https://s3.amazonaws.com/garmin-connect-prod/profile_images/6dd3e63b-1cf6-47dd-a308-0af6c5311562-prof.png,-3.0323604214936495,True,17,6.0,-12,HIGHLY_IMPROVING_LACTATE_THRESHOLD_13,1880.0550537109375,,10,4d294da0-1d36-44c4-a103-1eeaab5f58df,41.599998474121094,,False,False,[],running,False,False,27.78125,200.97683715820312,25.011,215.0,False,192.0,False,False,51.0,291.961,1512.530029296875,False,MAINTAINING_ANAEROBIC_BASE_1,False,903.0,GARMIN,66.05,Macayla,False,9,33.729216530897375,9.0,b6876fee-6b17-4fcd-9001-27abd341f350,215.0,429.998,2.2769999504089355,159,uncategorized,,,53.372767651453614,False,1.992,278.0,False,,4234.9619140625,subscribers,False,2026-08-18 18:00:22,False,LACTATE_THRESHOLD,17.0,18,Wirral,,2,"[{""noOfSplits"": 105, ""totalAscent"": 0.0, ""duration"": 1911.449951171875, ""splitType"": ""RWD_STAND"", ""maxElevationGain"": 0.0, ""averageElevationGain"": 0.0, ""maxDistance"": 54, ""maxDistanceWithPrecision"": 54.88999938964844, ""distance"": 708.5399780273438, ""averageSpeed"": 0.3709999918937683, ""maxSpeed"": 0.5509999990463257, ""elevationLoss"": 2.0, ""avgStepFrequency"": 8.015625, ""verticalOscillation"": 5.029999923706055}, {""noOfSplits"": 121, ""totalAscent"": 400.0, ""duration"": 969.0020141601562, ""splitType"": ""RWD_WALK"", ""maxElevationGain"": 100.0, ""averageElevationGain"": 0.0, ""maxDistance"": 46, ""maxDistanceWithPrecision"": 46.90999984741211, ""distance"": 487.2099914550781, ""averageSpeed"": 0.503000020980835, ""maxSpeed"": 1.6979999542236328, ""elevationLoss"": 5.0, ""avgStepFrequency"": 49.28125, ""avgStepLength"": 0.791, ""verticalRatio"": 7.699999809265137, ""verticalOscillation"": 5.329999923706055, ""avgGroundContactTime"": 412.5}, {""noOfSplits"": 56, ""totalAscent"": 500.0, ""duration"": 552.0020141601562, ""splitType"": ""RWD_RUN"", ""maxElevationGain"": 100.0, ""averageElevationGain"": 0.0, ""maxDistance"": 27, ""maxDistanceWithPrecision"": 27.84000015258789, ""distance"": 318.75, ""averageSpeed"": 0.5770000219345093, ""maxSpeed"": 2.2769999504089355, ""elevationLoss"": 0.0, ""avgStepFrequency"": 93.21875, ""avgStepLength"": 0.6292999877929688, ""verticalRatio"": 10.640000343322754, ""verticalOscillation"": 5.800000000000001, ""avgGroundContactTime"": 301.29998779296875}, {""noOfSplits"": 1, ""totalAscent"": 900.0, ""duration"": 3432.514892578125, ""splitType"": ""INTERVAL_ACTIVE"", ""maxElevationGain"": 900.0, ""averageElevationGain"": 900.0, ""maxDistance"": 1512, ""maxDistanceWithPrecision"": 1512.43994140625, ""distance"": 1512.52001953125, ""averageSpeed"": 0.4410000145435333, ""maxSpeed"": 2.2769999504089355, ""elevationLoss"": 6.0, ""avgStepFrequency"": 27.765625, ""avgStepLength"": 0.6605, ""verticalRatio"": 10.069999694824219, ""verticalOscillation"": 5.579999923706055, ""avgGroundContactTime"": 306.5}]",3720,1787076022000,Wirral Running,4.0,2026-08-18 19:00:22,,0.0,,512.0,24027708367,False,False,COMPLETE,-3.03202036768198,3624601887,True,39,0.20000076293945312,28.799999237060547,1,5.579999923706055,143088564,False,,False,53.37276689708233,False,581.258
3,False,1.944000005722046,False,1.9700000286102295,False,0.0,,https://s3.amazonaws.com/garmin-connect-prod/profile_images/6dd3e63b-1cf6-47dd-a308-0af6c5311562-prfr.png,False,9.539999961853027,38.94,"[""SCOPE_ATP_READ"", ""SCOPE_COMMUNITY_COURSE_ADMIN_READ"", ""SCOPE_GCX_KID_WRITE"", ""SCOPE_DT_ACTIVE_INTELLIGENCE_READ"", ""SCOPE_COMMUNITY_COURSE_WRITE"", ""SCOPE_GCX_KID_ADMIN_READ"", ""SCOPE_CONNECT_WEB_TEMPLATE_RENDER"", ""SCOPE_ACTIVITY_DETECTION_READ"", ""SCOPE_OMT_SUBSCRIPTION_ADMIN_READ"", ""SCOPE_DI_OAUTH_2_MANAGED_STATUS_ADMIN_WRITE"", ""SCOPE_CONNECT_READ"", ""SCOPE_GCX_PET_READ"", ""SCOPE_GOLF_API_READ"", ""SCOPE_DI_OAUTH_2_DEVICE_REVOCATION_WRITE"", ""SCOPE_GCX_PET_WRITE"", ""SCOPE_DI_OAUTH_2_CREATE_DI_USER"", ""SCOPE_DIVE_API_WRITE"", ""SCOPE_DIVE_API_READ"", ""SCOPE_DI_OAUTH_2_CLIENT_READ"", ""SCOPE_CONNECT_WRITE"", ""SCOPE_CONNECT_MCT_DAILY_LOG_READ"", ""SCOPE_CONNECT_API_CREATE_UPDATE_USER"", ""SCOPE_MESSAGE_GENERATION_READ"", ""SCOPE_DI_OAUTH_2_CLIENT_REVOCATION_ADMIN"", ""SCOPE_GCX_PET_ADMIN_READ"", ""SCOPE_CONNECT_NON_SOCIAL_SHARED_READ"", ""SCOPE_DI_OAUTH_2_PRERELEASE_PERMISSIONS_ADMIN_WRITE"", ""SCOPE_DI_OAUTH_2_TOKEN_ADMIN"", ""SCOPE_ATP_WRITE"", ""SCOPE_GCX_KID_READ"", ""ROLE_CONNECTUSER"", ""ROLE_FITNESS_USER"", ""ROLE_WELLNESS_USER"", ""ROLE_GARMIN_USER"", ""ROLE_GCM_USER""]",456.035,,62.0,783.3980102539062,False,2026-08-17 19:21:38,301.5,0.0,False,1.9609999656677246,136.0,https://s3.amazonaws.com/garmin-connect-prod/profile_images/6dd3e63b-1cf6-47dd-a308-0af6c5311562-prth.png,1.0,3063.093017578125,539.0,False,,1,True,https://s3.amazonaws.com/garmin-connect-prod/profile_images/6dd3e63b-1cf6-47dd-a308-0af6c5311562-prof.png,-2.910383613780141,True,17,71.0,-6,MAINTAINING_AEROBIC_BASE_7,479.2099914550781,,10,4d294da0-1d36-44c4-a103-1eeaab5f58df,41.400001525878906,45.0,False,False,[],running,False,False,133.09375,51.306671142578125,1076.864,238.0,False,161.0,False,False,199.0,184.053,6005.72021484375,False,NO_ANAEROBIC_BENEFIT_0,False,3009.4129943847656,GARMIN,81.24000244140626,Macayla,False,9,30.440352578432467,72.0,9f4af53c-c0c1-486a-be71-4b0005e1d759,238.0,1724.934,3.937999963760376,159,uncategorized,,,53.28461115248501,False,150.085,455.0,False,,3063.093017578125,subscribers,False,2026-08-17 18:30:35,False,AEROBIC_BASE,175.0,18,Cheshire West and Chester,,7,"[{""noOfSplits"": 5, ""totalAscent"": 0.0, ""duration"": 30.0, ""splitType"": ""RWD_STAND"", ""maxElevationGain"": 0.0, ""averageElevationGain"": 0.0, ""maxDistance"": 8, ""maxDistanceWithPrecision"": 8.609999656677246, ""distance"": 32.119998931884766, ""averageSpeed"": 1.0709999799728394, ""maxSpeed"": 0.0, ""elevationLoss"": 0.0, ""avgStepFrequency"": 8.0}, {""noOfSplits"": 28, ""totalAscent"": 25.0, ""duration"": 928.0029907226562, ""splitType"": ""RWD_WALK"", ""maxElevationGain"": 6.0, ""averageElevationGain"": 1.0, ""maxDistance"": 238, ""maxDistanceWithPrecision"": 238.58999633789062, ""distance"": 1441.4300537109375, ""averageSpeed"": 1.5529999732971191, ""maxSpeed"": 2.174999952316284, ""elevationLoss"": 18.0, ""avgStepFrequency"": 91.84375, ""avgStepLength"": 0.7472000122070312, ""verticalRatio"": 8.180000305175781, ""verticalOscillation"": 6.090000152587891, ""avgGroundContactTime"": 449.8999938964844}, {""noOfSplits"": 26, ""totalAscent"": 47.0, ""duration"": 2105.008056640625, ""splitType"": ""RWD_RUN"", ""maxElevationGain"": 6.0, ""averageElevationGain"": 2.0, ""maxDistance"": 429, ""maxDistanceWithPrecision"": 429.07000732421875, ""distance"": 4533.0, ""averageSpeed"": 2.1530001163482666, ""maxSpeed"": 3.937999963760376, ""elevationLoss"": 53.0, ""avgStepFrequency"": 153.6875, ""avgStepLength"": 0.8345999755859376, ""verticalRatio"": 10.010000228881836, ""verticalOscillation"": 8.319999694824219, ""avgGroundContactTime"": 290.79998779296875}, {""noOfSplits"": 1, ""totalAscent"": 72.0, ""duration"": 3063.093017578125, ""splitType"": ""INTERVAL_ACTIVE"", ""maxElevationGain"": 72.0, ""averageElevationGain"": 72.0, ""maxDistance"": 6003, ""maxDistanceWithPrecision"": 6003.89013671875, ""distance"": 6005.60009765625, ""averageSpeed"": 1.9609999656677246, ""maxSpeed"": 3.937999963760376, ""elevationLoss"": 71.0, ""avgStepFrequency"": 133.09375, ""avgStepLength"": 0.8124000244140626, ""verticalRatio"": 9.539999961853027, ""verticalOscillation"": 7.75, ""avgGroundContactTime"": 301.5}]",7334,1786991435000,Cheshire West and Chester Running,2.5,2026-08-17 19:30:35,,19.006,2563.573974609375,391.0,24014405861,False,False,,-2.9089573491364717,3624601887,True,32,0.7999992370605469,17.600000381469727,1,7.75,143088564,False,,False,53.285641707479954,False,1132.032
3,False,1052.27294921875,False,0.32300001382827753,False,191.255,,https://s3.amazonaws.com/garmin-connect-prod/profile_images/6dd3e63b-1cf6-47dd-a308-0af6c5311562-prfr.png,False,10.130000114440918,0.0,"[""SCOPE_ATP_READ"", ""SCOPE_COMMUNITY_COURSE_ADMIN_READ"", ""SCOPE_GCX_KID_WRITE"", ""SCOPE_DT_ACTIVE_INTELLIGENCE_READ"", ""SCOPE_COMMUNITY_COURSE_WRITE"", ""SCOPE_GCX_KID_ADMIN_READ"", ""SCOPE_CONNECT_WEB_TEMPLATE_RENDER"", ""SCOPE_ACTIVITY_DETECTION_READ"", ""SCOPE_OMT_SUBSCRIPTION_ADMIN_READ"", ""SCOPE_DI_OAUTH_2_MANAGED_STATUS_ADMIN_WRITE"", ""SCOPE_CONNECT_READ"", ""SCOPE_GCX_PET_READ"", ""SCOPE_GOLF_API_READ"", ""SCOPE_DI_OAUTH_2_DEVICE_REVOCATION_WRITE"", ""SCOPE_GCX_PET_WRITE"", ""SCOPE_DI_OAUTH_2_CREATE_DI_USER"", ""SCOPE_DIVE_API_WRITE"", ""SCOPE_DIVE_API_READ"", ""SCOPE_DI_OAUTH_2_CLIENT_READ"", ""SCOPE_CONNECT_WRITE"", ""SCOPE_CONNECT_MCT_DAILY_LOG_READ"", ""SCOPE_CONNECT_API_CREATE_UPDATE_USER"", ""SCOPE_MESSAGE_GENERATION_READ"", ""SCOPE_DI_OAUTH_2_CLIENT_REVOCATION_ADMIN"", ""SCOPE_GCX_PET_ADMIN_READ"", ""SCOPE_CONNECT_NON_SOCIAL_SHARED_READ"", ""SCOPE_DI_OAUTH_2_PRERELEASE_PERMISSIONS_ADMIN_WRITE"", ""SCOPE_DI_OAUTH_2_TOKEN_ADMIN"", ""SCOPE_ATP_WRITE"", ""SCOPE_GCX_KID_READ"", ""ROLE_CONNECTUSER"", ""ROLE_FITNESS_USER"", ""ROLE_WELLNESS_USER"", ""ROLE_GARMIN_USER"", ""ROLE_GCM_USER""]",7.995,,61.0,,False,2026-08-11 19:20:26,299.29998779296875,1.100000023841858,False,0.4889999926090241,135.0,https://s3.amazonaws.com/garmin-connect-prod/profile_images/6dd3e63b-1cf6-47dd-a308-0af6c5311562-prth.png,305.098,3002.985107421875,66.0,False,,1,True,https://s3.amazonaws.com/garmin-connect-prod/profile_images/6dd3e63b-1cf6-47dd-a308-0af6c5311562-prof.png,-3.0323585774749517,True,17,16.0,-6,MAINTAINING_AEROBIC_BASE_7,3567.81396484375,,10,4d294da0-1d36-44c4-a103-1eeaab5f58df,46.400001525878906,,False,False,[],running,False,False,24.328125,77.60301208496094,23.053,247.0,False,189.0,False,False,41.0,767.979,1468.0699462890625,False,MINOR_ANAEROBIC_BENEFIT_15,False,792.0,GARMIN,67.75,Macayla,False,9,37.5361518872562,12.0,10cc54fb-ea79-4a5c-971b-a59f428fda0c,247.0,1233.935,2.5940001010894775,159,uncategorized,,,53.37275072000921,False,1.005,266.0,False,,4884.77392578125,subscribers,False,2026-08-11 17:59:02,False,AEROBIC_BASE,17.0,22,Wirral,,2,"[{""noOfSplits"": 91, ""totalAscent"": 0.0, ""duration"": 1767.5460205078125, ""splitType"": ""RWD_STAND"", ""maxElevationGain"": 0.0, ""averageElevationGain"": 0.0, ""maxDistance"": 51, ""maxDistanceWithPrecision"": 51.720001220703125, ""distance"": 675.0399780273438, ""averageSpeed"": 0.38199999928474426, ""maxSpeed"": 0.9419999718666077, ""elevationLoss"": 7.0, ""avgStepFrequency"": 5.140625}, {""noOfSplits"": 95, ""totalAscent"": 600.0, ""duration"": 765.0020141601562, ""splitType"": ""RWD_WALK"", ""maxElevationGain"": 200.0, ""averageElevationGain"": 0.0, ""maxDistance"": 35, ""maxDistanceWithPrecision"": 35.900001525878906, ""distance"": 465.9599914550781, ""averageSpeed"": 0.609000027179718, ""maxSpeed"": 2.052999973297119, ""elevationLoss"": 4.0, ""avgStepFrequency"": 48.234375, ""avgStepLength"": 0.7915999755859375, ""verticalRatio"": 7.869999885559082, ""verticalOscillation"": 5.520000076293946, ""avgGroundContactTime"": 427.1000061035156}, {""noOfSplits"": 40, ""totalAscent"": 600.0, ""duration"": 470.39898681640625, ""splitType"": ""RWD_RUN"", ""maxElevationGain"": 200.0, ""averageElevationGain"": 0.0, ""maxDistance"": 15, ""maxDistanceWithPrecision"": 15.979999542236328, ""distance"": 329.45001220703125, ""averageSpeed"": 0.699999988079071, ""maxSpeed"": 2.5940001010894775, ""elevationLoss"": 6.0, ""avgStepFrequency"": 93.578125, ""avgStepLength"": 0.655, ""verticalRatio"": 10.569999694824219, ""verticalOscillation"": 5.940000152587891, ""avgGroundContactTime"": 293.1000061035156}, {""noOfSplits"": 1, ""totalAscent"": 1200.0, ""duration"": 3002.985107421875, ""splitType"": ""INTERVAL_ACTIVE"", ""maxElevationGain"": 1200.0, ""averageElevationGain"": 1200.0, ""maxDistance"": 1467, ""maxDistanceWithPrecision"": 1467.739990234375, ""distance"": 1468.010009765625, ""averageSpeed"": 0.48899999260902405, ""maxSpeed"": 2.5940001010894775, ""elevationLoss"": 16.0, ""avgStepFrequency"": 24.3125, ""avgStepLength"": 0.6775, ""verticalRatio"": 10.130000114440918, ""verticalOscillation"": 5.75, ""avgGroundContactTime"": 299.29998779296875}]",3298,1786471142000,Wirral Running,2.799999952316284,2026-08-11 18:59:02,,0.0,,337.0,23941039071,False,False,COMPLETE,-3.0323127284646034,3624601887,True,26,0.40000152587890625,30.0,1,5.75,143088564,False,,False,53.37280017323792,False,440.953
3,False,1.6619999408721924,False,,False,0.0,,https://s3.amazonaws.com/garmin-connect-prod/profile_images/6dd3e63b-1cf6-47dd-a308-0af6c5311562-prfr.png,False,10.149999618530273,11.002,"[""SCOPE_ATP_READ"", ""SCOPE_COMMUNITY_COURSE_ADMIN_READ"", ""SCOPE_GCX_KID_WRITE"", ""SCOPE_DT_ACTIVE_INTELLIGENCE_READ"", ""SCOPE_COMMUNITY_COURSE_WRITE"", ""SCOPE_GCX_KID_ADMIN_READ"", ""SCOPE_CONNECT_WEB_TEMPLATE_RENDER"", ""SCOPE_ACTIVITY_DETECTION_READ"", ""SCOPE_OMT_SUBSCRIPTION_ADMIN_READ"", ""SCOPE_DI_OAUTH_2_MANAGED_STATUS_ADMIN_WRITE"", ""SCOPE_CONNECT_READ"", ""SCOPE_GCX_PET_READ"", ""SCOPE_GOLF_API_READ"", ""SCOPE_DI_OAUTH_2_DEVICE_REVOCATION_WRITE"", ""SCOPE_GCX_PET_WRITE"", ""SCOPE_DI_OAUTH_2_CREATE_DI_USER"", ""SCOPE_DIVE_API_WRITE"", ""SCOPE_DIVE_API_READ"", ""SCOPE_DI_OAUTH_2_CLIENT_READ"", ""SCOPE_CONNECT_WRITE"", ""SCOPE_CONNECT_MCT_DAILY_LOG_READ"", ""SCOPE_CONNECT_API_CREATE_UPDATE_USER"", ""SCOPE_MESSAGE_GENERATION_READ"", ""SCOPE_DI_OAUTH_2_CLIENT_REVOCATION_ADMIN"", ""SCOPE_GCX_PET_ADMIN_READ"", ""SCOPE_CONNECT_NON_SOCIAL_SHARED_READ"", ""SCOPE_DI_OAUTH_2_PRERELEASE_PERMISSIONS_ADMIN_WRITE"", ""SCOPE_DI_OAUTH_2_TOKEN_ADMIN"", ""SCOPE_ATP_WRITE"", ""SCOPE_GCX_KID_READ"", ""ROLE_CONNECTUSER"", ""ROLE_FITNESS_USER"", ""ROLE_WELLNESS_USER"", ""ROLE_GARMIN_USER"", ""ROLE_GCM_USER""]",140.006,,53.0,,False,2026-08-10 19:20:51,311.29998779296875,0.0,False,2.2780001163482666,134.0,https://s3.amazonaws.com/garmin-connect-prod/profile_images/6dd3e63b-1cf6-47dd-a308-0af6c5311562-prth.png,0.0,2635.384033203125,731.0,False,,1,True,https://s3.amazonaws.com/garmin-connect-prod/profile_images/6dd3e63b-1cf6-47dd-a308-0af6c5311562-prof.png,,False,1,,-4,MAINTAINING_AEROBIC_BASE_7,,,10,4d294da0-1d36-44c4-a103-1eeaab5f58df,,,False,False,[],treadmill_running,False,False,149.65625,34.966461181640625,2337.902,156.0,False,155.0,False,False,219.0,303.0,6004.18994140625,False,NO_ANAEROBIC_BENEFIT_0,False,2603.727996826172,GARMIN,91.79000244140626,Macayla,False,9,,,d9ae91e7-050a-49e6-b85e-f5024a238e1c,156.0,1492.414,2.9579999446868896,159,uncategorized,,,,False,91.996,305.0,False,,2635.384033203125,subscribers,False,2026-08-10 18:36:56,False,AEROBIC_BASE,216.0,11,,,7,"[{""noOfSplits"": 3, ""duration"": 12.345999717712402, ""splitType"": ""RWD_WALK"", ""maxDistance"": 1, ""maxDistanceWithPrecision"": 1.9700000286102295, ""distance"": 1.9700000286102295, ""averageSpeed"": 0.1589999943971634, ""maxSpeed"": 1.968999981880188, ""avgStepFrequency"": 55.0, ""avgStepLength"": 0.9680000000000001, ""verticalRatio"": 6.53000020980835, ""verticalOscillation"": 6.320000076293946}, {""noOfSplits"": 2, ""duration"": 11.0, ""splitType"": ""RWD_STAND"", ""maxDistance"": 0, ""maxDistanceWithPrecision"": 0.0, ""distance"": 0.0, ""averageSpeed"": 0.0, ""maxSpeed"": 0.0, ""avgStepFrequency"": 0.0}, {""noOfSplits"": 1, ""duration"": 2612.0, ""splitType"": ""RWD_RUN"", ""maxDistance"": 6002, ""maxDistanceWithPrecision"": 6002.22021484375, ""distance"": 6002.22021484375, ""averageSpeed"": 2.2980000972747803, ""maxSpeed"": 2.9579999446868896, ""avgStepFrequency"": 150.75, ""avgStepLength"": 0.9179000244140626, ""verticalRatio"": 10.149999618530273, ""verticalOscillation"": 9.3, ""avgGroundContactTime"": 311.29998779296875}, {""noOfSplits"": 1, ""duration"": 2635.384033203125, ""splitType"": ""INTERVAL_ACTIVE"", ""maxDistance"": 6004, ""maxDistanceWithPrecision"": 6004.18017578125, ""distance"": 6004.18017578125, ""averageSpeed"": 2.2780001163482666, ""maxSpeed"": 2.9579999446868896, ""avgStepFrequency"": 149.65625, ""avgStepLength"": 0.9179000244140626, ""verticalRatio"": 10.149999618530273, ""verticalOscillation"": 9.3, ""avgGroundContactTime"": 311.29998779296875}]",6536,1786387016000,Treadmill Running,2.0999999046325684,2026-08-10 19:36:56,,0.0,,323.0,23927411159,False,False,,,3624601887,True,32,,,18,9.3,143088564,False,,False,,False,810.974
3,False,2424.0029296875,False,,False,0.0,,https://s3.amazonaws.com/garmin-connect-prod/profile_images/6dd3e63b-1cf6-47dd-a308-0af6c5311562-prfr.png,False,,,"[""SCOPE_ATP_READ"", ""SCOPE_COMMUNITY_COURSE_ADMIN_READ"", ""SCOPE_GCX_KID_WRITE"", ""SCOPE_DT_ACTIVE_INTELLIGENCE_READ"", ""SCOPE_COMMUNITY_COURSE_WRITE"", ""SCOPE_GCX_KID_ADMIN_READ"", ""SCOPE_CONNECT_WEB_TEMPLATE_RENDER"", ""SCOPE_ACTIVITY_DETECTION_READ"", ""SCOPE_OMT_SUBSCRIPTION_ADMIN_READ"", ""SCOPE_DI_OAUTH_2_MANAGED_STATUS_ADMIN_WRITE"", ""SCOPE_CONNECT_READ"", ""SCOPE_GCX_PET_READ"", ""SCOPE_GOLF_API_READ"", ""SCOPE_DI_OAUTH_2_DEVICE_REVOCATION_WRITE"", ""SCOPE_GCX_PET_WRITE"", ""SCOPE_DI_OAUTH_2_CREATE_DI_USER"", ""SCOPE_DIVE_API_WRITE"", ""SCOPE_DIVE_API_READ"", ""SCOPE_DI_OAUTH_2_CLIENT_READ"", ""SCOPE_CONNECT_WRITE"", ""SCOPE_CONNECT_MCT_DAILY_LOG_READ"", ""SCOPE_CONNECT_API_CREATE_UPDATE_USER"", ""SCOPE_MESSAGE_GENERATION_READ"", ""SCOPE_DI_OAUTH_2_CLIENT_REVOCATION_ADMIN"", ""SCOPE_GCX_PET_ADMIN_READ"", ""SCOPE_CONNECT_NON_SOCIAL_SHARED_READ"", ""SCOPE_DI_OAUTH_2_PRERELEASE_PERMISSIONS_ADMIN_WRITE"", ""SCOPE_DI_OAUTH_2_TOKEN_ADMIN"", ""SCOPE_ATP_WRITE"", ""SCOPE_GCX_KID_READ"", ""ROLE_CONNECTUSER"", ""ROLE_FITNESS_USER"", ""ROLE_WELLNESS_USER"", ""ROLE_GARMIN_USER"", ""ROLE_GCM_USER""]",,,104.0,,False,2026-08-10 12:29:56,,0.0,False,0.29100000858306885,81.0,https://s3.amazonaws.com/garmin-connect-prod/profile_images/6dd3e63b-1cf6-47dd-a308-0af6c5311562-prth.png,0.0,5148.5771484375,695.0,False,,11,False,https://s3.amazonaws.com/garmin-connect-prod/profile_images/6dd3e63b-1cf6-47dd-a308-0af6c5311562-prof.png,-3.0468057934194803,True,17,28.0,-5,RECOVERY_5,,,10,4d294da0-1d36-44c4-a103-1eeaab5f58df,46.599998474121094,,False,False,[],walking,False,False,4.890625,3.4512786865234375,,187.0,False,126.0,False,False,,237.023,1497.030029296875,False,NO_ANAEROBIC_BENEFIT_0,False,746.0,GARMIN,355.9931716054656,Macayla,False,9,41.424864060210005,27.0,48ecffc3-44ae-4271-acb0-e0a186c45b21,187.0,38.0,4.591000080108643,159,uncategorized,,,53.33549450151622,False,,,False,,6944.22705078125,subscribers,False,2026-08-10 10:34:12,False,RECOVERY,,4,Wirral,,2,[],1090,1786358052000,Wirral Walking,0.20000000298023224,2026-08-10 11:34:12,,,,187.0,23922647129,False,False,,-3.0464033782482147,3624601887,True,0,0.40000152587890625,31.600000381469727,9,,143088564,False,,False,53.33521823398769,False,0.0
3,False,581.85400390625,False,0.34200000762939453,False,207.998,,https://s3.amazonaws.com/garmin-connect-prod/profile_images/6dd3e63b-1cf6-47dd-a308-0af6c5311562-prfr.png,False,9.239999771118164,0.999,"[""SCOPE_ATP_READ"", ""SCOPE_COMMUNITY_COURSE_ADMIN_READ"", ""SCOPE_GCX_KID_WRITE"", ""SCOPE_DT_ACTIVE_INTELLIGENCE_READ"", ""SCOPE_COMMUNITY_COURSE_WRITE"", ""SCOPE_GCX_KID_ADMIN_READ"", ""SCOPE_CONNECT_WEB_TEMPLATE_RENDER"", ""SCOPE_ACTIVITY_DETECTION_READ"", ""SCOPE_OMT_SUBSCRIPTION_ADMIN_READ"", ""SCOPE_DI_OAUTH_2_MANAGED_STATUS_ADMIN_WRITE"", ""SCOPE_CONNECT_READ"", ""SCOPE_GCX_PET_READ"", ""SCOPE_GOLF_API_READ"", ""SCOPE_DI_OAUTH_2_DEVICE_REVOCATION_WRITE"", ""SCOPE_GCX_PET_WRITE"", ""SCOPE_DI_OAUTH_2_CREATE_DI_USER"", ""SCOPE_DIVE_API_WRITE"", ""SCOPE_DIVE_API_READ"", ""SCOPE_DI_OAUTH_2_CLIENT_READ"", ""SCOPE_CONNECT_WRITE"", ""SCOPE_CONNECT_MCT_DAILY_LOG_READ"", ""SCOPE_CONNECT_API_CREATE_UPDATE_USER"", ""SCOPE_MESSAGE_GENERATION_READ"", ""SCOPE_DI_OAUTH_2_CLIENT_REVOCATION_ADMIN"", ""SCOPE_GCX_PET_ADMIN_READ"", ""SCOPE_CONNECT_NON_SOCIAL_SHARED_READ"", ""SCOPE_DI_OAUTH_2_PRERELEASE_PERMISSIONS_ADMIN_WRITE"", ""SCOPE_DI_OAUTH_2_TOKEN_ADMIN"", ""SCOPE_ATP_WRITE"", ""SCOPE_GCX_KID_READ"", ""ROLE_CONNECTUSER"", ""ROLE_FITNESS_USER"", ""ROLE_WELLNESS_USER"", ""ROLE_GARMIN_USER"", ""ROLE_GCM_USER""]",6.96,,47.0,,False,2026-08-09 15:42:21,305.20001220703125,2.0999999046325684,False,0.527999997138977,152.0,https://s3.amazonaws.com/garmin-connect-prod/profile_images/6dd3e63b-1cf6-47dd-a308-0af6c5311562-prth.png,883.977,2326.303955078125,39.0,False,,1,True,https://s3.amazonaws.com/garmin-connect-prod/profile_images/6dd3e63b-1cf6-47dd-a308-0af6c5311562-prof.png,-3.093313369899988,True,17,19.0,-4,IMPROVING_AEROBIC_BASE_8,1690.0,,10,4d294da0-1d36-44c4-a103-1eeaab5f58df,12.600000381469727,,False,False,[],running,False,False,20.578125,126.95231628417969,25.036,234.0,False,190.0,False,False,46.0,315.996,1229.3599853515625,False,MAINTAINING_ANAEROBIC_BASE_1,False,544.0,GARMIN,78.25999755859375,Macayla,False,9,2.628460884145489,4.0,4217d2ad-fa0b-4bbc-bd5b-a8a7cbccaaaa,234.0,408.035,4.301000118255615,159,uncategorized,,,53.41193209402263,False,3.0,370.0,False,,2326.303955078125,subscribers,False,2026-08-09 15:03:35,False,AEROBIC_BASE,13.0,7,Wirral,,2,"[{""noOfSplits"": 68, ""totalAscent"": 0.0, ""duration"": 999.1820068359375, ""splitType"": ""RWD_STAND"", ""maxElevationGain"": 0.0, ""averageElevationGain"": 0.0, ""maxDistance"": 55, ""maxDistanceWithPrecision"": 55.5099983215332, ""distance"": 428.17999267578125, ""averageSpeed"": 0.42899999022483826, ""maxSpeed"": 0.0, ""elevationLoss"": 0.0, ""avgStepFrequency"": 7.390625}, {""noOfSplits"": 1, ""totalAscent"": 400.0, ""duration"": 2326.303955078125, ""splitType"": ""INTERVAL_ACTIVE"", ""maxElevationGain"": 400.0, ""averageElevationGain"": 400.0, ""maxDistance"": 1229, ""maxDistanceWithPrecision"": 1229.0999755859375, ""distance"": 1229.31005859375, ""averageSpeed"": 0.527999997138977, ""maxSpeed"": 4.301000118255615, ""elevationLoss"": 19.0, ""avgStepFrequency"": 20.5625, ""avgStepLength"": 0.7825999755859375, ""verticalRatio"": 9.239999771118164, ""verticalOscillation"": 5.820000076293946, ""avgGroundContactTime"": 305.20001220703125}, {""noOfSplits"": 62, ""totalAscent"": 400.0, ""duration"": 1041.9930419921875, ""splitType"": ""RWD_WALK"", ""maxElevationGain"": 100.0, ""averageElevationGain"": 0.0, ""maxDistance"": 121, ""maxDistanceWithPrecision"": 121.25, ""distance"": 555.1699829101562, ""averageSpeed"": 0.5329999923706055, ""maxSpeed"": 1.8940000534057617, ""elevationLoss"": 17.0, ""avgStepFrequency"": 28.84375, ""avgStepLength"": 0.7810999755859376, ""verticalRatio"": 8.029999732971191, ""verticalOscillation"": 5.390000152587891, ""avgGroundContactTime"": 404.79998779296875}, {""noOfSplits"": 29, ""totalAscent"": 0.0, ""duration"": 285.00201416015625, ""splitType"": ""RWD_RUN"", ""maxElevationGain"": 0.0, ""averageElevationGain"": 0.0, ""maxDistance"": 41, ""maxDistanceWithPrecision"": 41.9900016784668, ""distance"": 247.75999450683594, ""averageSpeed"": 0.8690000176429749, ""maxSpeed"": 4.301000118255615, ""elevationLoss"": 2.0, ""avgStepFrequency"": 75.46875, ""avgStepLength"": 0.7830999755859375, ""verticalRatio"": 9.65999984741211, ""verticalOscillation"": 6.45999984741211, ""avgGroundContactTime"": 293.0}]",2320,1786287815000,Wirral Running,3.200000047683716,2026-08-09 16:03:35,,4.0,,323.0,23914316583,False,False,COMPLETE,-3.093329630792141,3624601887,True,26,0.20000076293945312,-4.599999904632568,1,5.820000076293946,143088564,False,,False,53.41212219558656,False,468.977
3,False,30.211000442504883,False,2.8849999904632564,False,2742.573,,https://s3.amazonaws.com/garmin-connect-prod/profile_images/6dd3e63b-1cf6-47dd-a308-0af6c5311562-prfr.png,False,8.989999771118164,711.187,"[""SCOPE_ATP_READ"", ""SCOPE_COMMUNITY_COURSE_ADMIN_READ"", ""SCOPE_GCX_KID_WRITE"", ""SCOPE_DT_ACTIVE_INTELLIGENCE_READ"", ""SCOPE_COMMUNITY_COURSE_WRITE"", ""SCOPE_GCX_KID_ADMIN_READ"", ""SCOPE_CONNECT_WEB_TEMPLATE_RENDER"", ""SCOPE_ACTIVITY_DETECTION_READ"", ""SCOPE_OMT_SUBSCRIPTION_ADMIN_READ"", ""SCOPE_DI_OAUTH_2_MANAGED_STATUS_ADMIN_WRITE"", ""SCOPE_CONNECT_READ"", ""SCOPE_GCX_PET_READ"", ""SCOPE_GOLF_API_READ"", ""SCOPE_DI_OAUTH_2_DEVICE_REVOCATION_WRITE"", ""SCOPE_GCX_PET_WRITE"", ""SCOPE_DI_OAUTH_2_CREATE_DI_USER"", ""SCOPE_DIVE_API_WRITE"", ""SCOPE_DIVE_API_READ"", ""SCOPE_DI_OAUTH_2_CLIENT_READ"", ""SCOPE_CONNECT_WRITE"", ""SCOPE_CONNECT_MCT_DAILY_LOG_READ"", ""SCOPE_CONNECT_API_CREATE_UPDATE_USER"", ""SCOPE_MESSAGE_GENERATION_READ"", ""SCOPE_DI_OAUTH_2_CLIENT_REVOCATION_ADMIN"", ""SCOPE_GCX_PET_ADMIN_READ"", ""SCOPE_CONNECT_NON_SOCIAL_SHARED_READ"", ""SCOPE_DI_OAUTH_2_PRERELEASE_PERMISSIONS_ADMIN_WRITE"", ""SCOPE_DI_OAUTH_2_TOKEN_ADMIN"", ""SCOPE_ATP_WRITE"", ""SCOPE_GCX_KID_READ"", ""ROLE_CONNECTUSER"", ""ROLE_FITNESS_USER"", ""ROLE_WELLNESS_USER"", ""ROLE_GARMIN_USER"", ""ROLE_GCM_USER""]",782.861,,71.0,534.4730224609375,False,2026-08-08 08:44:44,271.8999938964844,0.6000000238418579,False,2.86899995803833,182.0,https://s3.amazonaws.com/garmin-connect-prod/profile_images/6dd3e63b-1cf6-47dd-a308-0af6c5311562-prth.png,649.041,3517.73095703125,976.0,False,,1,True,https://s3.amazonaws.com/garmin-connect-prod/profile_images/6dd3e63b-1cf6-47dd-a308-0af6c5311562-prof.png,-2.390451477840543,True,17,99.0,-14,OVERREACHING_17,325.4200134277344,,10,4d294da0-1d36-44c4-a103-1eeaab5f58df,74.80000305175781,45.0,False,False,[],running,False,False,164.625,319.470458984375,141.943,171.0,False,192.0,False,False,286.0,11.024,10091.83984375,True,NO_ANAEROBIC_BENEFIT_0,False,3515.6749877929688,GARMIN,104.54000244140626,Macayla,False,9,53.97663439587479,100.0,d5ad8db3-f65b-4cd4-b849-bcc9d76ee487,171.0,18.987,3.3499999046325684,159,uncategorized,,,53.3283827919513,False,1572.461,413.0,False,3480.80908203125,3517.73095703125,subscribers,False,2026-08-08 07:46:07,False,VO2MAX,281.0,1,Cheshire East,,11,"[{""noOfSplits"": 1, ""totalAscent"": 100.0, ""duration"": 3517.68310546875, ""splitType"": ""RWD_RUN"", ""maxElevationGain"": 100.0, ""averageElevationGain"": 100.0, ""maxDistance"": 10089, ""maxDistanceWithPrecision"": 10089.6201171875, ""distance"": 10091.58984375, ""averageSpeed"": 2.86899995803833, ""maxSpeed"": 3.3499999046325684, ""elevationLoss"": 99.0, ""avgStepFrequency"": 164.625, ""avgStepLength"": 1.0454000244140627, ""verticalRatio"": 8.989999771118164, ""verticalOscillation"": 9.390000152587891, ""avgGroundContactTime"": 271.8999938964844}, {""noOfSplits"": 1, ""totalAscent"": 100.0, ""duration"": 3517.73095703125, ""splitType"": ""INTERVAL_ACTIVE"", ""maxElevationGain"": 100.0, ""averageElevationGain"": 100.0, ""maxDistance"": 10089, ""maxDistanceWithPrecision"": 10089.6201171875, ""distance"": 10091.58984375, ""averageSpeed"": 2.86899995803833, ""maxSpeed"": 3.3499999046325684, ""elevationLoss"": 99.0, ""avgStepFrequency"": 164.625, ""avgStepLength"": 1.0454000244140627, ""verticalRatio"": 8.989999771118164, ""verticalOscillation"": 9.390000152587891, ""avgGroundContactTime"": 271.8999938964844}]",9624,1786175167000,Cheshire East Running,5.0,2026-08-08 08:46:07,,301.171,1721.635986328125,681.0,23895934962,False,False,,-2.3904363065958023,3624601887,True,56,0.40000152587890625,35.79999923706055,1,9.390000152587891,143088564,False,,False,53.32837985828519,True,77.001
3,False,2.8010001182556152,False,,False,0.0,,https://s3.amazonaws.com/garmin-connect-prod/profile_images/6dd3e63b-1cf6-47dd-a308-0af6c5311562-prfr.png,False,10.09000015258789,18.997,"[""SCOPE_ATP_READ"", ""SCOPE_COMMUNITY_COURSE_ADMIN_READ"", ""SCOPE_GCX_KID_WRITE"", ""SCOPE_DT_ACTIVE_INTELLIGENCE_READ"", ""SCOPE_COMMUNITY_COURSE_WRITE"", ""SCOPE_GCX_KID_ADMIN_READ"", ""SCOPE_CONNECT_WEB_TEMPLATE_RENDER"", ""SCOPE_ACTIVITY_DETECTION_READ"", ""SCOPE_OMT_SUBSCRIPTION_ADMIN_READ"", ""SCOPE_DI_OAUTH_2_MANAGED_STATUS_ADMIN_WRITE"", ""SCOPE_CONNECT_READ"", ""SCOPE_GCX_PET_READ"", ""SCOPE_GOLF_API_READ"", ""SCOPE_DI_OAUTH_2_DEVICE_REVOCATION_WRITE"", ""SCOPE_GCX_PET_WRITE"", ""SCOPE_DI_OAUTH_2_CREATE_DI_USER"", ""SCOPE_DIVE_API_WRITE"", ""SCOPE_DIVE_API_READ"", ""SCOPE_DI_OAUTH_2_CLIENT_READ"", ""SCOPE_CONNECT_WRITE"", ""SCOPE_CONNECT_MCT_DAILY_LOG_READ"", ""SCOPE_CONNECT_API_CREATE_UPDATE_USER"", ""SCOPE_MESSAGE_GENERATION_READ"", ""SCOPE_DI_OAUTH_2_CLIENT_REVOCATION_ADMIN"", ""SCOPE_GCX_PET_ADMIN_READ"", ""SCOPE_CONNECT_NON_SOCIAL_SHARED_READ"", ""SCOPE_DI_OAUTH_2_PRERELEASE_PERMISSIONS_ADMIN_WRITE"", ""SCOPE_DI_OAUTH_2_TOKEN_ADMIN"", ""SCOPE_ATP_WRITE"", ""SCOPE_GCX_KID_READ"", ""ROLE_CONNECTUSER"", ""ROLE_FITNESS_USER"", ""ROLE_WELLNESS_USER"", ""ROLE_GARMIN_USER"", ""ROLE_GCM_USER""]",109.997,,53.0,,False,2026-08-06 18:38:17,303.79998779296875,0.0,False,2.2780001163482666,138.0,https://s3.amazonaws.com/garmin-connect-prod/profile_images/6dd3e63b-1cf6-47dd-a308-0af6c5311562-prth.png,1.001,2637.43896484375,666.0,False,,1,True,https://s3.amazonaws.com/garmin-connect-prod/profile_images/6dd3e63b-1cf6-47dd-a308-0af6c5311562-prof.png,,False,1,,-34,MAINTAINING_AEROBIC_BASE_7,,,10,4d294da0-1d36-44c4-a103-1eeaab5f58df,,,False,False,[],treadmill_running,False,False,150.96875,49.88114929199219,2290.291,160.0,False,161.0,False,False,220.0,268.998,6007.52978515625,False,NO_ANAEROBIC_BENEFIT_0,False,2574.4120178222656,GARMIN,91.17000122070313,Macayla,False,9,,,eb867c76-14d4-4a0e-80bc-69d60a89683e,160.0,908.986,3.069999933242798,159,uncategorized,,,,False,94.004,314.0,False,,34609.36328125,subscribers,False,2026-08-06 09:01:28,False,AEROBIC_BASE,216.0,10,,,7,"[{""noOfSplits"": 5, ""duration"": 37.44200134277344, ""splitType"": ""RWD_STAND"", ""maxDistance"": 0, ""maxDistanceWithPrecision"": 0.0, ""distance"": 0.0, ""averageSpeed"": 0.0, ""maxSpeed"": 0.0, ""avgStepFrequency"": 21.0}, {""noOfSplits"": 1, ""duration"": 2637.43896484375, ""splitType"": ""INTERVAL_ACTIVE"", ""maxDistance"": 6007, ""maxDistanceWithPrecision"": 6007.52001953125, ""distance"": 6007.52001953125, ""averageSpeed"": 2.2780001163482666, ""maxSpeed"": 3.069999933242798, ""avgStepFrequency"": 150.96875, ""avgStepLength"": 0.9117000122070312, ""verticalRatio"": 10.09000015258789, ""verticalOscillation"": 9.169999694824218, ""avgGroundContactTime"": 303.79998779296875}, {""noOfSplits"": 5, ""duration"": 21.000999450683594, ""splitType"": ""RWD_WALK"", ""maxDistance"": 2, ""maxDistanceWithPrecision"": 2.0, ""distance"": 3.0, ""averageSpeed"": 0.14300000667572021, ""maxSpeed"": 0.6899999976158142, ""avgStepFrequency"": 84.46875, ""verticalOscillation"": 4.890000152587891, ""avgGroundContactTime"": 462.0}, {""noOfSplits"": 3, ""duration"": 2578.95703125, ""splitType"": ""RWD_RUN"", ""maxDistance"": 3033, ""maxDistanceWithPrecision"": 3033.89990234375, ""distance"": 6004.52001953125, ""averageSpeed"": 2.328000068664551, ""maxSpeed"": 3.069999933242798, ""avgStepFrequency"": 153.65625, ""avgStepLength"": 0.9117000122070312, ""verticalRatio"": 10.09000015258789, ""verticalOscillation"": 9.180000305175781, ""avgGroundContactTime"": 303.70001220703125}]",6584,1786006888000,Treadmill Running,2.4000000953674316,2026-08-06 10:01:28,,0.0,,361.0,23878724246,False,False,,,3624601887,True,67,,,18,9.169999694824218,143088564,False,,False,,False,1377.317
3,False,1595.64501953125,False,0.26100000739097595,False,1437.221,,https://s3.amazonaws.com/garmin-connect-prod/profile_images/6dd3e63b-1cf6-47dd-a308-0af6c5311562-prfr.png,False,10.529999732971191,0.0,"[""SCOPE_ATP_READ"", ""SCOPE_COMMUNITY_COURSE_ADMIN_READ"", ""SCOPE_GCX_KID_WRITE"", ""SCOPE_DT_ACTIVE_INTELLIGENCE_READ"", ""SCOPE_COMMUNITY_COURSE_WRITE"", ""SCOPE_GCX_KID_ADMIN_READ"", ""SCOPE_CONNECT_WEB_TEMPLATE_RENDER"", ""SCOPE_ACTIVITY_DETECTION_READ"", ""SCOPE_OMT_SUBSCRIPTION_ADMIN_READ"", ""SCOPE_DI_OAUTH_2_MANAGED_STATUS_ADMIN_WRITE"", ""SCOPE_CONNECT_READ"", ""SCOPE_GCX_PET_READ"", ""SCOPE_GOLF_API_READ"", ""SCOPE_DI_OAUTH_2_DEVICE_REVOCATION_WRITE"", ""SCOPE_GCX_PET_WRITE"", ""SCOPE_DI_OAUTH_2_CREATE_DI_USER"", ""SCOPE_DIVE_API_WRITE"", ""SCOPE_DIVE_API_READ"", ""SCOPE_DI_OAUTH_2_CLIENT_READ"", ""SCOPE_CONNECT_WRITE"", ""SCOPE_CONNECT_MCT_DAILY_LOG_READ"", ""SCOPE_CONNECT_API_CREATE_UPDATE_USER"", ""SCOPE_MESSAGE_GENERATION_READ"", ""SCOPE_DI_OAUTH_2_CLIENT_REVOCATION_ADMIN"", ""SCOPE_GCX_PET_ADMIN_READ"", ""SCOPE_CONNECT_NON_SOCIAL_SHARED_READ"", ""SCOPE_DI_OAUTH_2_PRERELEASE_PERMISSIONS_ADMIN_WRITE"", ""SCOPE_DI_OAUTH_2_TOKEN_ADMIN"", ""SCOPE_ATP_WRITE"", ""SCOPE_GCX_KID_READ"", ""ROLE_CONNECTUSER"", ""ROLE_FITNESS_USER"", ""ROLE_WELLNESS_USER"", ""ROLE_GARMIN_USER"", ""ROLE_GCM_USER""]",4.101,,111.0,2857.5048828125,False,2026-08-04 19:34:04,307.3999938964844,2.4000000953674316,False,0.44200000166893005,159.0,https://s3.amazonaws.com/garmin-connect-prod/profile_images/6dd3e63b-1cf6-47dd-a308-0af6c5311562-prth.png,1269.304,5476.248046875,101.0,False,,1,True,https://s3.amazonaws.com/garmin-connect-prod/profile_images/6dd3e63b-1cf6-47dd-a308-0af6c5311562-prof.png,-3.0322603415697813,True,17,13.0,-13,HIGHLY_IMPROVING_VO2_MAX_16,1613.0250244140625,,10,4d294da0-1d36-44c4-a103-1eeaab5f58df,41.79999923706055,,False,False,[],running,False,False,25.765625,264.06536865234375,28.829,249.0,False,195.0,False,False,46.0,472.786,2419.530029296875,False,MAINTAINING_ANAEROBIC_BASE_1,False,1300.0,GARMIN,62.72999877929688,Macayla,False,9,36.2114682733969,14.0,413eb4de-8b6b-49d3-aaad-80d7459ea7d3,249.0,532.211,2.6410000324249263,159,uncategorized,,,53.372793635353446,False,0.0,244.0,False,,5476.248046875,subscribers,False,2026-08-04 18:02:48,False,VO2MAX,14.0,24,Wirral,,3,"[{""noOfSplits"": 1, ""totalAscent"": 1400.0, ""duration"": 5476.248046875, ""splitType"": ""INTERVAL_ACTIVE"", ""numClimbSends"": 0, ""maxElevationGain"": 1400.0, ""averageElevationGain"": 1400.0, ""maxDistance"": 2419, ""maxDistanceWithPrecision"": 2419.3701171875, ""distance"": 2419.530029296875, ""averageSpeed"": 0.44200000166893005, ""maxSpeed"": 2.6410000324249268, ""numFalls"": 0, ""elevationLoss"": 13.0, ""avgStepFrequency"": 25.765625, ""avgStepLength"": 0.6272999877929688, ""verticalRatio"": 10.529999732971191, ""verticalOscillation"": 5.520000076293946, ""avgGroundContactTime"": 307.3999938964844}, {""noOfSplits"": 161, ""totalAscent"": 800.0, ""duration"": 1550.1319580078125, ""splitType"": ""RWD_WALK"", ""numClimbSends"": 0, ""maxElevationGain"": 200.0, ""averageElevationGain"": 0.0, ""maxDistance"": 42, ""maxDistanceWithPrecision"": 42.0099983215332, ""distance"": 794.77001953125, ""averageSpeed"": 0.5130000114440918, ""maxSpeed"": 2.5940001010894775, ""numFalls"": 0, ""elevationLoss"": 12.0, ""avgStepFrequency"": 47.359375, ""avgStepLength"": 0.7039000244140625, ""verticalRatio"": 8.710000038146973, ""verticalOscillation"": 5.30999984741211, ""avgGroundContactTime"": 425.79998779296875}, {""noOfSplits"": 75, ""totalAscent"": 600.0, ""duration"": 819.8060302734375, ""splitType"": ""RWD_RUN"", ""numClimbSends"": 0, ""maxElevationGain"": 200.0, ""averageElevationGain"": 0.0, ""maxDistance"": 26, ""maxDistanceWithPrecision"": 26.649999618530273, ""distance"": 503.760009765625, ""averageSpeed"": 0.6140000224113464, ""maxSpeed"": 2.6410000324249268, ""numFalls"": 0, ""elevationLoss"": 0.0, ""avgStepFrequency"": 83.921875, ""avgStepLength"": 0.6079000244140625, ""verticalRatio"": 10.989999771118164, ""verticalOscillation"": 5.720000076293946, ""avgGroundContactTime"": 294.3999938964844}, {""noOfSplits"": 163, ""totalAscent"": 0.0, ""duration"": 3106.282958984375, ""splitType"": ""RWD_STAND"", ""numClimbSends"": 0, ""maxElevationGain"": 0.0, ""averageElevationGain"": 0.0, ""maxDistance"": 36, ""maxDistanceWithPrecision"": 36.06999969482422, ""distance"": 1124.0400390625, ""averageSpeed"": 0.3619999885559082, ""maxSpeed"": 0.9419999718666077, ""numFalls"": 0, ""elevationLoss"": 1.0, ""avgStepFrequency"": 5.84375}]",5186,1785866568000,Wirral Running,4.5,2026-08-04 19:02:48,,0.0,,726.0,23853989056,False,False,COMPLETE,-3.0322260595858097,3624601887,True,50,0.3999977111816406,29.799999237060547,1,5.520000076293946,143088564,False,,False,53.37280855514109,False,1638.383
3,False,941.510009765625,False,,False,0.0,,https://s3.amazonaws.com/garmin-connect-prod/profile_images/6dd3e63b-1cf6-47dd-a308-0af6c5311562-prfr.png,False,,,"[""SCOPE_ATP_READ"", ""SCOPE_COMMUNITY_COURSE_ADMIN_READ"", ""SCOPE_GCX_KID_WRITE"", ""SCOPE_DT_ACTIVE_INTELLIGENCE_READ"", ""SCOPE_COMMUNITY_COURSE_WRITE"", ""SCOPE_GCX_KID_ADMIN_READ"", ""SCOPE_CONNECT_WEB_TEMPLATE_RENDER"", ""SCOPE_ACTIVITY_DETECTION_READ"", ""SCOPE_OMT_SUBSCRIPTION_ADMIN_READ"", ""SCOPE_DI_OAUTH_2_MANAGED_STATUS_ADMIN_WRITE"", ""SCOPE_CONNECT_READ"", ""SCOPE_GCX_PET_READ"", ""SCOPE_GOLF_API_READ"", ""SCOPE_DI_OAUTH_2_DEVICE_REVOCATION_WRITE"", ""SCOPE_GCX_PET_WRITE"", ""SCOPE_DI_OAUTH_2_CREATE_DI_USER"", ""SCOPE_DIVE_API_WRITE"", ""SCOPE_DIVE_API_READ"", ""SCOPE_DI_OAUTH_2_CLIENT_READ"", ""SCOPE_CONNECT_WRITE"", ""SCOPE_CONNECT_MCT_DAILY_LOG_READ"", ""SCOPE_CONNECT_API_CREATE_UPDATE_USER"", ""SCOPE_MESSAGE_GENERATION_READ"", ""SCOPE_DI_OAUTH_2_CLIENT_REVOCATION_ADMIN"", ""SCOPE_GCX_PET_ADMIN_READ"", ""SCOPE_CONNECT_NON_SOCIAL_SHARED_READ"", ""SCOPE_DI_OAUTH_2_PRERELEASE_PERMISSIONS_ADMIN_WRITE"", ""SCOPE_DI_OAUTH_2_TOKEN_ADMIN"", ""SCOPE_ATP_WRITE"", ""SCOPE_GCX_KID_READ"", ""ROLE_CONNECTUSER"", ""ROLE_FITNESS_USER"", ""ROLE_WELLNESS_USER"", ""ROLE_GARMIN_USER"", ""ROLE_GCM_USER""]",,5,19.0,,False,2026-08-03 20:15:38,,0.0,False,0.0,128.0,https://s3.amazonaws.com/garmin-connect-prod/profile_images/6dd3e63b-1cf6-47dd-a308-0af6c5311562-prth.png,0.0,941.510009765625,149.0,False,,4,False,https://s3.amazonaws.com/garmin-connect-prod/profile_images/6dd3e63b-1cf6-47dd-a308-0af6c5311562-prof.png,,False,29,,-2,MINOR_AEROBIC_BENEFIT_6,,17,10,4d294da0-1d36-44c4-a103-1eeaab5f58df,,,False,False,[],strength_training,False,False,,14.07061767578125,,,False,144.0,False,False,,212.802,0.0,False,NO_ANAEROBIC_BENEFIT_0,False,469.4909973144531,GARMIN,,Macayla,False,9,,,0f891ce1-db73-4539-9b18-0f44ab665ebb,,679.26,,159,uncategorized,5,,,False,,,False,,941.510009765625,subscribers,False,2026-08-03 19:59:57,False,AEROBIC_BASE,,8,,"[{""category"": ""UNKNOWN"", ""reps"": 17, ""volume"": 0, ""duration"": 469490.9906387329, ""sets"": 5, ""maxWeight"": 0}]",1,[],34,1785787197000,Strength,1.100000023841858,2026-08-03 20:59:57,,,,110.0,23840864551,False,False,,,3624601887,False,7,,,13,,143088564,False,,False,,False,44.999
3,False,3.0209999084472656,False,1.9470000267028809,False,0.0,,https://s3.amazonaws.com/garmin-connect-prod/profile_images/6dd3e63b-1cf6-47dd-a308-0af6c5311562-prfr.png,False,9.760000228881836,0.0,"[""SCOPE_ATP_READ"", ""SCOPE_COMMUNITY_COURSE_ADMIN_READ"", ""SCOPE_GCX_KID_WRITE"", ""SCOPE_DT_ACTIVE_INTELLIGENCE_READ"", ""SCOPE_COMMUNITY_COURSE_WRITE"", ""SCOPE_GCX_KID_ADMIN_READ"", ""SCOPE_CONNECT_WEB_TEMPLATE_RENDER"", ""SCOPE_ACTIVITY_DETECTION_READ"", ""SCOPE_OMT_SUBSCRIPTION_ADMIN_READ"", ""SCOPE_DI_OAUTH_2_MANAGED_STATUS_ADMIN_WRITE"", ""SCOPE_CONNECT_READ"", ""SCOPE_GCX_PET_READ"", ""SCOPE_GOLF_API_READ"", ""SCOPE_DI_OAUTH_2_DEVICE_REVOCATION_WRITE"", ""SCOPE_GCX_PET_WRITE"", ""SCOPE_DI_OAUTH_2_CREATE_DI_USER"", ""SCOPE_DIVE_API_WRITE"", ""SCOPE_DIVE_API_READ"", ""SCOPE_DI_OAUTH_2_CLIENT_READ"", ""SCOPE_CONNECT_WRITE"", ""SCOPE_CONNECT_MCT_DAILY_LOG_READ"", ""SCOPE_CONNECT_API_CREATE_UPDATE_USER"", ""SCOPE_MESSAGE_GENERATION_READ"", ""SCOPE_DI_OAUTH_2_CLIENT_REVOCATION_ADMIN"", ""SCOPE_GCX_PET_ADMIN_READ"", ""SCOPE_CONNECT_NON_SOCIAL_SHARED_READ"", ""SCOPE_DI_OAUTH_2_PRERELEASE_PERMISSIONS_ADMIN_WRITE"", ""SCOPE_DI_OAUTH_2_TOKEN_ADMIN"", ""SCOPE_ATP_WRITE"", ""SCOPE_GCX_KID_READ"", ""ROLE_CONNECTUSER"", ""ROLE_FITNESS_USER"", ""ROLE_WELLNESS_USER"", ""ROLE_GARMIN_USER"", ""ROLE_GCM_USER""]",150.996,,52.0,798.177978515625,False,2026-08-03 19:57:56,296.1000061035156,0.0,False,1.937000036239624,135.0,https://s3.amazonaws.com/garmin-connect-prod/profile_images/6dd3e63b-1cf6-47dd-a308-0af6c5311562-prth.png,0.0,2583.844970703125,452.0,False,,1,True,https://s3.amazonaws.com/garmin-connect-prod/profile_images/6dd3e63b-1cf6-47dd-a308-0af6c5311562-prof.png,-3.0249041318893433,True,17,24.0,-5,MAINTAINING_AEROBIC_BASE_7,482.9859924316406,,10,4d294da0-1d36-44c4-a103-1eeaab5f58df,55.400001525878906,45.0,False,False,[],running,False,False,135.890625,35.977264404296875,1468.873,234.0,False,154.0,False,False,191.0,126.367,5004.91015625,False,NO_ANAEROBIC_BENEFIT_0,False,2547.906005859375,GARMIN,79.62999877929688,Macayla,False,9,47.66958212040526,27.0,d60a078f-c710-4d66-a483-805e223cadfb,234.0,1869.927,2.621999979019165,159,uncategorized,,,53.35508502088487,False,20.996,280.0,False,,2583.844970703125,subscribers,False,2026-08-03 19:14:53,False,AEROBIC_BASE,171.0,16,Wirral,,6,"[{""noOfSplits"": 19, ""totalAscent"": 12.0, ""duration"": 653.0020141601562, ""splitType"": ""RWD_WALK"", ""numClimbSends"": 0, ""maxElevationGain"": 3.0, ""averageElevationGain"": 1.0, ""maxDistance"": 193, ""maxDistanceWithPrecision"": 193.13999938964844, ""distance"": 968.4600219726562, ""averageSpeed"": 1.4830000400543213, ""maxSpeed"": 2.071000099182129, ""numFalls"": 0, ""elevationLoss"": 4.0, ""avgStepFrequency"": 82.90625, ""avgStepLength"": 0.7595000000000001, ""verticalRatio"": 7.869999885559082, ""verticalOscillation"": 5.95999984741211, ""avgGroundContactTime"": 449.20001220703125}, {""noOfSplits"": 18, ""totalAscent"": 15.0, ""duration"": 1911.7919921875, ""splitType"": ""RWD_RUN"", ""numClimbSends"": 0, ""maxElevationGain"": 4.0, ""averageElevationGain"": 1.0, ""maxDistance"": 637, ""maxDistanceWithPrecision"": 637.1199951171875, ""distance"": 4019.949951171875, ""averageSpeed"": 2.1029999256134033, ""maxSpeed"": 2.621999979019165, ""numFalls"": 0, ""elevationLoss"": 20.0, ""avgStepFrequency"": 155.671875, ""avgStepLength"": 0.8052999877929687, ""verticalRatio"": 10.220000267028809, ""verticalOscillation"": 8.200000000000001, ""avgGroundContactTime"": 294.5}, {""noOfSplits"": 1, ""totalAscent"": 27.0, ""duration"": 2583.844970703125, ""splitType"": ""INTERVAL_ACTIVE"", ""numClimbSends"": 0, ""maxElevationGain"": 27.0, ""averageElevationGain"": 27.0, ""maxDistance"": 5004, ""maxDistanceWithPrecision"": 5004.5, ""distance"": 5004.759765625, ""averageSpeed"": 1.937000036239624, ""maxSpeed"": 2.621999979019165, ""numFalls"": 0, ""elevationLoss"": 24.0, ""avgStepFrequency"": 135.890625, ""avgStepLength"": 0.7962999877929688, ""verticalRatio"": 9.760000228881836, ""verticalOscillation"": 7.75999984741211, ""avgGroundContactTime"": 296.1000061035156}, {""noOfSplits"": 3, ""totalAscent"": 0.0, ""duration"": 19.000999450683594, ""splitType"": ""RWD_STAND"", ""numClimbSends"": 0, ""maxElevationGain"": 0.0, ""averageElevationGain"": 0.0, ""maxDistance"": 8, ""maxDistanceWithPrecision"": 8.430000305175781, ""distance"": 16.56999969482422, ""averageSpeed"": 0.871999979019165, ""maxSpeed"": 0.0, ""numFalls"": 0, ""elevationLoss"": 0.0, ""avgStepFrequency"": 0.0}]",6252,1785784493000,Wirral Running,2.200000047683716,2026-08-03 20:14:53,,0.0,2580.81298828125,316.0,23840714484,False,False,,-3.0242920015007257,3624601887,True,26,0.40000152587890625,39.79999923706055,1,7.75999984741211,143088564,False,,False,53.35584785789251,False,572.987
3,False,1.3990000486373901,False,2.441999912261963,False,1.001,495634346,https://s3.amazonaws.com/garmin-connect-prod/profile_images/6dd3e63b-1cf6-47dd-a308-0af6c5311562-prfr.png,False,9.579999923706055,856.929,"[""SCOPE_ATP_READ"", ""SCOPE_COMMUNITY_COURSE_ADMIN_READ"", ""SCOPE_GCX_KID_WRITE"", ""SCOPE_DT_ACTIVE_INTELLIGENCE_READ"", ""SCOPE_COMMUNITY_COURSE_WRITE"", ""SCOPE_GCX_KID_ADMIN_READ"", ""SCOPE_CONNECT_WEB_TEMPLATE_RENDER"", ""SCOPE_ACTIVITY_DETECTION_READ"", ""SCOPE_OMT_SUBSCRIPTION_ADMIN_READ"", ""SCOPE_DI_OAUTH_2_MANAGED_STATUS_ADMIN_WRITE"", ""SCOPE_CONNECT_READ"", ""SCOPE_GCX_PET_READ"", ""SCOPE_GOLF_API_READ"", ""SCOPE_DI_OAUTH_2_DEVICE_REVOCATION_WRITE"", ""SCOPE_GCX_PET_WRITE"", ""SCOPE_DI_OAUTH_2_CREATE_DI_USER"", ""SCOPE_DIVE_API_WRITE"", ""SCOPE_DIVE_API_READ"", ""SCOPE_DI_OAUTH_2_CLIENT_READ"", ""SCOPE_CONNECT_WRITE"", ""SCOPE_CONNECT_MCT_DAILY_LOG_READ"", ""SCOPE_CONNECT_API_CREATE_UPDATE_USER"", ""SCOPE_MESSAGE_GENERATION_READ"", ""SCOPE_DI_OAUTH_2_CLIENT_REVOCATION_ADMIN"", ""SCOPE_GCX_PET_ADMIN_READ"", ""SCOPE_CONNECT_NON_SOCIAL_SHARED_READ"", ""SCOPE_DI_OAUTH_2_PRERELEASE_PERMISSIONS_ADMIN_WRITE"", ""SCOPE_DI_OAUTH_2_TOKEN_ADMIN"", ""SCOPE_ATP_WRITE"", ""SCOPE_GCX_KID_READ"", ""ROLE_CONNECTUSER"", ""ROLE_FITNESS_USER"", ""ROLE_WELLNESS_USER"", ""ROLE_GARMIN_USER"", ""ROLE_GCM_USER""]",2058.465,,160.0,596.5,False,2026-08-01 10:45:03,284.6000061035156,0.30000001192092896,False,2.4089999198913574,160.0,https://s3.amazonaws.com/garmin-connect-prod/profile_images/6dd3e63b-1cf6-47dd-a308-0af6c5311562-prth.png,4372.326,7890.26513671875,1885.0,False,,1,True,https://s3.amazonaws.com/garmin-connect-prod/profile_images/6dd3e63b-1cf6-47dd-a308-0af6c5311562-prof.png,-3.01351111382246,True,17,257.0,-33,HIGHLY_IMPACTING_TEMPO_23,367.093994140625,,10,4d294da0-1d36-44c4-a103-1eeaab5f58df,50.400001525878906,45.0,False,False,[],running,False,False,156.46875,250.85020446777344,2643.565,238.0,False,181.0,False,False,254.0,39.0,19005.169921875,False,NO_ANAEROBIC_BENEFIT_0,False,7772.523010253906,GARMIN,91.10999755859376,Macayla,False,9,26.45290911927515,281.0,ac7639fc-4f56-4a39-8874-5519f706f39c,238.0,346.701,3.507999897003174,159,uncategorized,,,53.36136616766453,False,1370.346,428.0,False,4207.99609375,8293.2939453125,subscribers,False,2026-08-01 08:26:50,False,TEMPO,240.0,4,Wirral,,20,"[{""noOfSplits"": 15, ""totalAscent"": 259.0, ""duration"": 7450.4189453125, ""splitType"": ""RWD_RUN"", ""numClimbSends"": 0, ""maxElevationGain"": 46.0, ""averageElevationGain"": 17.0, ""maxDistance"": 3789, ""maxDistanceWithPrecision"": 3789.909912109375, ""distance"": 18399.9609375, ""averageSpeed"": 2.4700000286102295, ""maxSpeed"": 3.507999897003174, ""numFalls"": 0, ""elevationLoss"": 245.0, ""avgStepFrequency"": 161.859375, ""avgStepLength"": 0.9157999877929689, ""verticalRatio"": 9.619999885559082, ""verticalOscillation"": 8.8, ""avgGroundContactTime"": 282.79998779296875}, {""noOfSplits"": 1, ""totalAscent"": 281.0, ""duration"": 7890.26513671875, ""splitType"": ""INTERVAL_ACTIVE"", ""numClimbSends"": 0, ""maxElevationGain"": 281.0, ""averageElevationGain"": 281.0, ""maxDistance"": 18996, ""maxDistanceWithPrecision"": 18996.890625, ""distance"": 19004.490234375, ""averageSpeed"": 2.4089999198913574, ""maxSpeed"": 3.507999897003174, ""numFalls"": 0, ""elevationLoss"": 257.0, ""avgStepFrequency"": 156.453125, ""avgStepLength"": 0.9110999755859376, ""verticalRatio"": 9.579999923706055, ""verticalOscillation"": 8.730000305175782, ""avgGroundContactTime"": 284.6000061035156}, {""noOfSplits"": 21, ""totalAscent"": 21.0, ""duration"": 344.6889953613281, ""splitType"": ""RWD_WALK"", ""numClimbSends"": 0, ""maxElevationGain"": 10.0, ""averageElevationGain"": 1.0, ""maxDistance"": 166, ""maxDistanceWithPrecision"": 166.63999938964844, ""distance"": 527.3300170898438, ""averageSpeed"": 1.5299999713897705, ""maxSpeed"": 2.2119998931884766, ""numFalls"": 0, ""elevationLoss"": 11.0, ""avgStepFrequency"": 88.71875, ""avgStepLength"": 0.7565999755859376, ""verticalRatio"": 8.420000076293945, ""verticalOscillation"": 6.340000152587891, ""avgGroundContactTime"": 440.29998779296875}, {""noOfSplits"": 19, ""totalAscent"": 0.0, ""duration"": 95.09100341796875, ""splitType"": ""RWD_STAND"", ""numClimbSends"": 0, ""maxElevationGain"": 0.0, ""averageElevationGain"": 0.0, ""maxDistance"": 11, ""maxDistanceWithPrecision"": 11.779999732971191, ""distance"": 78.91000366210938, ""averageSpeed"": 0.8299999833106995, ""maxSpeed"": 1.0820000171661377, ""numFalls"": 0, ""elevationLoss"": 0.0, ""avgStepFrequency"": 0.0}]",20846,1785572810000,Wirral Running,4.800000190734863,2026-08-01 09:26:50,,353.993,2006.7969970703125,1273.0,23810867704,False,False,,-3.0131724011152983,3624601887,True,130,1.0,2.799999952316284,1,8.730000305175782,143088564,False,,False,53.361632796004415,False,3110.002
3,False,1.4539999961853027,False,,False,0.0,,https://s3.amazonaws.com/garmin-connect-prod/profile_images/6dd3e63b-1cf6-47dd-a308-0af6c5311562-prfr.png,False,10.25,4.002,"[""SCOPE_ATP_READ"", ""SCOPE_COMMUNITY_COURSE_ADMIN_READ"", ""SCOPE_GCX_KID_WRITE"", ""SCOPE_DT_ACTIVE_INTELLIGENCE_READ"", ""SCOPE_COMMUNITY_COURSE_WRITE"", ""SCOPE_GCX_KID_ADMIN_READ"", ""SCOPE_CONNECT_WEB_TEMPLATE_RENDER"", ""SCOPE_ACTIVITY_DETECTION_READ"", ""SCOPE_OMT_SUBSCRIPTION_ADMIN_READ"", ""SCOPE_DI_OAUTH_2_MANAGED_STATUS_ADMIN_WRITE"", ""SCOPE_CONNECT_READ"", ""SCOPE_GCX_PET_READ"", ""SCOPE_GOLF_API_READ"", ""SCOPE_DI_OAUTH_2_DEVICE_REVOCATION_WRITE"", ""SCOPE_GCX_PET_WRITE"", ""SCOPE_DI_OAUTH_2_CREATE_DI_USER"", ""SCOPE_DIVE_API_WRITE"", ""SCOPE_DIVE_API_READ"", ""SCOPE_DI_OAUTH_2_CLIENT_READ"", ""SCOPE_CONNECT_WRITE"", ""SCOPE_CONNECT_MCT_DAILY_LOG_READ"", ""SCOPE_CONNECT_API_CREATE_UPDATE_USER"", ""SCOPE_MESSAGE_GENERATION_READ"", ""SCOPE_DI_OAUTH_2_CLIENT_REVOCATION_ADMIN"", ""SCOPE_GCX_PET_ADMIN_READ"", ""SCOPE_CONNECT_NON_SOCIAL_SHARED_READ"", ""SCOPE_DI_OAUTH_2_PRERELEASE_PERMISSIONS_ADMIN_WRITE"", ""SCOPE_DI_OAUTH_2_TOKEN_ADMIN"", ""SCOPE_ATP_WRITE"", ""SCOPE_GCX_KID_READ"", ""ROLE_CONNECTUSER"", ""ROLE_FITNESS_USER"", ""ROLE_WELLNESS_USER"", ""ROLE_GARMIN_USER"", ""ROLE_GCM_USER""]",19.002,,91.0,,False,2026-07-30 20:07:51,317.20001220703125,0.0,False,2.2309999465942383,134.0,https://s3.amazonaws.com/garmin-connect-prod/profile_images/6dd3e63b-1cf6-47dd-a308-0af6c5311562-prth.png,0.0,4482.7841796875,1244.0,False,,1,True,https://s3.amazonaws.com/garmin-connect-prod/profile_images/6dd3e63b-1cf6-47dd-a308-0af6c5311562-prof.png,,False,1,,-8,MAINTAINING_AEROBIC_BASE_7,,,10,4d294da0-1d36-44c4-a103-1eeaab5f58df,,,False,False,[],treadmill_running,False,False,148.28125,42.52998352050781,4362.757,156.0,False,155.0,False,False,213.0,317.188,10000.0,False,NO_ANAEROBIC_BENEFIT_0,False,4451.9530029296875,GARMIN,90.64000244140625,Macayla,False,9,,,f21ec806-1c43-48aa-92b2-d9ce6cd98323,156.0,3675.978,4.935999870300293,159,uncategorized,,,,False,10.999,465.0,False,,4770.48681640625,subscribers,False,2026-07-30 18:48:21,False,AEROBIC_BASE,212.0,59,,,11,"[{""noOfSplits"": 15, ""duration"": 37.21900177001953, ""splitType"": ""RWD_WALK"", ""numClimbSends"": 0, ""maxDistance"": 6, ""maxDistanceWithPrecision"": 6.340000152587891, ""distance"": 24.540000915527344, ""averageSpeed"": 0.6589999794960022, ""maxSpeed"": 1.847000002861023, ""numFalls"": 0, ""avgStepFrequency"": 102.828125, ""avgStepLength"": 0.7802999877929687, ""verticalRatio"": 8.489999771118164, ""verticalOscillation"": 5.800000000000001, ""avgGroundContactTime"": 388.29998779296875}, {""noOfSplits"": 10, ""duration"": 4431.423828125, ""splitType"": ""RWD_RUN"", ""numClimbSends"": 0, ""maxDistance"": 5846, ""maxDistanceWithPrecision"": 5846.419921875, ""distance"": 9980.240234375, ""averageSpeed"": 2.252000093460083, ""maxSpeed"": 4.935999870300293, ""numFalls"": 0, ""avgStepFrequency"": 149.03125, ""avgStepLength"": 0.9065999755859376, ""verticalRatio"": 10.25, ""verticalOscillation"": 9.290000152587892, ""avgGroundContactTime"": 317.1000061035156}, {""noOfSplits"": 17, ""duration"": 14.10200023651123, ""splitType"": ""RWD_STAND"", ""numClimbSends"": 0, ""maxDistance"": 0, ""maxDistanceWithPrecision"": 0.0, ""distance"": 0.0, ""averageSpeed"": 0.0, ""maxSpeed"": 0.0, ""numFalls"": 0, ""avgStepFrequency"": 15.375}, {""noOfSplits"": 1, ""duration"": 4482.7841796875, ""splitType"": ""INTERVAL_ACTIVE"", ""numClimbSends"": 0, ""maxDistance"": 10004, ""maxDistanceWithPrecision"": 10004.7998046875, ""distance"": 10004.7998046875, ""averageSpeed"": 2.2320001125335693, ""maxSpeed"": 4.935999870300293, ""numFalls"": 0, ""avgStepFrequency"": 148.265625, ""avgStepLength"": 0.9064000244140625, ""verticalRatio"": 10.25, ""verticalOscillation"": 9.26999969482422, ""avgGroundContactTime"": 317.20001220703125}]",11076,1785437301000,Treadmill Running,2.299999952316284,2026-07-30 19:48:21,,5.0,,485.0,23793327395,False,False,,,3624601887,True,16,,,18,9.26999969482422,143088564,False,,False,,False,427.271
3,False,1090.416015625,False,0.25200000405311584,False,241.0,,https://s3.amazonaws.com/garmin-connect-prod/profile_images/6dd3e63b-1cf6-47dd-a308-0af6c5311562-prfr.png,False,9.649999618530273,0.0,"[""SCOPE_ATP_READ"", ""SCOPE_COMMUNITY_COURSE_ADMIN_READ"", ""SCOPE_GCX_KID_WRITE"", ""SCOPE_DT_ACTIVE_INTELLIGENCE_READ"", ""SCOPE_COMMUNITY_COURSE_WRITE"", ""SCOPE_GCX_KID_ADMIN_READ"", ""SCOPE_CONNECT_WEB_TEMPLATE_RENDER"", ""SCOPE_ACTIVITY_DETECTION_READ"", ""SCOPE_OMT_SUBSCRIPTION_ADMIN_READ"", ""SCOPE_DI_OAUTH_2_MANAGED_STATUS_ADMIN_WRITE"", ""SCOPE_CONNECT_READ"", ""SCOPE_GCX_PET_READ"", ""SCOPE_GOLF_API_READ"", ""SCOPE_DI_OAUTH_2_DEVICE_REVOCATION_WRITE"", ""SCOPE_GCX_PET_WRITE"", ""SCOPE_DI_OAUTH_2_CREATE_DI_USER"", ""SCOPE_DIVE_API_WRITE"", ""SCOPE_DIVE_API_READ"", ""SCOPE_DI_OAUTH_2_CLIENT_READ"", ""SCOPE_CONNECT_WRITE"", ""SCOPE_CONNECT_MCT_DAILY_LOG_READ"", ""SCOPE_CONNECT_API_CREATE_UPDATE_USER"", ""SCOPE_MESSAGE_GENERATION_READ"", ""SCOPE_DI_OAUTH_2_CLIENT_REVOCATION_ADMIN"", ""SCOPE_GCX_PET_ADMIN_READ"", ""SCOPE_CONNECT_NON_SOCIAL_SHARED_READ"", ""SCOPE_DI_OAUTH_2_PRERELEASE_PERMISSIONS_ADMIN_WRITE"", ""SCOPE_DI_OAUTH_2_TOKEN_ADMIN"", ""SCOPE_ATP_WRITE"", ""SCOPE_GCX_KID_READ"", ""ROLE_CONNECTUSER"", ""ROLE_FITNESS_USER"", ""ROLE_WELLNESS_USER"", ""ROLE_GARMIN_USER"", ""ROLE_GCM_USER""]",1.999,,67.0,,False,2026-07-28 19:45:24,329.1000061035156,2.0999999046325684,False,0.46700000762939453,155.0,https://s3.amazonaws.com/garmin-connect-prod/profile_images/6dd3e63b-1cf6-47dd-a308-0af6c5311562-prth.png,1325.985,3303.47509765625,50.0,False,,1,True,https://s3.amazonaws.com/garmin-connect-prod/profile_images/6dd3e63b-1cf6-47dd-a308-0af6c5311562-prof.png,-3.032313147559762,True,17,6.0,-9,IMPROVING_AEROBIC_FITNESS_2,2044.95703125,,10,4d294da0-1d36-44c4-a103-1eeaab5f58df,50.0,,False,False,[],running,False,False,19.328125,141.5845489501953,16.012,247.0,False,191.0,False,False,37.0,120.005,1541.4300537109375,False,MAINTAINING_ANAEROBIC_BASE_1,False,637.0,GARMIN,69.2,Macayla,False,9,46.822464388859764,13.0,f83f226d-e07c-4d74-b256-ceb6e3c35c54,247.0,716.789,2.5380001068115234,159,uncategorized,,,53.37279673665762,False,2.992,269.0,False,,3303.47509765625,subscribers,False,2026-07-28 18:50:21,False,TEMPO,11.0,13,Wirral,,2,"[{""noOfSplits"": 114, ""totalAscent"": 0.0, ""duration"": 1402.9959716796875, ""splitType"": ""RWD_STAND"", ""numClimbSends"": 0, ""maxElevationGain"": 0.0, ""averageElevationGain"": 0.0, ""maxDistance"": 28, ""maxDistanceWithPrecision"": 28.899999618530273, ""distance"": 563.6400146484375, ""averageSpeed"": 0.4020000100135803, ""maxSpeed"": 0.0, ""numFalls"": 0, ""elevationLoss"": 0.0}, {""noOfSplits"": 1, ""totalAscent"": 13.0, ""duration"": 3303.47509765625, ""splitType"": ""INTERVAL_ACTIVE"", ""numClimbSends"": 0, ""maxElevationGain"": 13.0, ""averageElevationGain"": 13.0, ""maxDistance"": 1541, ""maxDistanceWithPrecision"": 1541.300048828125, ""distance"": 1541.4200439453125, ""averageSpeed"": 0.46700000762939453, ""maxSpeed"": 2.5380001068115234, ""numFalls"": 0, ""elevationLoss"": 6.0}, {""noOfSplits"": 121, ""totalAscent"": 10.0, ""duration"": 1660.4129638671875, ""splitType"": ""RWD_WALK"", ""numClimbSends"": 0, ""maxElevationGain"": 1.0, ""averageElevationGain"": 0.0, ""maxDistance"": 80, ""maxDistanceWithPrecision"": 80.95999908447266, ""distance"": 851.5599975585938, ""averageSpeed"": 0.5130000114440918, ""maxSpeed"": 2.0899999141693115, ""numFalls"": 0, ""elevationLoss"": 5.0}, {""noOfSplits"": 27, ""totalAscent"": 3.0, ""duration"": 239.9969940185547, ""splitType"": ""RWD_RUN"", ""numClimbSends"": 0, ""maxElevationGain"": 2.0, ""averageElevationGain"": 0.0, ""maxDistance"": 16, ""maxDistanceWithPrecision"": 16.469999313354492, ""distance"": 131.32000732421875, ""averageSpeed"": 0.546999990940094, ""maxSpeed"": 2.5380001068115234, ""numFalls"": 0, ""elevationLoss"": 1.0}]",3046,1785264621000,Wirral Running,3.299999952316284,2026-07-28 19:50:21,,0.0,,492.0,23768450802,False,False,,-3.0322835594415665,3624601887,True,39,0.3999977111816406,40.20000076293945,1,5.379999923706055,143088564,False,,False,53.37286379188299,False,899.68
3,False,1858.6090087890625,False,0.3449999988079071,False,14.003,,https://s3.amazonaws.com/garmin-connect-prod/profile_images/6dd3e63b-1cf6-47dd-a308-0af6c5311562-prfr.png,False,8.260000228881836,0.0,"[""SCOPE_ATP_READ"", ""SCOPE_COMMUNITY_COURSE_ADMIN_READ"", ""SCOPE_GCX_KID_WRITE"", ""SCOPE_DT_ACTIVE_INTELLIGENCE_READ"", ""SCOPE_COMMUNITY_COURSE_WRITE"", ""SCOPE_GCX_KID_ADMIN_READ"", ""SCOPE_CONNECT_WEB_TEMPLATE_RENDER"", ""SCOPE_ACTIVITY_DETECTION_READ"", ""SCOPE_OMT_SUBSCRIPTION_ADMIN_READ"", ""SCOPE_DI_OAUTH_2_MANAGED_STATUS_ADMIN_WRITE"", ""SCOPE_CONNECT_READ"", ""SCOPE_GCX_PET_READ"", ""SCOPE_GOLF_API_READ"", ""SCOPE_DI_OAUTH_2_DEVICE_REVOCATION_WRITE"", ""SCOPE_GCX_PET_WRITE"", ""SCOPE_DI_OAUTH_2_CREATE_DI_USER"", ""SCOPE_DIVE_API_WRITE"", ""SCOPE_DIVE_API_READ"", ""SCOPE_DI_OAUTH_2_CLIENT_READ"", ""SCOPE_CONNECT_WRITE"", ""SCOPE_CONNECT_MCT_DAILY_LOG_READ"", ""SCOPE_CONNECT_API_CREATE_UPDATE_USER"", ""SCOPE_MESSAGE_GENERATION_READ"", ""SCOPE_DI_OAUTH_2_CLIENT_REVOCATION_ADMIN"", ""SCOPE_GCX_PET_ADMIN_READ"", ""SCOPE_CONNECT_NON_SOCIAL_SHARED_READ"", ""SCOPE_DI_OAUTH_2_PRERELEASE_PERMISSIONS_ADMIN_WRITE"", ""SCOPE_DI_OAUTH_2_TOKEN_ADMIN"", ""SCOPE_ATP_WRITE"", ""SCOPE_GCX_KID_READ"", ""ROLE_CONNECTUSER"", ""ROLE_FITNESS_USER"", ""ROLE_WELLNESS_USER"", ""ROLE_GARMIN_USER"", ""ROLE_GCM_USER""]",0.0,,38.0,,False,2026-07-26 18:04:48,357.3999938964844,1.0,False,0.5329999923706055,143.0,https://s3.amazonaws.com/garmin-connect-prod/profile_images/6dd3e63b-1cf6-47dd-a308-0af6c5311562-prth.png,500.991,1858.6090087890625,35.0,False,,1,True,https://s3.amazonaws.com/garmin-connect-prod/profile_images/6dd3e63b-1cf6-47dd-a308-0af6c5311562-prof.png,-3.093306329101324,True,17,10.0,-4,MAINTAINING_AEROBIC_FITNESS_1,,,10,4d294da0-1d36-44c4-a103-1eeaab5f58df,7.199999809265137,,False,False,[],running,False,False,32.265625,67.28190612792969,6.999,240.0,False,181.0,False,False,56.0,271.701,990.1400146484375,False,MINOR_ANAEROBIC_BENEFIT_15,False,505.0,GARMIN,76.5,Macayla,False,9,2.331216364513493,0.0,91f76855-9ade-4053-8f55-0a0c075656ce,240.0,500.013,2.305000066757202,159,uncategorized,,,53.41172304935753,False,0.0,221.0,False,,1858.6090087890625,subscribers,False,2026-07-26 17:33:50,False,AEROBIC_BASE,19.0,10,Wirral,,1,"[{""noOfSplits"": 50, ""totalAscent"": 0.0, ""duration"": 744.9990234375, ""splitType"": ""RWD_STAND"", ""numClimbSends"": 0, ""maxElevationGain"": 0.0, ""averageElevationGain"": 0.0, ""maxDistance"": 21, ""maxDistanceWithPrecision"": 21.65999984741211, ""distance"": 304.8800048828125, ""averageSpeed"": 0.4090000092983246, ""maxSpeed"": 0.0, ""numFalls"": 0, ""elevationLoss"": 0.0}, {""noOfSplits"": 15, ""totalAscent"": 0.0, ""duration"": 155.0030059814453, ""splitType"": ""RWD_RUN"", ""numClimbSends"": 0, ""maxElevationGain"": 0.0, ""averageElevationGain"": 0.0, ""maxDistance"": 12, ""maxDistanceWithPrecision"": 12.039999961853027, ""distance"": 87.0999984741211, ""averageSpeed"": 0.5619999766349792, ""maxSpeed"": 2.305000066757202, ""numFalls"": 0, ""elevationLoss"": 1.0}, {""noOfSplits"": 54, ""totalAscent"": 0.0, ""duration"": 958.5809936523438, ""splitType"": ""RWD_WALK"", ""numClimbSends"": 0, ""maxElevationGain"": 0.0, ""averageElevationGain"": 0.0, ""maxDistance"": 157, ""maxDistanceWithPrecision"": 157.0800018310547, ""distance"": 598.5, ""averageSpeed"": 0.6240000128746033, ""maxSpeed"": 1.9589999914169312, ""numFalls"": 0, ""elevationLoss"": 9.0}, {""noOfSplits"": 1, ""totalAscent"": 0.0, ""duration"": 1858.6090087890625, ""splitType"": ""INTERVAL_ACTIVE"", ""numClimbSends"": 0, ""maxElevationGain"": 0.0, ""averageElevationGain"": 0.0, ""maxDistance"": 990, ""maxDistanceWithPrecision"": 990.0800170898438, ""distance"": 990.1400146484375, ""averageSpeed"": 0.5329999923706055, ""maxSpeed"": 2.305000066757202, ""numFalls"": 0, ""elevationLoss"": 10.0}]",1906,1785087230000,Wirral Running,2.5,2026-07-26 18:33:50,,0.0,,241.0,23742545669,False,False,COMPLETE,-3.0956248473376036,3624601887,True,16,0.40000009536743164,-3.5999999046325684,1,5.55999984741211,143088564,False,,False,53.41211917810142,False,499.006
3,False,5454.60693359375,False,,False,779.01,,https://s3.amazonaws.com/garmin-connect-prod/profile_images/6dd3e63b-1cf6-47dd-a308-0af6c5311562-prfr.png,False,,,"[""SCOPE_ATP_READ"", ""SCOPE_COMMUNITY_COURSE_ADMIN_READ"", ""SCOPE_GCX_KID_WRITE"", ""SCOPE_DT_ACTIVE_INTELLIGENCE_READ"", ""SCOPE_COMMUNITY_COURSE_WRITE"", ""SCOPE_GCX_KID_ADMIN_READ"", ""SCOPE_CONNECT_WEB_TEMPLATE_RENDER"", ""SCOPE_ACTIVITY_DETECTION_READ"", ""SCOPE_OMT_SUBSCRIPTION_ADMIN_READ"", ""SCOPE_DI_OAUTH_2_MANAGED_STATUS_ADMIN_WRITE"", ""SCOPE_CONNECT_READ"", ""SCOPE_GCX_PET_READ"", ""SCOPE_GOLF_API_READ"", ""SCOPE_DI_OAUTH_2_DEVICE_REVOCATION_WRITE"", ""SCOPE_GCX_PET_WRITE"", ""SCOPE_DI_OAUTH_2_CREATE_DI_USER"", ""SCOPE_DIVE_API_WRITE"", ""SCOPE_DIVE_API_READ"", ""SCOPE_DI_OAUTH_2_CLIENT_READ"", ""SCOPE_CONNECT_WRITE"", ""SCOPE_CONNECT_MCT_DAILY_LOG_READ"", ""SCOPE_CONNECT_API_CREATE_UPDATE_USER"", ""SCOPE_MESSAGE_GENERATION_READ"", ""SCOPE_DI_OAUTH_2_CLIENT_REVOCATION_ADMIN"", ""SCOPE_GCX_PET_ADMIN_READ"", ""SCOPE_CONNECT_NON_SOCIAL_SHARED_READ"", ""SCOPE_DI_OAUTH_2_PRERELEASE_PERMISSIONS_ADMIN_WRITE"", ""SCOPE_DI_OAUTH_2_TOKEN_ADMIN"", ""SCOPE_ATP_WRITE"", ""SCOPE_GCX_KID_READ"", ""ROLE_CONNECTUSER"", ""ROLE_FITNESS_USER"", ""ROLE_WELLNESS_USER"", ""ROLE_GARMIN_USER"", ""ROLE_GCM_USER""]",,,110.0,,False,2026-07-26 17:33:17,,3.4000000953674316,False,0.1589999943971634,161.0,https://s3.amazonaws.com/garmin-connect-prod/profile_images/6dd3e63b-1cf6-47dd-a308-0af6c5311562-prth.png,2686.991,5454.60693359375,1460.0,False,,6,False,https://s3.amazonaws.com/garmin-connect-prod/profile_images/6dd3e63b-1cf6-47dd-a308-0af6c5311562-prof.png,,False,206,,-21,HIGHLY_IMPROVING_AEROBIC_FITNESS_3,,,10,4d294da0-1d36-44c4-a103-1eeaab5f58df,,,False,False,[],basketball,False,False,25.515625,298.18035888671875,,250.0,False,190.0,False,False,,295.698,865.1500244140625,False,IMPROVING_ANAEROBIC_CAPACITY_AND_SPEED_12,False,550.0,GARMIN,37.29692298772506,Macayla,False,9,,,297ffb5d-ca64-448a-8d02-5e27f0f58b20,250.0,609.422,4.515999794006348,159,uncategorized,,,,False,,,False,,9157.556640625,subscribers,False,2026-07-26 15:00:40,False,SPEED,,16,,,1,[],5146,1785078040000,Basketball,4.199999809265137,2026-07-26 16:00:40,,,,856.0,23742179210,False,False,,,3624601887,True,72,,,217,,143088564,False,,False,,False,1037.004
3,False,299.1059875488281,False,2.2049999237060547,False,0.0,492507741,https://s3.amazonaws.com/garmin-connect-prod/profile_images/6dd3e63b-1cf6-47dd-a308-0af6c5311562-prfr.png,False,9.760000228881836,64.001,"[""SCOPE_ATP_READ"", ""SCOPE_COMMUNITY_COURSE_ADMIN_READ"", ""SCOPE_GCX_KID_WRITE"", ""SCOPE_DT_ACTIVE_INTELLIGENCE_READ"", ""SCOPE_COMMUNITY_COURSE_WRITE"", ""SCOPE_GCX_KID_ADMIN_READ"", ""SCOPE_CONNECT_WEB_TEMPLATE_RENDER"", ""SCOPE_ACTIVITY_DETECTION_READ"", ""SCOPE_OMT_SUBSCRIPTION_ADMIN_READ"", ""SCOPE_DI_OAUTH_2_MANAGED_STATUS_ADMIN_WRITE"", ""SCOPE_CONNECT_READ"", ""SCOPE_GCX_PET_READ"", ""SCOPE_GOLF_API_READ"", ""SCOPE_DI_OAUTH_2_DEVICE_REVOCATION_WRITE"", ""SCOPE_GCX_PET_WRITE"", ""SCOPE_DI_OAUTH_2_CREATE_DI_USER"", ""SCOPE_DIVE_API_WRITE"", ""SCOPE_DIVE_API_READ"", ""SCOPE_DI_OAUTH_2_CLIENT_READ"", ""SCOPE_CONNECT_WRITE"", ""SCOPE_CONNECT_MCT_DAILY_LOG_READ"", ""SCOPE_CONNECT_API_CREATE_UPDATE_USER"", ""SCOPE_MESSAGE_GENERATION_READ"", ""SCOPE_DI_OAUTH_2_CLIENT_REVOCATION_ADMIN"", ""SCOPE_GCX_PET_ADMIN_READ"", ""SCOPE_CONNECT_NON_SOCIAL_SHARED_READ"", ""SCOPE_DI_OAUTH_2_PRERELEASE_PERMISSIONS_ADMIN_WRITE"", ""SCOPE_DI_OAUTH_2_TOKEN_ADMIN"", ""SCOPE_ATP_WRITE"", ""SCOPE_GCX_KID_READ"", ""ROLE_CONNECTUSER"", ""ROLE_FITNESS_USER"", ""ROLE_WELLNESS_USER"", ""ROLE_GARMIN_USER"", ""ROLE_GCM_USER""]",541.011,,33.0,655.2860107421875,False,2026-07-25 07:57:28,285.3999938964844,0.0,False,2.1989998817443848,150.0,https://s3.amazonaws.com/garmin-connect-prod/profile_images/6dd3e63b-1cf6-47dd-a308-0af6c5311562-prth.png,161.001,1616.343994140625,372.0,False,,1,True,https://s3.amazonaws.com/garmin-connect-prod/profile_images/6dd3e63b-1cf6-47dd-a308-0af6c5311562-prof.png,-2.7457163482904434,True,17,47.0,-8,MAINTAINING_AEROBIC_FITNESS_1,397.9599914550781,,10,4d294da0-1d36-44c4-a103-1eeaab5f58df,54.0,45.0,False,False,[],running,False,False,148.734375,63.61933898925781,566.969,169.0,False,168.0,False,False,239.0,60.999,3554.580078125,False,NO_ANAEROBIC_BENEFIT_0,False,1507.0,GARMIN,87.95,Macayla,False,9,41.18217813024427,33.0,cbc12443-86c7-4ba2-be83-2048dea4ff12,169.0,196.001,2.6410000324249263,159,uncategorized,,,53.20483001880348,False,276.958,301.0,False,,1616.343994140625,subscribers,False,2026-07-25 07:30:32,False,AEROBIC_BASE,221.0,2,Cheshire West and Chester,,4,"[{""noOfSplits"": 3, ""totalAscent"": 33.0, ""duration"": 1616.343994140625, ""splitType"": ""MARKER_MILE"", ""numClimbSends"": 0, ""maxElevationGain"": 18.0, ""averageElevationGain"": 11.0, ""maxDistance"": 1576, ""maxDistanceWithPrecision"": 1576.5400390625, ""distance"": 3554.580078125, ""averageSpeed"": 2.1989998817443848, ""maxSpeed"": 2.6410000324249268, ""numFalls"": 0, ""elevationLoss"": 47.0}, {""noOfSplits"": 7, ""totalAscent"": 0.0, ""duration"": 99.99199676513672, ""splitType"": ""RWD_STAND"", ""numClimbSends"": 0, ""maxElevationGain"": 0.0, ""averageElevationGain"": 0.0, ""maxDistance"": 10, ""maxDistanceWithPrecision"": 10.039999961853027, ""distance"": 23.770000457763672, ""averageSpeed"": 0.23800000548362732, ""maxSpeed"": 0.6620000004768372, ""numFalls"": 0, ""elevationLoss"": 0.0}, {""noOfSplits"": 7, ""totalAscent"": 7.0, ""duration"": 68.00199890136719, ""splitType"": ""RWD_WALK"", ""numClimbSends"": 0, ""maxElevationGain"": 7.0, ""averageElevationGain"": 2.0, ""maxDistance"": 86, ""maxDistanceWithPrecision"": 86.62999725341797, ""distance"": 93.62999725341797, ""averageSpeed"": 1.3769999742507935, ""maxSpeed"": 1.5410000085830688, ""numFalls"": 0, ""elevationLoss"": 10.0}, {""noOfSplits"": 3, ""totalAscent"": 26.0, ""duration"": 1447.9990234375, ""splitType"": ""RWD_RUN"", ""numClimbSends"": 0, ""maxElevationGain"": 22.0, ""averageElevationGain"": 13.0, ""maxDistance"": 2583, ""maxDistanceWithPrecision"": 2583.239990234375, ""distance"": 3438.47998046875, ""averageSpeed"": 2.375, ""maxSpeed"": 2.6410000324249268, ""numFalls"": 0, ""elevationLoss"": 37.0}, {""noOfSplits"": 1, ""totalAscent"": 33.0, ""duration"": 1616.343994140625, ""splitType"": ""INTERVAL_ACTIVE"", ""numClimbSends"": 0, ""maxElevationGain"": 33.0, ""averageElevationGain"": 33.0, ""maxDistance"": 3553, ""maxDistanceWithPrecision"": 3553.550048828125, ""distance"": 3554.43994140625, ""averageSpeed"": 2.1989998817443848, ""maxSpeed"": 2.6410000324249268, ""numFalls"": 0, ""elevationLoss"": 47.0}, {""noOfSplits"": 4, ""totalAscent"": 33.0, ""duration"": 1616.343017578125, ""splitType"": ""MARKER_KILOMETER"", ""numClimbSends"": 0, ""maxElevationGain"": 12.0, ""averageElevationGain"": 8.0, ""maxDistance"": 1007, ""maxDistanceWithPrecision"": 1007.0, ""distance"": 3554.580078125, ""averageSpeed"": 2.1989998817443848, ""maxSpeed"": 2.6410000324249268, ""numFalls"": 0, ""elevationLoss"": 47.0}]",4016,1784964632000,Cheshire West and Chester Running,2.799999952316284,2026-07-25 08:30:32,,0.0,,248.0,23723335610,False,False,,-2.7543896064162254,3624601887,True,22,0.6000022888183594,20.399999618530273,1,8.540000152587892,143088564,False,,False,53.220377108082175,False,1189.554
3,False,2.627000093460083,False,,False,0.0,,https://s3.amazonaws.com/garmin-connect-prod/profile_images/6dd3e63b-1cf6-47dd-a308-0af6c5311562-prfr.png,False,,,"[""SCOPE_ATP_READ"", ""SCOPE_COMMUNITY_COURSE_ADMIN_READ"", ""SCOPE_GCX_KID_WRITE"", ""SCOPE_DT_ACTIVE_INTELLIGENCE_READ"", ""SCOPE_COMMUNITY_COURSE_WRITE"", ""SCOPE_GCX_KID_ADMIN_READ"", ""SCOPE_CONNECT_WEB_TEMPLATE_RENDER"", ""SCOPE_ACTIVITY_DETECTION_READ"", ""SCOPE_OMT_SUBSCRIPTION_ADMIN_READ"", ""SCOPE_DI_OAUTH_2_MANAGED_STATUS_ADMIN_WRITE"", ""SCOPE_CONNECT_READ"", ""SCOPE_GCX_PET_READ"", ""SCOPE_GOLF_API_READ"", ""SCOPE_DI_OAUTH_2_DEVICE_REVOCATION_WRITE"", ""SCOPE_GCX_PET_WRITE"", ""SCOPE_DI_OAUTH_2_CREATE_DI_USER"", ""SCOPE_DIVE_API_WRITE"", ""SCOPE_DIVE_API_READ"", ""SCOPE_DI_OAUTH_2_CLIENT_READ"", ""SCOPE_CONNECT_WRITE"", ""SCOPE_CONNECT_MCT_DAILY_LOG_READ"", ""SCOPE_CONNECT_API_CREATE_UPDATE_USER"", ""SCOPE_MESSAGE_GENERATION_READ"", ""SCOPE_DI_OAUTH_2_CLIENT_REVOCATION_ADMIN"", ""SCOPE_GCX_PET_ADMIN_READ"", ""SCOPE_CONNECT_NON_SOCIAL_SHARED_READ"", ""SCOPE_DI_OAUTH_2_PRERELEASE_PERMISSIONS_ADMIN_WRITE"", ""SCOPE_DI_OAUTH_2_TOKEN_ADMIN"", ""SCOPE_ATP_WRITE"", ""SCOPE_GCX_KID_READ"", ""ROLE_CONNECTUSER"", ""ROLE_FITNESS_USER"", ""ROLE_WELLNESS_USER"", ""ROLE_GARMIN_USER"", ""ROLE_GCM_USER""]",,,13.0,,False,2026-07-23 16:16:36,,0.0,False,1.5509999990463257,119.0,https://s3.amazonaws.com/garmin-connect-prod/profile_images/6dd3e63b-1cf6-47dd-a308-0af6c5311562-prth.png,0.0,660.5029907226562,97.0,False,,11,False,https://s3.amazonaws.com/garmin-connect-prod/profile_images/6dd3e63b-1cf6-47dd-a308-0af6c5311562-prof.png,-3.104109261184931,True,17,14.0,-1,RECOVERY_5,,,10,4d294da0-1d36-44c4-a103-1eeaab5f58df,20.0,44.0,False,False,[],walking,False,False,97.0,4.672119140625,,248.0,False,132.0,False,False,,466.343,1024.6099853515625,False,NO_ANAEROBIC_BENEFIT_0,False,639.0,GARMIN,93.64934343863209,Macayla,False,9,14.036666694554418,19.0,b59e1d4d-7203-4cd8-95cd-e6dbab3a059c,248.0,194.143,8.416000366210938,159,uncategorized,,,53.41611038893461,False,,,False,,660.5029907226562,subscribers,False,2026-07-23 16:05:36,False,RECOVERY,,8,Wirral,,2,[],1198,1784822736000,Wirral Walking,0.30000001192092896,2026-07-23 17:05:36,,,,57.0,23705101618,False,False,,-3.1124138832092285,3624601887,True,0,0.40000025431315106,6.800000190734863,9,,143088564,False,,False,53.42006782069802,False,0.0
3,False,161.56500244140625,False,2.2760000228881836,False,106.001,,https://s3.amazonaws.com/garmin-connect-prod/profile_images/6dd3e63b-1cf6-47dd-a308-0af6c5311562-prfr.png,False,9.460000038146973,419.005,"[""SCOPE_ATP_READ"", ""SCOPE_COMMUNITY_COURSE_ADMIN_READ"", ""SCOPE_GCX_KID_WRITE"", ""SCOPE_DT_ACTIVE_INTELLIGENCE_READ"", ""SCOPE_COMMUNITY_COURSE_WRITE"", ""SCOPE_GCX_KID_ADMIN_READ"", ""SCOPE_CONNECT_WEB_TEMPLATE_RENDER"", ""SCOPE_ACTIVITY_DETECTION_READ"", ""SCOPE_OMT_SUBSCRIPTION_ADMIN_READ"", ""SCOPE_DI_OAUTH_2_MANAGED_STATUS_ADMIN_WRITE"", ""SCOPE_CONNECT_READ"", ""SCOPE_GCX_PET_READ"", ""SCOPE_GOLF_API_READ"", ""SCOPE_DI_OAUTH_2_DEVICE_REVOCATION_WRITE"", ""SCOPE_GCX_PET_WRITE"", ""SCOPE_DI_OAUTH_2_CREATE_DI_USER"", ""SCOPE_DIVE_API_WRITE"", ""SCOPE_DIVE_API_READ"", ""SCOPE_DI_OAUTH_2_CLIENT_READ"", ""SCOPE_CONNECT_WRITE"", ""SCOPE_CONNECT_MCT_DAILY_LOG_READ"", ""SCOPE_CONNECT_API_CREATE_UPDATE_USER"", ""SCOPE_MESSAGE_GENERATION_READ"", ""SCOPE_DI_OAUTH_2_CLIENT_REVOCATION_ADMIN"", ""SCOPE_GCX_PET_ADMIN_READ"", ""SCOPE_CONNECT_NON_SOCIAL_SHARED_READ"", ""SCOPE_DI_OAUTH_2_PRERELEASE_PERMISSIONS_ADMIN_WRITE"", ""SCOPE_DI_OAUTH_2_TOKEN_ADMIN"", ""SCOPE_ATP_WRITE"", ""SCOPE_GCX_KID_READ"", ""ROLE_CONNECTUSER"", ""ROLE_FITNESS_USER"", ""ROLE_WELLNESS_USER"", ""ROLE_GARMIN_USER"", ""ROLE_GCM_USER""]",449.768,,64.0,613.0809936523438,False,2026-07-23 15:55:35,289.70001220703125,0.0,False,2.2799999713897705,156.0,https://s3.amazonaws.com/garmin-connect-prod/profile_images/6dd3e63b-1cf6-47dd-a308-0af6c5311562-prth.png,1101.709,3175.77587890625,681.0,False,,1,True,https://s3.amazonaws.com/garmin-connect-prod/profile_images/6dd3e63b-1cf6-47dd-a308-0af6c5311562-prof.png,-3.113671587780118,True,17,71.0,-10,IMPROVING_AEROBIC_FITNESS_2,339.90399169921875,,10,4d294da0-1d36-44c4-a103-1eeaab5f58df,14.0,44.0,False,False,[],running,False,False,149.140625,118.44488525390625,1250.929,168.0,False,183.0,False,False,238.0,20.437,7241.3798828125,False,NO_ANAEROBIC_BENEFIT_0,False,3171.0230102539062,GARMIN,88.84000244140626,Macayla,True,9,6.0707401530714495,68.0,d0de071b-9ede-4a13-be15-d6d91fc62cc0,168.0,553.983,3.125999927520752,159,uncategorized,,1640721697,53.41998165473342,False,324.979,378.0,False,,3305.114990234375,subscribers,False,2026-07-23 15:00:30,False,TEMPO,213.0,9,Wirral,,8,"[{""noOfSplits"": 8, ""totalAscent"": 46.0, ""duration"": 2569.7041015625, ""splitType"": ""RWD_RUN"", ""numClimbSends"": 0, ""maxElevationGain"": 46.0, ""averageElevationGain"": 9.0, ""maxDistance"": 6024, ""maxDistanceWithPrecision"": 6024.89013671875, ""distance"": 6330.0400390625, ""averageSpeed"": 2.4630000591278076, ""maxSpeed"": 3.125999927520752, ""numFalls"": 0, ""elevationLoss"": 55.0, ""avgStepFrequency"": 160.90625, ""avgStepLength"": 0.9180000000000001, ""verticalRatio"": 9.720000267028809, ""verticalOscillation"": 8.85999984741211, ""avgGroundContactTime"": 286.29998779296875}, {""noOfSplits"": 17, ""totalAscent"": 22.0, ""duration"": 605.7930297851562, ""splitType"": ""RWD_WALK"", ""numClimbSends"": 0, ""maxElevationGain"": 10.0, ""averageElevationGain"": 4.0, ""maxDistance"": 393, ""maxDistanceWithPrecision"": 393.25, ""distance"": 911.6099853515625, ""averageSpeed"": 1.5049999952316284, ""maxSpeed"": 2.171999931335449, ""numFalls"": 0, ""elevationLoss"": 16.0, ""avgStepFrequency"": 100.75, ""avgStepLength"": 0.7380999755859375, ""verticalRatio"": 8.130000114440918, ""verticalOscillation"": 5.979999923706055, ""avgGroundContactTime"": 458.8999938964844}, {""noOfSplits"": 1, ""totalAscent"": 8.0, ""duration"": 421.4110107421875, ""splitType"": ""INTERVAL_WARMUP"", ""numClimbSends"": 0, ""maxElevationGain"": 8.0, ""averageElevationGain"": 8.0, ""maxDistance"": 999, ""maxDistanceWithPrecision"": 999.8499755859375, ""distance"": 1000.0, ""averageSpeed"": 2.372999906539917, ""maxSpeed"": 2.4730000495910645, ""numFalls"": 0, ""elevationLoss"": 9.0, ""avgStepFrequency"": 158.09375, ""avgStepLength"": 0.8854000244140626, ""verticalRatio"": 9.890000343322754, ""verticalOscillation"": 8.759999847412109, ""avgGroundContactTime"": 289.20001220703125}, {""noOfSplits"": 5, ""totalAscent"": 36.0, ""duration"": 1981.2969970703125, ""splitType"": ""INTERVAL_ACTIVE"", ""numClimbSends"": 0, ""maxElevationGain"": 9.0, ""averageElevationGain"": 7.0, ""maxDistance"": 999, ""maxDistanceWithPrecision"": 999.969970703125, ""distance"": 5000.0, ""averageSpeed"": 2.5239999294281006, ""maxSpeed"": 3.125999927520752, ""numFalls"": 0, ""elevationLoss"": 35.0, ""avgStepFrequency"": 161.78125, ""avgStepLength"": 0.9347000122070312, ""verticalRatio"": 9.649999618530273, ""verticalOscillation"": 8.950000000000001, ""avgGroundContactTime"": 284.5}, {""noOfSplits"": 9, ""duration"": 0.0, ""splitType"": ""RWD_STAND"", ""numClimbSends"": 0, ""numFalls"": 0}, {""noOfSplits"": 1, ""totalAscent"": 24.0, ""duration"": 773.0369873046875, ""splitType"": ""INTERVAL_COOLDOWN"", ""numClimbSends"": 0, ""maxElevationGain"": 24.0, ""averageElevationGain"": 24.0, ""maxDistance"": 1240, ""maxDistanceWithPrecision"": 1240.3199462890625, ""distance"": 1241.3399658203125, ""averageSpeed"": 1.6059999465942383, ""maxSpeed"": 2.4260001182556152, ""numFalls"": 0, ""elevationLoss"": 26.0, ""avgStepFrequency"": 111.890625, ""avgStepLength"": 0.7534000244140625, ""verticalRatio"": 8.619999885559082, ""verticalOscillation"": 6.490000152587891, ""avgGroundContactTime"": 341.20001220703125}]",8068,1784818830000,Wirral - Tempo Run 23rd July,3.5,2026-07-23 16:00:30,,65.0,1981.302001953125,471.0,23704956973,False,False,,-3.1040000449866056,3624601887,True,43,1.5999994277954102,-1.2000000476837158,1,8.390000152587891,143088564,False,,False,53.41786840930581,False,1387.84
3,False,1808.3759765625,False,0.30799999833106995,False,75.001,,https://s3.amazonaws.com/garmin-connect-prod/profile_images/6dd3e63b-1cf6-47dd-a308-0af6c5311562-prfr.png,False,9.819999694824219,0.988,"[""SCOPE_ATP_READ"", ""SCOPE_COMMUNITY_COURSE_ADMIN_READ"", ""SCOPE_GCX_KID_WRITE"", ""SCOPE_DT_ACTIVE_INTELLIGENCE_READ"", ""SCOPE_COMMUNITY_COURSE_WRITE"", ""SCOPE_GCX_KID_ADMIN_READ"", ""SCOPE_CONNECT_WEB_TEMPLATE_RENDER"", ""SCOPE_ACTIVITY_DETECTION_READ"", ""SCOPE_OMT_SUBSCRIPTION_ADMIN_READ"", ""SCOPE_DI_OAUTH_2_MANAGED_STATUS_ADMIN_WRITE"", ""SCOPE_CONNECT_READ"", ""SCOPE_GCX_PET_READ"", ""SCOPE_GOLF_API_READ"", ""SCOPE_DI_OAUTH_2_DEVICE_REVOCATION_WRITE"", ""SCOPE_GCX_PET_WRITE"", ""SCOPE_DI_OAUTH_2_CREATE_DI_USER"", ""SCOPE_DIVE_API_WRITE"", ""SCOPE_DIVE_API_READ"", ""SCOPE_DI_OAUTH_2_CLIENT_READ"", ""SCOPE_CONNECT_WRITE"", ""SCOPE_CONNECT_MCT_DAILY_LOG_READ"", ""SCOPE_CONNECT_API_CREATE_UPDATE_USER"", ""SCOPE_MESSAGE_GENERATION_READ"", ""SCOPE_DI_OAUTH_2_CLIENT_REVOCATION_ADMIN"", ""SCOPE_GCX_PET_ADMIN_READ"", ""SCOPE_CONNECT_NON_SOCIAL_SHARED_READ"", ""SCOPE_DI_OAUTH_2_PRERELEASE_PERMISSIONS_ADMIN_WRITE"", ""SCOPE_DI_OAUTH_2_TOKEN_ADMIN"", ""SCOPE_ATP_WRITE"", ""SCOPE_GCX_KID_READ"", ""ROLE_CONNECTUSER"", ""ROLE_FITNESS_USER"", ""ROLE_WELLNESS_USER"", ""ROLE_GARMIN_USER"", ""ROLE_GCM_USER""]",7.989,,79.0,3264.840087890625,False,2026-07-21 19:39:09,311.79998779296875,1.100000023841858,False,0.4699999988079071,136.0,https://s3.amazonaws.com/garmin-connect-prod/profile_images/6dd3e63b-1cf6-47dd-a308-0af6c5311562-prth.png,736.978,3892.469970703125,71.0,False,,1,True,https://s3.amazonaws.com/garmin-connect-prod/profile_images/6dd3e63b-1cf6-47dd-a308-0af6c5311562-prof.png,-3.032351117581129,True,17,13.0,-9,IMPROVING_AEROBIC_BASE_8,1777.5250244140625,,10,4d294da0-1d36-44c4-a103-1eeaab5f58df,44.20000076293945,,False,False,[],running,False,False,23.28125,91.24000549316406,24.996,250.0,False,189.0,False,False,47.0,1042.648,1831.3900146484375,False,MINOR_ANAEROBIC_BENEFIT_15,False,960.0,GARMIN,67.97000122070312,Macayla,False,9,37.536279559748024,11.0,b220a133-f854-4ed8-9c7e-d16b5a3469b2,250.0,871.997,2.7070000171661377,159,uncategorized,,,53.37272498756647,False,2.978,291.0,False,,4010.821044921875,subscribers,False,2026-07-21 18:32:19,False,AEROBIC_BASE,14.0,24,Wirral,,2,"[{""noOfSplits"": 107, ""totalAscent"": 9.0, ""duration"": 1273.9940185546875, ""splitType"": ""RWD_WALK"", ""numClimbSends"": 0, ""maxElevationGain"": 1.0, ""averageElevationGain"": 0.0, ""maxDistance"": 49, ""maxDistanceWithPrecision"": 49.560001373291016, ""distance"": 779.9500122070312, ""averageSpeed"": 0.6119999885559082, ""maxSpeed"": 2.4170000553131104, ""numFalls"": 0, ""elevationLoss"": 5.0}, {""noOfSplits"": 39, ""totalAscent"": 2.0, ""duration"": 494.82501220703125, ""splitType"": ""RWD_RUN"", ""numClimbSends"": 0, ""maxElevationGain"": 1.0, ""averageElevationGain"": 0.0, ""maxDistance"": 22, ""maxDistanceWithPrecision"": 22.309999465942383, ""distance"": 297.010009765625, ""averageSpeed"": 0.6000000238418579, ""maxSpeed"": 2.7070000171661377, ""numFalls"": 0, ""elevationLoss"": 8.0}, {""noOfSplits"": 1, ""totalAscent"": 11.0, ""duration"": 3892.469970703125, ""splitType"": ""INTERVAL_ACTIVE"", ""numClimbSends"": 0, ""maxElevationGain"": 11.0, ""averageElevationGain"": 11.0, ""maxDistance"": 1831, ""maxDistanceWithPrecision"": 1831.2099609375, ""distance"": 1831.3699951171875, ""averageSpeed"": 0.4699999988079071, ""maxSpeed"": 2.7070000171661377, ""numFalls"": 0, ""elevationLoss"": 13.0}, {""noOfSplits"": 103, ""totalAscent"": 0.0, ""duration"": 2123.574951171875, ""splitType"": ""RWD_STAND"", ""numClimbSends"": 0, ""maxElevationGain"": 0.0, ""averageElevationGain"": 0.0, ""maxDistance"": 45, ""maxDistanceWithPrecision"": 45.619998931884766, ""distance"": 756.8800048828125, ""averageSpeed"": 0.35600000619888306, ""maxSpeed"": 1.3339999914169312, ""numFalls"": 0, ""elevationLoss"": 0.0}]",3348,1784658739000,Wirral Running,3.0,2026-07-21 19:32:19,,0.0,,429.0,23682595142,False,False,,-3.0317448545247316,3624601887,True,29,0.3999977111816406,32.599998474121094,1,5.65,143088564,False,,False,53.37276874110103,False,957.994
3,False,2.6059999465942383,False,2.444000005722046,False,84.0,,https://s3.amazonaws.com/garmin-connect-prod/profile_images/6dd3e63b-1cf6-47dd-a308-0af6c5311562-prfr.png,False,9.84000015258789,98.999,"[""SCOPE_ATP_READ"", ""SCOPE_COMMUNITY_COURSE_ADMIN_READ"", ""SCOPE_GCX_KID_WRITE"", ""SCOPE_DT_ACTIVE_INTELLIGENCE_READ"", ""SCOPE_COMMUNITY_COURSE_WRITE"", ""SCOPE_GCX_KID_ADMIN_READ"", ""SCOPE_CONNECT_WEB_TEMPLATE_RENDER"", ""SCOPE_ACTIVITY_DETECTION_READ"", ""SCOPE_OMT_SUBSCRIPTION_ADMIN_READ"", ""SCOPE_DI_OAUTH_2_MANAGED_STATUS_ADMIN_WRITE"", ""SCOPE_CONNECT_READ"", ""SCOPE_GCX_PET_READ"", ""SCOPE_GOLF_API_READ"", ""SCOPE_DI_OAUTH_2_DEVICE_REVOCATION_WRITE"", ""SCOPE_GCX_PET_WRITE"", ""SCOPE_DI_OAUTH_2_CREATE_DI_USER"", ""SCOPE_DIVE_API_WRITE"", ""SCOPE_DIVE_API_READ"", ""SCOPE_DI_OAUTH_2_CLIENT_READ"", ""SCOPE_CONNECT_WRITE"", ""SCOPE_CONNECT_MCT_DAILY_LOG_READ"", ""SCOPE_CONNECT_API_CREATE_UPDATE_USER"", ""SCOPE_MESSAGE_GENERATION_READ"", ""SCOPE_DI_OAUTH_2_CLIENT_REVOCATION_ADMIN"", ""SCOPE_GCX_PET_ADMIN_READ"", ""SCOPE_CONNECT_NON_SOCIAL_SHARED_READ"", ""SCOPE_DI_OAUTH_2_PRERELEASE_PERMISSIONS_ADMIN_WRITE"", ""SCOPE_DI_OAUTH_2_TOKEN_ADMIN"", ""SCOPE_ATP_WRITE"", ""SCOPE_GCX_KID_READ"", ""ROLE_CONNECTUSER"", ""ROLE_FITNESS_USER"", ""ROLE_WELLNESS_USER"", ""ROLE_GARMIN_USER"", ""ROLE_GCM_USER""]",791.975,,41.0,646.2650146484375,False,2026-07-20 16:32:59,292.79998779296875,0.0,False,2.453000068664551,162.0,https://s3.amazonaws.com/garmin-connect-prod/profile_images/6dd3e63b-1cf6-47dd-a308-0af6c5311562-prth.png,1521.005,2041.56103515625,487.0,False,,1,True,https://s3.amazonaws.com/garmin-connect-prod/profile_images/6dd3e63b-1cf6-47dd-a308-0af6c5311562-prof.png,-3.0133239459246397,True,17,43.0,-8,IMPACTING_TEMPO_22,397.760986328125,,10,4d294da0-1d36-44c4-a103-1eeaab5f58df,28.600000381469727,44.0,False,False,[],running,False,False,157.78125,107.10466003417969,716.953,165.0,False,181.0,False,False,243.0,57.944,5008.6201171875,False,NO_ANAEROBIC_BENEFIT_0,False,2036.02099609375,GARMIN,92.87000122070313,Macayla,False,9,17.43547281875498,36.0,8093a99f-733d-49ce-a63c-2a7817931b45,165.0,56.0,2.6589999198913574,159,uncategorized,,,53.36198014207184,False,391.966,369.0,False,,2067.739013671875,subscribers,False,2026-07-20 15:58:32,False,TEMPO,239.0,2,Wirral,,6,"[{""noOfSplits"": 1, ""totalAscent"": 0.0, ""duration"": 5.316999912261963, ""splitType"": ""RWD_STAND"", ""numClimbSends"": 0, ""maxElevationGain"": 0.0, ""averageElevationGain"": 0.0, ""maxDistance"": 10, ""maxDistanceWithPrecision"": 10.4399995803833, ""distance"": 10.4399995803833, ""averageSpeed"": 1.9639999866485596, ""maxSpeed"": 0.0, ""numFalls"": 0, ""elevationLoss"": 0.0}, {""noOfSplits"": 2, ""totalAscent"": 0.0, ""duration"": 2.0, ""splitType"": ""RWD_WALK"", ""numClimbSends"": 0, ""maxElevationGain"": 0.0, ""averageElevationGain"": 0.0, ""maxDistance"": 4, ""maxDistanceWithPrecision"": 4.909999847412109, ""distance"": 4.909999847412109, ""averageSpeed"": 2.4549999237060547, ""maxSpeed"": 1.1169999837875366, ""numFalls"": 0, ""elevationLoss"": 0.0}, {""noOfSplits"": 2, ""totalAscent"": 36.0, ""duration"": 2034.1610107421875, ""splitType"": ""RWD_RUN"", ""numClimbSends"": 0, ""maxElevationGain"": 35.0, ""averageElevationGain"": 18.0, ""maxDistance"": 4395, ""maxDistanceWithPrecision"": 4395.39990234375, ""distance"": 4993.08984375, ""averageSpeed"": 2.4549999237060547, ""maxSpeed"": 2.6589999198913574, ""numFalls"": 0, ""elevationLoss"": 43.0}, {""noOfSplits"": 1, ""totalAscent"": 36.0, ""duration"": 2041.56103515625, ""splitType"": ""INTERVAL_ACTIVE"", ""numClimbSends"": 0, ""maxElevationGain"": 36.0, ""averageElevationGain"": 36.0, ""maxDistance"": 5007, ""maxDistanceWithPrecision"": 5007.7998046875, ""distance"": 5008.43017578125, ""averageSpeed"": 2.453000068664551, ""maxSpeed"": 2.6589999198913574, ""numFalls"": 0, ""elevationLoss"": 43.0}]",5368,1784563112000,Wirral Running,3.299999952316284,2026-07-20 16:58:32,,12.0,2064.51708984375,334.0,23666999501,False,False,,-3.0137282889336348,3624601887,True,31,0.40000152587890625,6.800000190734863,1,9.140000152587891,143088564,False,,False,53.36150656454265,False,282.822
3,False,2.813999891281128,False,2.2049999237060547,False,0.0,,https://s3.amazonaws.com/garmin-connect-prod/profile_images/6dd3e63b-1cf6-47dd-a308-0af6c5311562-prfr.png,False,9.880000114440918,77.997,"[""SCOPE_ATP_READ"", ""SCOPE_COMMUNITY_COURSE_ADMIN_READ"", ""SCOPE_GCX_KID_WRITE"", ""SCOPE_DT_ACTIVE_INTELLIGENCE_READ"", ""SCOPE_COMMUNITY_COURSE_WRITE"", ""SCOPE_GCX_KID_ADMIN_READ"", ""SCOPE_CONNECT_WEB_TEMPLATE_RENDER"", ""SCOPE_ACTIVITY_DETECTION_READ"", ""SCOPE_OMT_SUBSCRIPTION_ADMIN_READ"", ""SCOPE_DI_OAUTH_2_MANAGED_STATUS_ADMIN_WRITE"", ""SCOPE_CONNECT_READ"", ""SCOPE_GCX_PET_READ"", ""SCOPE_GOLF_API_READ"", ""SCOPE_DI_OAUTH_2_DEVICE_REVOCATION_WRITE"", ""SCOPE_GCX_PET_WRITE"", ""SCOPE_DI_OAUTH_2_CREATE_DI_USER"", ""SCOPE_DIVE_API_WRITE"", ""SCOPE_DIVE_API_READ"", ""SCOPE_DI_OAUTH_2_CLIENT_READ"", ""SCOPE_CONNECT_WRITE"", ""SCOPE_CONNECT_MCT_DAILY_LOG_READ"", ""SCOPE_CONNECT_API_CREATE_UPDATE_USER"", ""SCOPE_MESSAGE_GENERATION_READ"", ""SCOPE_DI_OAUTH_2_CLIENT_REVOCATION_ADMIN"", ""SCOPE_GCX_PET_ADMIN_READ"", ""SCOPE_CONNECT_NON_SOCIAL_SHARED_READ"", ""SCOPE_DI_OAUTH_2_PRERELEASE_PERMISSIONS_ADMIN_WRITE"", ""SCOPE_DI_OAUTH_2_TOKEN_ADMIN"", ""SCOPE_ATP_WRITE"", ""SCOPE_GCX_KID_READ"", ""ROLE_CONNECTUSER"", ""ROLE_FITNESS_USER"", ""ROLE_WELLNESS_USER"", ""ROLE_GARMIN_USER"", ""ROLE_GCM_USER""]",1287.297,,147.0,632.5349731445312,False,2026-07-18 08:11:28,294.8999938964844,0.0,False,2.196000099182129,149.0,https://s3.amazonaws.com/garmin-connect-prod/profile_images/6dd3e63b-1cf6-47dd-a308-0af6c5311562-prth.png,1214.271,7290.716796875,1339.0,False,,1,True,https://s3.amazonaws.com/garmin-connect-prod/profile_images/6dd3e63b-1cf6-47dd-a308-0af6c5311562-prof.png,-2.9199514724314213,True,17,98.0,-29,IMPROVING_AEROBIC_ENDURANCE_9,381.09100341796875,,10,4d294da0-1d36-44c4-a103-1eeaab5f58df,42.79999923706055,44.0,False,False,[],running,False,False,153.9375,145.60345458984375,4147.431,242.0,False,173.0,False,False,217.0,365.296,16008.6904296875,False,NO_ANAEROBIC_BENEFIT_0,False,7287.321990966797,GARMIN,83.92999877929688,Macayla,False,9,30.44908092221442,119.0,c8ad63c2-0744-4fc0-8149-054277cdcb79,242.0,862.971,2.7709999084472656,159,uncategorized,,,53.28413757495582,False,425.929,322.0,False,4827.751953125,7749.6669921875,subscribers,False,2026-07-18 06:02:19,False,AEROBIC_BASE,207.0,16,Cheshire West and Chester,,17,"[{""noOfSplits"": 8, ""duration"": 0.0, ""splitType"": ""RWD_STAND"", ""numClimbSends"": 0, ""numFalls"": 0}, {""noOfSplits"": 1, ""totalAscent"": 119.0, ""duration"": 7290.716796875, ""splitType"": ""INTERVAL_ACTIVE"", ""numClimbSends"": 0, ""maxElevationGain"": 119.0, ""averageElevationGain"": 119.0, ""maxDistance"": 16006, ""maxDistanceWithPrecision"": 16006.9404296875, ""distance"": 16008.4296875, ""averageSpeed"": 2.196000099182129, ""maxSpeed"": 2.7709999084472656, ""numFalls"": 0, ""elevationLoss"": 98.0}, {""noOfSplits"": 13, ""totalAscent"": 94.0, ""duration"": 6422.84521484375, ""splitType"": ""RWD_RUN"", ""numClimbSends"": 0, ""maxElevationGain"": 31.0, ""averageElevationGain"": 9.0, ""maxDistance"": 4696, ""maxDistanceWithPrecision"": 4696.77001953125, ""distance"": 14677.58984375, ""averageSpeed"": 2.2850000858306885, ""maxSpeed"": 2.7709999084472656, ""numFalls"": 0, ""elevationLoss"": 91.0}, {""noOfSplits"": 17, ""totalAscent"": 26.0, ""duration"": 867.4869995117188, ""splitType"": ""RWD_WALK"", ""numClimbSends"": 0, ""maxElevationGain"": 10.0, ""averageElevationGain"": 3.0, ""maxDistance"": 498, ""maxDistanceWithPrecision"": 498.7300109863281, ""distance"": 1331.199951171875, ""averageSpeed"": 1.534999966621399, ""maxSpeed"": 1.9880000352859497, ""numFalls"": 0, ""elevationLoss"": 7.0}]",18934,1784354539000,Cheshire West and Chester Running,3.799999952316284,2026-07-18 07:02:19,,0.0,2179.261962890625,1022.0,23638726078,False,False,,-2.9206896666437387,3624601887,True,106,0.40000152587890625,16.600000381469727,1,8.290000152587892,143088564,False,,False,53.28400966711342,False,4831.389
3,False,856.176025390625,False,0.492000013589859,False,1379.607,,https://s3.amazonaws.com/garmin-connect-prod/profile_images/6dd3e63b-1cf6-47dd-a308-0af6c5311562-prfr.png,False,9.949999809265137,0.0,"[""SCOPE_ATP_READ"", ""SCOPE_COMMUNITY_COURSE_ADMIN_READ"", ""SCOPE_GCX_KID_WRITE"", ""SCOPE_DT_ACTIVE_INTELLIGENCE_READ"", ""SCOPE_COMMUNITY_COURSE_WRITE"", ""SCOPE_GCX_KID_ADMIN_READ"", ""SCOPE_CONNECT_WEB_TEMPLATE_RENDER"", ""SCOPE_ACTIVITY_DETECTION_READ"", ""SCOPE_OMT_SUBSCRIPTION_ADMIN_READ"", ""SCOPE_DI_OAUTH_2_MANAGED_STATUS_ADMIN_WRITE"", ""SCOPE_CONNECT_READ"", ""SCOPE_GCX_PET_READ"", ""SCOPE_GOLF_API_READ"", ""SCOPE_DI_OAUTH_2_DEVICE_REVOCATION_WRITE"", ""SCOPE_GCX_PET_WRITE"", ""SCOPE_DI_OAUTH_2_CREATE_DI_USER"", ""SCOPE_DIVE_API_WRITE"", ""SCOPE_DIVE_API_READ"", ""SCOPE_DI_OAUTH_2_CLIENT_READ"", ""SCOPE_CONNECT_WRITE"", ""SCOPE_CONNECT_MCT_DAILY_LOG_READ"", ""SCOPE_CONNECT_API_CREATE_UPDATE_USER"", ""SCOPE_MESSAGE_GENERATION_READ"", ""SCOPE_DI_OAUTH_2_CLIENT_REVOCATION_ADMIN"", ""SCOPE_GCX_PET_ADMIN_READ"", ""SCOPE_CONNECT_NON_SOCIAL_SHARED_READ"", ""SCOPE_DI_OAUTH_2_PRERELEASE_PERMISSIONS_ADMIN_WRITE"", ""SCOPE_DI_OAUTH_2_TOKEN_ADMIN"", ""SCOPE_ATP_WRITE"", ""SCOPE_GCX_KID_READ"", ""ROLE_CONNECTUSER"", ""ROLE_FITNESS_USER"", ""ROLE_WELLNESS_USER"", ""ROLE_GARMIN_USER"", ""ROLE_GCM_USER""]",17.099,,110.0,1893.0699462890625,False,2026-07-14 19:30:32,303.8999938964844,2.799999952316284,False,0.6890000104904174,161.0,https://s3.amazonaws.com/garmin-connect-prod/profile_images/6dd3e63b-1cf6-47dd-a308-0af6c5311562-prth.png,1538.007,5483.4111328125,148.0,False,,1,True,https://s3.amazonaws.com/garmin-connect-prod/profile_images/6dd3e63b-1cf6-47dd-a308-0af6c5311562-prof.png,-3.032564353197813,True,17,17.0,-14,HIGHLY_IMPROVING_VO2_MAX_16,1015.8729858398438,,10,4d294da0-1d36-44c4-a103-1eeaab5f58df,49.400001525878906,,False,False,[],running,False,False,30.59375,255.72389221191406,82.602,245.0,False,197.0,False,False,50.0,284.78,3778.7099609375,False,MAINTAINING_FAST_FORCE_PRODUCTION_6,False,2122.0,GARMIN,67.90999755859376,Macayla,False,9,42.266241169967245,12.0,b8f7e8fe-76e8-4fba-9d1a-6f31fceefedf,245.0,717.109,3.3499999046325684,159,uncategorized,,,53.37261660955846,False,3.986,276.0,False,,5483.4111328125,subscribers,False,2026-07-14 17:59:09,False,VO2MAX,20.0,18,Wirral,,4,"[{""noOfSplits"": 1, ""totalAscent"": 12.0, ""duration"": 5483.4111328125, ""splitType"": ""INTERVAL_ACTIVE"", ""numClimbSends"": 0, ""maxElevationGain"": 12.0, ""averageElevationGain"": 12.0, ""maxDistance"": 3778, ""maxDistanceWithPrecision"": 3778.590087890625, ""distance"": 3778.699951171875, ""averageSpeed"": 0.6890000104904175, ""maxSpeed"": 3.3499999046325684, ""numFalls"": 0, ""elevationLoss"": 17.0}, {""noOfSplits"": 197, ""totalAscent"": 6.0, ""duration"": 2338.99609375, ""splitType"": ""RWD_WALK"", ""numClimbSends"": 0, ""maxElevationGain"": 2.0, ""averageElevationGain"": 0.0, ""maxDistance"": 52, ""maxDistanceWithPrecision"": 52.40999984741211, ""distance"": 1691.6400146484375, ""averageSpeed"": 0.7229999899864197, ""maxSpeed"": 3.3499999046325684, ""numFalls"": 0, ""elevationLoss"": 13.0}, {""noOfSplits"": 83, ""totalAscent"": 6.0, ""duration"": 1013.9940185546875, ""splitType"": ""RWD_RUN"", ""numClimbSends"": 0, ""maxElevationGain"": 1.0, ""averageElevationGain"": 0.0, ""maxDistance"": 38, ""maxDistanceWithPrecision"": 38.38999938964844, ""distance"": 897.3099975585938, ""averageSpeed"": 0.8849999904632568, ""maxSpeed"": 3.3499999046325684, ""numFalls"": 0, ""elevationLoss"": 4.0}, {""noOfSplits"": 159, ""totalAscent"": 0.0, ""duration"": 2130.385009765625, ""splitType"": ""RWD_STAND"", ""numClimbSends"": 0, ""maxElevationGain"": 0.0, ""averageElevationGain"": 0.0, ""maxDistance"": 42, ""maxDistanceWithPrecision"": 42.84000015258789, ""distance"": 1193.1300048828125, ""averageSpeed"": 0.5600000023841858, ""maxSpeed"": 1.128999948501587, ""numFalls"": 0, ""elevationLoss"": 0.0}]",6580,1784051949000,Wirral Running,4.199999809265137,2026-07-14 18:59:09,,0.0,,806.0,23599107751,False,False,,-3.0325760040432215,3624601887,True,65,0.40000152587890625,38.0,1,5.80999984741211,143088564,False,,False,53.37266128510237,False,1539.944
3,False,1474.4520263671875,False,0.29600000381469727,False,381.004,485870731,https://s3.amazonaws.com/garmin-connect-prod/profile_images/6dd3e63b-1cf6-47dd-a308-0af6c5311562-prfr.png,False,8.970000267028809,0.0,"[""SCOPE_ATP_READ"", ""SCOPE_COMMUNITY_COURSE_ADMIN_READ"", ""SCOPE_GCX_KID_WRITE"", ""SCOPE_DT_ACTIVE_INTELLIGENCE_READ"", ""SCOPE_COMMUNITY_COURSE_WRITE"", ""SCOPE_GCX_KID_ADMIN_READ"", ""SCOPE_CONNECT_WEB_TEMPLATE_RENDER"", ""SCOPE_ACTIVITY_DETECTION_READ"", ""SCOPE_OMT_SUBSCRIPTION_ADMIN_READ"", ""SCOPE_DI_OAUTH_2_MANAGED_STATUS_ADMIN_WRITE"", ""SCOPE_CONNECT_READ"", ""SCOPE_GCX_PET_READ"", ""SCOPE_GOLF_API_READ"", ""SCOPE_DI_OAUTH_2_DEVICE_REVOCATION_WRITE"", ""SCOPE_GCX_PET_WRITE"", ""SCOPE_DI_OAUTH_2_CREATE_DI_USER"", ""SCOPE_DIVE_API_WRITE"", ""SCOPE_DIVE_API_READ"", ""SCOPE_DI_OAUTH_2_CLIENT_READ"", ""SCOPE_CONNECT_WRITE"", ""SCOPE_CONNECT_MCT_DAILY_LOG_READ"", ""SCOPE_CONNECT_API_CREATE_UPDATE_USER"", ""SCOPE_MESSAGE_GENERATION_READ"", ""SCOPE_DI_OAUTH_2_CLIENT_REVOCATION_ADMIN"", ""SCOPE_GCX_PET_ADMIN_READ"", ""SCOPE_CONNECT_NON_SOCIAL_SHARED_READ"", ""SCOPE_DI_OAUTH_2_PRERELEASE_PERMISSIONS_ADMIN_WRITE"", ""SCOPE_DI_OAUTH_2_TOKEN_ADMIN"", ""SCOPE_ATP_WRITE"", ""SCOPE_GCX_KID_READ"", ""ROLE_CONNECTUSER"", ""ROLE_FITNESS_USER"", ""ROLE_WELLNESS_USER"", ""ROLE_GARMIN_USER"", ""ROLE_GCM_USER""]",0.998,,76.0,,False,2026-07-12 17:01:30,312.8999938964844,2.0999999046325684,False,0.42699998617172247,154.0,https://s3.amazonaws.com/garmin-connect-prod/profile_images/6dd3e63b-1cf6-47dd-a308-0af6c5311562-prth.png,1201.981,3761.720947265625,75.0,False,,1,True,https://s3.amazonaws.com/garmin-connect-prod/profile_images/6dd3e63b-1cf6-47dd-a308-0af6c5311562-prof.png,-3.093358715996146,True,17,27.0,-9,IMPROVING_AEROBIC_FITNESS_2,2122.427978515625,,10,4d294da0-1d36-44c4-a103-1eeaab5f58df,19.0,,False,False,[],running,False,False,27.859375,139.687255859375,39.003,247.0,False,192.0,False,False,44.0,182.997,1607.8299560546875,False,MAINTAINING_ANAEROBIC_BASE_1,False,889.0,GARMIN,77.39000244140625,Macayla,False,9,4.908375438188847,7.0,d8defdcf-206c-412d-b766-1be287971901,247.0,981.0,2.930000066757202,159,uncategorized,,,53.41196537017822,False,4.0,279.0,False,,3761.720947265625,subscribers,False,2026-07-12 15:58:49,False,TEMPO,15.0,20,Wirral,,2,"[{""noOfSplits"": 53, ""totalAscent"": 200.0, ""duration"": 490.00201416015625, ""splitType"": ""RWD_RUN"", ""numClimbSends"": 0, ""maxElevationGain"": 100.0, ""averageElevationGain"": 0.0, ""maxDistance"": 24, ""maxDistanceWithPrecision"": 24.829999923706055, ""distance"": 266.07000732421875, ""averageSpeed"": 0.5429999828338623, ""maxSpeed"": 2.930000066757202, ""numFalls"": 0, ""elevationLoss"": 4.0}, {""noOfSplits"": 110, ""totalAscent"": 400.0, ""duration"": 1315.7530517578125, ""splitType"": ""RWD_WALK"", ""numClimbSends"": 0, ""maxElevationGain"": 200.0, ""averageElevationGain"": 0.0, ""maxDistance"": 44, ""maxDistanceWithPrecision"": 44.66999816894531, ""distance"": 624.2000122070312, ""averageSpeed"": 0.4740000069141388, ""maxSpeed"": 2.2019999027252197, ""numFalls"": 0, ""elevationLoss"": 22.0}, {""noOfSplits"": 115, ""totalAscent"": 0.0, ""duration"": 1955.916015625, ""splitType"": ""RWD_STAND"", ""numClimbSends"": 0, ""maxElevationGain"": 0.0, ""averageElevationGain"": 0.0, ""maxDistance"": 27, ""maxDistanceWithPrecision"": 27.6299991607666, ""distance"": 721.25, ""averageSpeed"": 0.36899998784065247, ""maxSpeed"": 0.0, ""numFalls"": 0, ""elevationLoss"": 0.0}, {""noOfSplits"": 1, ""totalAscent"": 700.0, ""duration"": 3761.720947265625, ""splitType"": ""INTERVAL_ACTIVE"", ""numClimbSends"": 0, ""maxElevationGain"": 700.0, ""averageElevationGain"": 700.0, ""maxDistance"": 1607, ""maxDistanceWithPrecision"": 1607.43994140625, ""distance"": 1607.7900390625, ""averageSpeed"": 0.4269999861717224, ""maxSpeed"": 2.930000066757202, ""numFalls"": 0, ""elevationLoss"": 27.0}]",3872,1783871929000,Wirral Running,3.5,2026-07-12 16:58:49,,0.0,,506.0,23573451738,False,False,COMPLETE,-3.0934083368629217,3624601887,True,37,0.4000005722045899,-2.5999999046325684,1,5.6000000000000005,143088564,False,,False,53.41200686059892,False,1009.698
3,False,0.9950000047683716,False,2.178999900817871,False,0.0,485870731,https://s3.amazonaws.com/garmin-connect-prod/profile_images/6dd3e63b-1cf6-47dd-a308-0af6c5311562-prfr.png,False,9.369999885559082,242.982,"[""SCOPE_ATP_READ"", ""SCOPE_COMMUNITY_COURSE_ADMIN_READ"", ""SCOPE_GCX_KID_WRITE"", ""SCOPE_DT_ACTIVE_INTELLIGENCE_READ"", ""SCOPE_COMMUNITY_COURSE_WRITE"", ""SCOPE_GCX_KID_ADMIN_READ"", ""SCOPE_CONNECT_WEB_TEMPLATE_RENDER"", ""SCOPE_ACTIVITY_DETECTION_READ"", ""SCOPE_OMT_SUBSCRIPTION_ADMIN_READ"", ""SCOPE_DI_OAUTH_2_MANAGED_STATUS_ADMIN_WRITE"", ""SCOPE_CONNECT_READ"", ""SCOPE_GCX_PET_READ"", ""SCOPE_GOLF_API_READ"", ""SCOPE_DI_OAUTH_2_DEVICE_REVOCATION_WRITE"", ""SCOPE_GCX_PET_WRITE"", ""SCOPE_DI_OAUTH_2_CREATE_DI_USER"", ""SCOPE_DIVE_API_WRITE"", ""SCOPE_DIVE_API_READ"", ""SCOPE_DI_OAUTH_2_CLIENT_READ"", ""SCOPE_CONNECT_WRITE"", ""SCOPE_CONNECT_MCT_DAILY_LOG_READ"", ""SCOPE_CONNECT_API_CREATE_UPDATE_USER"", ""SCOPE_MESSAGE_GENERATION_READ"", ""SCOPE_DI_OAUTH_2_CLIENT_REVOCATION_ADMIN"", ""SCOPE_GCX_PET_ADMIN_READ"", ""SCOPE_CONNECT_NON_SOCIAL_SHARED_READ"", ""SCOPE_DI_OAUTH_2_PRERELEASE_PERMISSIONS_ADMIN_WRITE"", ""SCOPE_DI_OAUTH_2_TOKEN_ADMIN"", ""SCOPE_ATP_WRITE"", ""SCOPE_GCX_KID_READ"", ""ROLE_CONNECTUSER"", ""ROLE_FITNESS_USER"", ""ROLE_WELLNESS_USER"", ""ROLE_GARMIN_USER"", ""ROLE_GCM_USER""]",1632.243,,139.0,652.9030151367188,False,2026-07-11 06:56:12,294.79998779296875,0.0,False,2.174999952316284,146.0,https://s3.amazonaws.com/garmin-connect-prod/profile_images/6dd3e63b-1cf6-47dd-a308-0af6c5311562-prth.png,920.363,6897.3681640625,1466.0,False,,1,True,https://s3.amazonaws.com/garmin-connect-prod/profile_images/6dd3e63b-1cf6-47dd-a308-0af6c5311562-prof.png,-3.013537432998419,True,17,122.0,-22,HIGHLY_IMPROVING_AEROBIC_ENDURANCE_10,397.7359924316406,,10,4d294da0-1d36-44c4-a103-1eeaab5f58df,57.20000076293945,44.0,False,False,[],running,False,False,143.375,167.69293212890625,2492.89,247.0,False,169.0,False,False,221.0,524.999,15003.26953125,False,NO_ANAEROBIC_BENEFIT_0,False,6863.885960698128,GARMIN,87.49000244140626,Macayla,False,9,23.7500290053177,126.0,9d0d8be2-52ea-4e7e-a8bd-d8f03b7f96ec,247.0,1413.281,2.733999967575073,159,uncategorized,,,53.361245887354016,False,607.593,355.0,False,4766.06494140625,7189.76708984375,subscribers,False,2026-07-11 04:56:23,False,AEROBIC_BASE,201.0,29,Wirral,,16,"[{""noOfSplits"": 22, ""totalAscent"": 0.0, ""duration"": 23.565000534057617, ""splitType"": ""RWD_STAND"", ""numClimbSends"": 0, ""maxElevationGain"": 0.0, ""averageElevationGain"": 0.0, ""maxDistance"": 5, ""maxDistanceWithPrecision"": 5.309999942779541, ""distance"": 15.34000015258789, ""averageSpeed"": 0.6510000228881836, ""maxSpeed"": 0.0, ""numFalls"": 0, ""elevationLoss"": 0.0}, {""noOfSplits"": 42, ""totalAscent"": 42.0, ""duration"": 1701.6619873046875, ""splitType"": ""RWD_WALK"", ""numClimbSends"": 0, ""maxElevationGain"": 11.0, ""averageElevationGain"": 2.0, ""maxDistance"": 410, ""maxDistanceWithPrecision"": 410.5799865722656, ""distance"": 2645.389892578125, ""averageSpeed"": 1.5549999475479126, ""maxSpeed"": 2.0339999198913574, ""numFalls"": 0, ""elevationLoss"": 16.0}, {""noOfSplits"": 26, ""totalAscent"": 84.0, ""duration"": 5172.05810546875, ""splitType"": ""RWD_RUN"", ""numClimbSends"": 0, ""maxElevationGain"": 14.0, ""averageElevationGain"": 3.0, ""maxDistance"": 2651, ""maxDistanceWithPrecision"": 2651.68994140625, ""distance"": 12342.7998046875, ""averageSpeed"": 2.385999917984009, ""maxSpeed"": 2.7339999675750732, ""numFalls"": 0, ""elevationLoss"": 105.0}, {""noOfSplits"": 1, ""totalAscent"": 126.0, ""duration"": 6897.3681640625, ""splitType"": ""INTERVAL_ACTIVE"", ""numClimbSends"": 0, ""maxElevationGain"": 126.0, ""averageElevationGain"": 126.0, ""maxDistance"": 15000, ""maxDistanceWithPrecision"": 15000.7197265625, ""distance"": 15002.75, ""averageSpeed"": 2.174999952316284, ""maxSpeed"": 2.7339999675750732, ""numFalls"": 0, ""elevationLoss"": 122.0}]",16980,1783745783000,Wirral Running,4.0,2026-07-11 05:56:23,,24.486,2230.239013671875,965.0,23554724238,False,False,,-3.0130568984895945,3624601887,True,88,0.5999984741210938,1.600000023841858,1,8.219999694824219,143088564,False,,False,53.36162491701543,False,3994.166
3,False,1.5460000038146973,False,2.3970000743865967,False,0.0,,https://s3.amazonaws.com/garmin-connect-prod/profile_images/6dd3e63b-1cf6-47dd-a308-0af6c5311562-prfr.png,False,9.859999656677246,130.355,"[""SCOPE_ATP_READ"", ""SCOPE_COMMUNITY_COURSE_ADMIN_READ"", ""SCOPE_GCX_KID_WRITE"", ""SCOPE_DT_ACTIVE_INTELLIGENCE_READ"", ""SCOPE_COMMUNITY_COURSE_WRITE"", ""SCOPE_GCX_KID_ADMIN_READ"", ""SCOPE_CONNECT_WEB_TEMPLATE_RENDER"", ""SCOPE_ACTIVITY_DETECTION_READ"", ""SCOPE_OMT_SUBSCRIPTION_ADMIN_READ"", ""SCOPE_DI_OAUTH_2_MANAGED_STATUS_ADMIN_WRITE"", ""SCOPE_CONNECT_READ"", ""SCOPE_GCX_PET_READ"", ""SCOPE_GOLF_API_READ"", ""SCOPE_DI_OAUTH_2_DEVICE_REVOCATION_WRITE"", ""SCOPE_GCX_PET_WRITE"", ""SCOPE_DI_OAUTH_2_CREATE_DI_USER"", ""SCOPE_DIVE_API_WRITE"", ""SCOPE_DIVE_API_READ"", ""SCOPE_DI_OAUTH_2_CLIENT_READ"", ""SCOPE_CONNECT_WRITE"", ""SCOPE_CONNECT_MCT_DAILY_LOG_READ"", ""SCOPE_CONNECT_API_CREATE_UPDATE_USER"", ""SCOPE_MESSAGE_GENERATION_READ"", ""SCOPE_DI_OAUTH_2_CLIENT_REVOCATION_ADMIN"", ""SCOPE_GCX_PET_ADMIN_READ"", ""SCOPE_CONNECT_NON_SOCIAL_SHARED_READ"", ""SCOPE_DI_OAUTH_2_PRERELEASE_PERMISSIONS_ADMIN_WRITE"", ""SCOPE_DI_OAUTH_2_TOKEN_ADMIN"", ""SCOPE_ATP_WRITE"", ""SCOPE_GCX_KID_READ"", ""ROLE_CONNECTUSER"", ""ROLE_FITNESS_USER"", ""ROLE_WELLNESS_USER"", ""ROLE_GARMIN_USER"", ""ROLE_GCM_USER""]",522.989,,42.0,659.9749755859375,False,2026-07-09 19:31:40,293.6000061035156,0.0,False,2.384999990463257,156.0,https://s3.amazonaws.com/garmin-connect-prod/profile_images/6dd3e63b-1cf6-47dd-a308-0af6c5311562-prth.png,904.32,2097.778076171875,507.0,False,,1,True,https://s3.amazonaws.com/garmin-connect-prod/profile_images/6dd3e63b-1cf6-47dd-a308-0af6c5311562-prof.png,-3.0133552104234695,True,17,63.0,-6,IMPROVING_AEROBIC_BASE_8,407.88299560546875,,10,4d294da0-1d36-44c4-a103-1eeaab5f58df,45.20000076293945,44.0,False,False,[],running,False,False,157.296875,92.60731506347656,930.971,231.0,False,174.0,False,False,245.0,66.982,5004.16015625,False,NO_ANAEROBIC_BENEFIT_0,False,2096.5169982910156,GARMIN,90.94000244140625,Macayla,False,9,26.511820848154045,55.0,339d62ec-012d-4416-bf22-3953c9956d44,231.0,56.001,2.621999979019165,159,uncategorized,,,53.36141109466553,False,431.964,343.0,False,,2097.778076171875,subscribers,False,2026-07-09 18:56:43,False,AEROBIC_BASE,238.0,1,Wirral,,6,"[{""noOfSplits"": 4, ""totalAscent"": 0.0, ""duration"": 37.000999450683594, ""splitType"": ""RWD_WALK"", ""numClimbSends"": 0, ""maxElevationGain"": 0.0, ""averageElevationGain"": 0.0, ""maxDistance"": 23, ""maxDistanceWithPrecision"": 23.010000228881836, ""distance"": 57.220001220703125, ""averageSpeed"": 1.5460000038146973, ""maxSpeed"": 1.8289999961853027, ""numFalls"": 0, ""elevationLoss"": 0.0}, {""noOfSplits"": 1, ""totalAscent"": 55.0, ""duration"": 2097.778076171875, ""splitType"": ""INTERVAL_ACTIVE"", ""numClimbSends"": 0, ""maxElevationGain"": 55.0, ""averageElevationGain"": 55.0, ""maxDistance"": 5002, ""maxDistanceWithPrecision"": 5002.669921875, ""distance"": 5004.06005859375, ""averageSpeed"": 2.384999990463257, ""maxSpeed"": 2.621999979019165, ""numFalls"": 0, ""elevationLoss"": 63.0}, {""noOfSplits"": 3, ""totalAscent"": 55.0, ""duration"": 2060.7119140625, ""splitType"": ""RWD_RUN"", ""numClimbSends"": 0, ""maxElevationGain"": 31.0, ""averageElevationGain"": 18.0, ""maxDistance"": 2595, ""maxDistanceWithPrecision"": 2595.7099609375, ""distance"": 4946.89013671875, ""averageSpeed"": 2.4010000228881836, ""maxSpeed"": 2.621999979019165, ""numFalls"": 0, ""elevationLoss"": 63.0}]",5498,1783623403000,Wirral Running,3.200000047683716,2026-07-09 19:56:43,,12.0,2094.512939453125,332.0,23539865774,False,False,,-3.012220384553075,3624601887,True,33,0.40000152587890625,11.0,1,8.95999984741211,143088564,False,,False,53.36143556982279,False,1054.96
3,False,502.2950134277344,False,0.4350000023841858,False,912.99,,https://s3.amazonaws.com/garmin-connect-prod/profile_images/6dd3e63b-1cf6-47dd-a308-0af6c5311562-prfr.png,False,9.649999618530273,4.0,"[""SCOPE_ATP_READ"", ""SCOPE_COMMUNITY_COURSE_ADMIN_READ"", ""SCOPE_GCX_KID_WRITE"", ""SCOPE_DT_ACTIVE_INTELLIGENCE_READ"", ""SCOPE_COMMUNITY_COURSE_WRITE"", ""SCOPE_GCX_KID_ADMIN_READ"", ""SCOPE_CONNECT_WEB_TEMPLATE_RENDER"", ""SCOPE_ACTIVITY_DETECTION_READ"", ""SCOPE_OMT_SUBSCRIPTION_ADMIN_READ"", ""SCOPE_DI_OAUTH_2_MANAGED_STATUS_ADMIN_WRITE"", ""SCOPE_CONNECT_READ"", ""SCOPE_GCX_PET_READ"", ""SCOPE_GOLF_API_READ"", ""SCOPE_DI_OAUTH_2_DEVICE_REVOCATION_WRITE"", ""SCOPE_GCX_PET_WRITE"", ""SCOPE_DI_OAUTH_2_CREATE_DI_USER"", ""SCOPE_DIVE_API_WRITE"", ""SCOPE_DIVE_API_READ"", ""SCOPE_DI_OAUTH_2_CLIENT_READ"", ""SCOPE_CONNECT_WRITE"", ""SCOPE_CONNECT_MCT_DAILY_LOG_READ"", ""SCOPE_CONNECT_API_CREATE_UPDATE_USER"", ""SCOPE_MESSAGE_GENERATION_READ"", ""SCOPE_DI_OAUTH_2_CLIENT_REVOCATION_ADMIN"", ""SCOPE_GCX_PET_ADMIN_READ"", ""SCOPE_CONNECT_NON_SOCIAL_SHARED_READ"", ""SCOPE_DI_OAUTH_2_PRERELEASE_PERMISSIONS_ADMIN_WRITE"", ""SCOPE_DI_OAUTH_2_TOKEN_ADMIN"", ""SCOPE_ATP_WRITE"", ""SCOPE_GCX_KID_READ"", ""ROLE_CONNECTUSER"", ""ROLE_FITNESS_USER"", ""ROLE_WELLNESS_USER"", ""ROLE_GARMIN_USER"", ""ROLE_GCM_USER""]",39.989,,148.0,2349.740966796875,False,2026-07-05 18:33:02,309.3999938964844,2.799999952316284,False,0.578000009059906,162.0,https://s3.amazonaws.com/garmin-connect-prod/profile_images/6dd3e63b-1cf6-47dd-a308-0af6c5311562-prth.png,3491.953,7309.7939453125,197.0,False,,1,True,https://s3.amazonaws.com/garmin-connect-prod/profile_images/6dd3e63b-1cf6-47dd-a308-0af6c5311562-prof.png,-3.0932432133704424,True,17,29.0,-24,HIGHLY_IMPROVING_LACTATE_THRESHOLD_13,1424.637939453125,,10,4d294da0-1d36-44c4-a103-1eeaab5f58df,9.0,,False,False,[],running,False,False,29.9375,291.43646240234375,190.068,250.0,False,195.0,False,False,63.0,76.002,4223.419921875,False,MAINTAINING_ANAEROBIC_BASE_1,False,2193.0,GARMIN,73.75,Macayla,False,9,-0.6226022739219738,20.0,d31e3c36-177d-4ec1-a27c-faa3154e7e37,250.0,1021.975,3.378000020980835,159,uncategorized,,,53.4119613468647,False,7.921,313.0,False,,7309.7939453125,subscribers,False,2026-07-05 16:31:13,False,LACTATE_THRESHOLD,20.0,19,Wirral,,5,"[{""noOfSplits"": 1, ""totalAscent"": 2000.0, ""duration"": 7309.7939453125, ""splitType"": ""INTERVAL_ACTIVE"", ""numClimbSends"": 0, ""maxElevationGain"": 2000.0, ""averageElevationGain"": 2000.0, ""maxDistance"": 4223, ""maxDistanceWithPrecision"": 4223.10986328125, ""distance"": 4223.39990234375, ""averageSpeed"": 0.578000009059906, ""maxSpeed"": 3.378000020980835, ""numFalls"": 0, ""elevationLoss"": 29.0}, {""noOfSplits"": 199, ""totalAscent"": 900.0, ""duration"": 2613.99609375, ""splitType"": ""RWD_WALK"", ""numClimbSends"": 0, ""maxElevationGain"": 200.0, ""averageElevationGain"": 0.0, ""maxDistance"": 76, ""maxDistanceWithPrecision"": 76.87999725341797, ""distance"": 1546.719970703125, ""averageSpeed"": 0.5920000076293945, ""maxSpeed"": 2.1089999675750732, ""numFalls"": 0, ""elevationLoss"": 14.0}, {""noOfSplits"": 123, ""totalAscent"": 1100.0, ""duration"": 1566.9990234375, ""splitType"": ""RWD_RUN"", ""numClimbSends"": 0, ""maxElevationGain"": 100.0, ""averageElevationGain"": 0.0, ""maxDistance"": 27, ""maxDistanceWithPrecision"": 27.959999084472656, ""distance"": 1107.1400146484375, ""averageSpeed"": 0.7070000171661377, ""maxSpeed"": 3.378000020980835, ""numFalls"": 0, ""elevationLoss"": 16.0}, {""noOfSplits"": 171, ""totalAscent"": 0.0, ""duration"": 3128.756103515625, ""splitType"": ""RWD_STAND"", ""numClimbSends"": 0, ""maxElevationGain"": 0.0, ""averageElevationGain"": 0.0, ""maxDistance"": 55, ""maxDistanceWithPrecision"": 55.7400016784668, ""distance"": 1574.3800048828125, ""averageSpeed"": 0.503000020980835, ""maxSpeed"": 0.2329999953508377, ""numFalls"": 0, ""elevationLoss"": 0.0}]",8706,1783269073000,Wirral Running,4.800000190734863,2026-07-05 17:31:13,,0.0,,1005.0,23491621058,False,False,COMPLETE,-3.093445636332035,3624601887,True,87,0.40000009536743164,-3.799999952316284,1,5.829999923706055,143088564,False,,False,53.41213979758322,False,1794.006
3,False,5.105999946594238,False,2.371999979019165,False,241.9,482738788,https://s3.amazonaws.com/garmin-connect-prod/profile_images/6dd3e63b-1cf6-47dd-a308-0af6c5311562-prfr.png,False,9.449999809265137,409.918,"[""SCOPE_ATP_READ"", ""SCOPE_COMMUNITY_COURSE_ADMIN_READ"", ""SCOPE_GCX_KID_WRITE"", ""SCOPE_DT_ACTIVE_INTELLIGENCE_READ"", ""SCOPE_COMMUNITY_COURSE_WRITE"", ""SCOPE_GCX_KID_ADMIN_READ"", ""SCOPE_CONNECT_WEB_TEMPLATE_RENDER"", ""SCOPE_ACTIVITY_DETECTION_READ"", ""SCOPE_OMT_SUBSCRIPTION_ADMIN_READ"", ""SCOPE_DI_OAUTH_2_MANAGED_STATUS_ADMIN_WRITE"", ""SCOPE_CONNECT_READ"", ""SCOPE_GCX_PET_READ"", ""SCOPE_GOLF_API_READ"", ""SCOPE_DI_OAUTH_2_DEVICE_REVOCATION_WRITE"", ""SCOPE_GCX_PET_WRITE"", ""SCOPE_DI_OAUTH_2_CREATE_DI_USER"", ""SCOPE_DIVE_API_WRITE"", ""SCOPE_DIVE_API_READ"", ""SCOPE_DI_OAUTH_2_CLIENT_READ"", ""SCOPE_CONNECT_WRITE"", ""SCOPE_CONNECT_MCT_DAILY_LOG_READ"", ""SCOPE_CONNECT_API_CREATE_UPDATE_USER"", ""SCOPE_MESSAGE_GENERATION_READ"", ""SCOPE_DI_OAUTH_2_CLIENT_REVOCATION_ADMIN"", ""SCOPE_GCX_PET_ADMIN_READ"", ""SCOPE_CONNECT_NON_SOCIAL_SHARED_READ"", ""SCOPE_DI_OAUTH_2_PRERELEASE_PERMISSIONS_ADMIN_WRITE"", ""SCOPE_DI_OAUTH_2_TOKEN_ADMIN"", ""SCOPE_ATP_WRITE"", ""SCOPE_GCX_KID_READ"", ""ROLE_CONNECTUSER"", ""ROLE_FITNESS_USER"", ""ROLE_WELLNESS_USER"", ""ROLE_GARMIN_USER"", ""ROLE_GCM_USER""]",2586.723,,147.0,642.4229736328125,False,2026-07-04 09:45:51,298.70001220703125,0.20000000298023224,False,2.3380000591278076,165.0,https://s3.amazonaws.com/garmin-connect-prod/profile_images/6dd3e63b-1cf6-47dd-a308-0af6c5311562-prth.png,5119.477,7275.09521484375,1807.0,False,,1,True,https://s3.amazonaws.com/garmin-connect-prod/profile_images/6dd3e63b-1cf6-47dd-a308-0af6c5311562-prof.png,-3.0889377649873495,True,17,209.0,-31,OVERREACHING_TEMPO_24,384.8370056152344,,10,4d294da0-1d36-44c4-a103-1eeaab5f58df,99.5999984741211,43.0,False,False,[],running,False,False,154.453125,252.678955078125,2372.955,228.0,False,187.0,False,False,240.0,14.0,17011.080078125,False,NO_ANAEROBIC_BENEFIT_0,False,7242.438995361328,GARMIN,89.35999755859376,Macayla,False,9,40.040637870001405,210.0,3961c257-9d98-474b-8357-c3c3c0843c48,228.0,74.003,2.8269999027252193,159,uncategorized,,,53.30077045597136,False,883.69,399.0,False,4232.76220703125,7275.09521484375,subscribers,False,2026-07-04 07:44:36,False,TEMPO,228.0,9,Cheshire West and Chester,,18,"[{""noOfSplits"": 20, ""totalAscent"": 0.0, ""duration"": 17.99799919128418, ""splitType"": ""RWD_STAND"", ""numClimbSends"": 0, ""maxElevationGain"": 0.0, ""averageElevationGain"": 0.0, ""maxDistance"": 13, ""maxDistanceWithPrecision"": 13.130000114440918, ""distance"": 28.31999969482422, ""averageSpeed"": 1.5740000009536743, ""maxSpeed"": 0.0, ""numFalls"": 0, ""elevationLoss"": 0.0}, {""noOfSplits"": 36, ""totalAscent"": 77.0, ""duration"": 1100.0009765625, ""splitType"": ""RWD_WALK"", ""numClimbSends"": 0, ""maxElevationGain"": 14.0, ""averageElevationGain"": 5.0, ""maxDistance"": 316, ""maxDistanceWithPrecision"": 316.7099914550781, ""distance"": 1810.8900146484375, ""averageSpeed"": 1.6460000276565552, ""maxSpeed"": 2.118000030517578, ""numFalls"": 0, ""elevationLoss"": 15.0}, {""noOfSplits"": 20, ""totalAscent"": 133.0, ""duration"": 6156.73583984375, ""splitType"": ""RWD_RUN"", ""numClimbSends"": 0, ""maxElevationGain"": 26.0, ""averageElevationGain"": 9.0, ""maxDistance"": 2125, ""maxDistanceWithPrecision"": 2125.1201171875, ""distance"": 15173.41015625, ""averageSpeed"": 2.4649999141693115, ""maxSpeed"": 2.8269999027252197, ""numFalls"": 0, ""elevationLoss"": 194.0}, {""noOfSplits"": 1, ""totalAscent"": 210.0, ""duration"": 7275.09521484375, ""splitType"": ""INTERVAL_ACTIVE"", ""numClimbSends"": 0, ""maxElevationGain"": 210.0, ""averageElevationGain"": 210.0, ""maxDistance"": 17005, ""maxDistanceWithPrecision"": 17005.19921875, ""distance"": 17010.349609375, ""averageSpeed"": 2.3380000591278076, ""maxSpeed"": 2.8269999027252197, ""numFalls"": 0, ""elevationLoss"": 209.0}]",19054,1783151076000,Cheshire West and Chester Running,5.0,2026-07-04 08:44:36,,110.005,2077.22509765625,1145.0,23474246296,False,False,,-3.088713549077511,3624601887,True,111,2.0,6.400000095367432,1,8.44000015258789,143088564,False,,False,53.30094547010958,False,1811.008
3,False,175.1649932861328,False,2.6500000953674316,False,479.764,,https://s3.amazonaws.com/garmin-connect-prod/profile_images/6dd3e63b-1cf6-47dd-a308-0af6c5311562-prfr.png,False,9.460000038146973,242.764,"[""SCOPE_ATP_READ"", ""SCOPE_COMMUNITY_COURSE_ADMIN_READ"", ""SCOPE_GCX_KID_WRITE"", ""SCOPE_DT_ACTIVE_INTELLIGENCE_READ"", ""SCOPE_COMMUNITY_COURSE_WRITE"", ""SCOPE_GCX_KID_ADMIN_READ"", ""SCOPE_CONNECT_WEB_TEMPLATE_RENDER"", ""SCOPE_ACTIVITY_DETECTION_READ"", ""SCOPE_OMT_SUBSCRIPTION_ADMIN_READ"", ""SCOPE_DI_OAUTH_2_MANAGED_STATUS_ADMIN_WRITE"", ""SCOPE_CONNECT_READ"", ""SCOPE_GCX_PET_READ"", ""SCOPE_GOLF_API_READ"", ""SCOPE_DI_OAUTH_2_DEVICE_REVOCATION_WRITE"", ""SCOPE_GCX_PET_WRITE"", ""SCOPE_DI_OAUTH_2_CREATE_DI_USER"", ""SCOPE_DIVE_API_WRITE"", ""SCOPE_DIVE_API_READ"", ""SCOPE_DI_OAUTH_2_CLIENT_READ"", ""SCOPE_CONNECT_WRITE"", ""SCOPE_CONNECT_MCT_DAILY_LOG_READ"", ""SCOPE_CONNECT_API_CREATE_UPDATE_USER"", ""SCOPE_MESSAGE_GENERATION_READ"", ""SCOPE_DI_OAUTH_2_CLIENT_REVOCATION_ADMIN"", ""SCOPE_GCX_PET_ADMIN_READ"", ""SCOPE_CONNECT_NON_SOCIAL_SHARED_READ"", ""SCOPE_DI_OAUTH_2_PRERELEASE_PERMISSIONS_ADMIN_WRITE"", ""SCOPE_DI_OAUTH_2_TOKEN_ADMIN"", ""SCOPE_ATP_WRITE"", ""SCOPE_GCX_KID_READ"", ""ROLE_CONNECTUSER"", ""ROLE_FITNESS_USER"", ""ROLE_WELLNESS_USER"", ""ROLE_GARMIN_USER"", ""ROLE_GCM_USER""]",846.975,,42.0,573.5700073242188,False,2026-07-02 14:01:37,285.29998779296875,0.0,False,2.6419999599456787,173.0,https://s3.amazonaws.com/garmin-connect-prod/profile_images/6dd3e63b-1cf6-47dd-a308-0af6c5311562-prth.png,1501.932,2084.875,550.0,False,,1,True,https://s3.amazonaws.com/garmin-connect-prod/profile_images/6dd3e63b-1cf6-47dd-a308-0af6c5311562-prof.png,-3.016275968402624,True,17,48.0,-10,HIGHLY_IMPROVING_LACTATE_THRESHOLD_13,345.58599853515625,,10,4d294da0-1d36-44c4-a103-1eeaab5f58df,14.199999809265137,43.0,False,False,[],running,False,False,159.828125,165.2709503173828,163.982,167.0,False,188.0,False,False,266.0,14.001,5508.66015625,False,NO_ANAEROBIC_BENEFIT_0,False,2083.0659790039062,GARMIN,99.35000000000001,Macayla,False,9,3.3282149782236274,43.0,fb022373-e3f4-4c3a-b060-ddaf61236006,167.0,16.0,3.013999938964844,159,uncategorized,,,53.41014071367681,False,780.97,407.0,False,,2084.875,subscribers,False,2026-07-02 13:26:53,False,LACTATE_THRESHOLD,263.0,1,Wirral,,6,"[{""noOfSplits"": 1, ""totalAscent"": 43.0, ""duration"": 2084.875, ""splitType"": ""INTERVAL_ACTIVE"", ""numClimbSends"": 0, ""maxElevationGain"": 43.0, ""averageElevationGain"": 43.0, ""maxDistance"": 5507, ""maxDistanceWithPrecision"": 5507.5400390625, ""distance"": 5508.2998046875, ""averageSpeed"": 2.6419999599456787, ""maxSpeed"": 3.0139999389648438, ""numFalls"": 0, ""elevationLoss"": 48.0}, {""noOfSplits"": 1, ""totalAscent"": 0.0, ""duration"": 8.0, ""splitType"": ""RWD_WALK"", ""numClimbSends"": 0, ""maxElevationGain"": 0.0, ""averageElevationGain"": 0.0, ""maxDistance"": 12, ""maxDistanceWithPrecision"": 12.069999694824219, ""distance"": 12.069999694824219, ""averageSpeed"": 1.5089999437332153, ""maxSpeed"": 1.940999984741211, ""numFalls"": 0, ""elevationLoss"": 0.0}, {""noOfSplits"": 1, ""totalAscent"": 43.0, ""duration"": 2076.846923828125, ""splitType"": ""RWD_RUN"", ""numClimbSends"": 0, ""maxElevationGain"": 43.0, ""averageElevationGain"": 43.0, ""maxDistance"": 5495, ""maxDistanceWithPrecision"": 5495.47021484375, ""distance"": 5496.22998046875, ""averageSpeed"": 2.6459999084472656, ""maxSpeed"": 3.0139999389648438, ""numFalls"": 0, ""elevationLoss"": 48.0}]",5534,1782998813000,Wirral Running,4.199999809265137,2026-07-02 14:26:53,,41.002,1885.958984375,373.0,23453926569,False,False,,-3.016282841563225,3624601887,True,33,0.8000001907348633,-5.599999904632568,1,9.390000152587891,143088564,False,,False,53.41002110391855,False,53.999
3,False,202.0260009765625,False,2.4040000438690186,False,88.0,,https://s3.amazonaws.com/garmin-connect-prod/profile_images/6dd3e63b-1cf6-47dd-a308-0af6c5311562-prfr.png,False,9.770000457763672,85.997,"[""SCOPE_ATP_READ"", ""SCOPE_COMMUNITY_COURSE_ADMIN_READ"", ""SCOPE_GCX_KID_WRITE"", ""SCOPE_DT_ACTIVE_INTELLIGENCE_READ"", ""SCOPE_COMMUNITY_COURSE_WRITE"", ""SCOPE_GCX_KID_ADMIN_READ"", ""SCOPE_CONNECT_WEB_TEMPLATE_RENDER"", ""SCOPE_ACTIVITY_DETECTION_READ"", ""SCOPE_OMT_SUBSCRIPTION_ADMIN_READ"", ""SCOPE_DI_OAUTH_2_MANAGED_STATUS_ADMIN_WRITE"", ""SCOPE_CONNECT_READ"", ""SCOPE_GCX_PET_READ"", ""SCOPE_GOLF_API_READ"", ""SCOPE_DI_OAUTH_2_DEVICE_REVOCATION_WRITE"", ""SCOPE_GCX_PET_WRITE"", ""SCOPE_DI_OAUTH_2_CREATE_DI_USER"", ""SCOPE_DIVE_API_WRITE"", ""SCOPE_DIVE_API_READ"", ""SCOPE_DI_OAUTH_2_CLIENT_READ"", ""SCOPE_CONNECT_WRITE"", ""SCOPE_CONNECT_MCT_DAILY_LOG_READ"", ""SCOPE_CONNECT_API_CREATE_UPDATE_USER"", ""SCOPE_MESSAGE_GENERATION_READ"", ""SCOPE_DI_OAUTH_2_CLIENT_REVOCATION_ADMIN"", ""SCOPE_GCX_PET_ADMIN_READ"", ""SCOPE_CONNECT_NON_SOCIAL_SHARED_READ"", ""SCOPE_DI_OAUTH_2_PRERELEASE_PERMISSIONS_ADMIN_WRITE"", ""SCOPE_DI_OAUTH_2_TOKEN_ADMIN"", ""SCOPE_ATP_WRITE"", ""SCOPE_GCX_KID_READ"", ""ROLE_CONNECTUSER"", ""ROLE_FITNESS_USER"", ""ROLE_WELLNESS_USER"", ""ROLE_GARMIN_USER"", ""ROLE_GCM_USER""]",653.276,,21.0,666.2919921875,False,2026-06-30 18:14:25,290.20001220703125,0.0,False,2.384000062942505,166.0,https://s3.amazonaws.com/garmin-connect-prod/profile_images/6dd3e63b-1cf6-47dd-a308-0af6c5311562-prth.png,802.39,1052.3909912109375,291.0,False,,1,True,https://s3.amazonaws.com/garmin-connect-prod/profile_images/6dd3e63b-1cf6-47dd-a308-0af6c5311562-prof.png,-3.0135381035506725,True,17,13.0,-4,IMPACTING_TEMPO_22,410.67999267578125,,10,4d294da0-1d36-44c4-a103-1eeaab5f58df,47.599998474121094,43.0,False,False,[],running,False,False,156.09375,67.21150207519531,78.999,167.0,False,182.0,False,False,246.0,14.001,2509.2099609375,False,NO_ANAEROBIC_BENEFIT_0,False,1045.0,GARMIN,91.07000122070313,Macayla,False,9,39.56673004056111,22.0,3e8a6e84-c35e-467e-8b8a-078efce3eb8a,167.0,17.999,2.5940001010894775,159,uncategorized,,,53.37250160984695,False,185.983,316.0,False,,1077.469970703125,subscribers,False,2026-06-30 17:56:28,False,TEMPO,239.0,1,Wirral,,3,"[{""noOfSplits"": 1, ""totalAscent"": 0.0, ""duration"": 7.000999927520752, ""splitType"": ""RWD_STAND"", ""numClimbSends"": 0, ""maxElevationGain"": 0.0, ""averageElevationGain"": 0.0, ""maxDistance"": 5, ""maxDistanceWithPrecision"": 5.380000114440918, ""distance"": 5.380000114440918, ""averageSpeed"": 0.7680000066757202, ""maxSpeed"": 0.4480000138282776, ""numFalls"": 0, ""elevationLoss"": 0.0}, {""noOfSplits"": 1, ""totalAscent"": 22.0, ""duration"": 1052.3909912109375, ""splitType"": ""INTERVAL_ACTIVE"", ""numClimbSends"": 0, ""maxElevationGain"": 22.0, ""averageElevationGain"": 22.0, ""maxDistance"": 2508, ""maxDistanceWithPrecision"": 2508.929931640625, ""distance"": 2509.169921875, ""averageSpeed"": 2.384000062942505, ""maxSpeed"": 2.5940001010894775, ""numFalls"": 0, ""elevationLoss"": 13.0}, {""noOfSplits"": 1, ""totalAscent"": 22.0, ""duration"": 1023.3079833984375, ""splitType"": ""RWD_RUN"", ""numClimbSends"": 0, ""maxElevationGain"": 22.0, ""averageElevationGain"": 22.0, ""maxDistance"": 2474, ""maxDistanceWithPrecision"": 2474.27001953125, ""distance"": 2474.489990234375, ""averageSpeed"": 2.4179999828338623, ""maxSpeed"": 2.5940001010894775, ""numFalls"": 0, ""elevationLoss"": 12.0}, {""noOfSplits"": 2, ""totalAscent"": 0.0, ""duration"": 22.027000427246094, ""splitType"": ""RWD_WALK"", ""numClimbSends"": 0, ""maxElevationGain"": 0.0, ""averageElevationGain"": 0.0, ""maxDistance"": 27, ""maxDistanceWithPrecision"": 27.8799991607666, ""distance"": 29.309999465942383, ""averageSpeed"": 1.3309999704360962, ""maxSpeed"": 1.503000020980835, ""numFalls"": 0, ""elevationLoss"": 1.0}]",2748,1782842188000,Wirral Running,3.0,2026-06-30 18:56:28,,0.0,,178.0,23433366212,False,False,,-3.030935749411583,3624601887,True,16,0.39999961853027344,26.200000762939453,1,8.86999969482422,143088564,False,,False,53.36168048903346,False,85.003
3,False,2.940000057220459,False,0.3310000002384185,False,178.998,,https://s3.amazonaws.com/garmin-connect-prod/profile_images/6dd3e63b-1cf6-47dd-a308-0af6c5311562-prfr.png,False,9.5600004196167,0.999,"[""SCOPE_ATP_READ"", ""SCOPE_COMMUNITY_COURSE_ADMIN_READ"", ""SCOPE_GCX_KID_WRITE"", ""SCOPE_DT_ACTIVE_INTELLIGENCE_READ"", ""SCOPE_COMMUNITY_COURSE_WRITE"", ""SCOPE_GCX_KID_ADMIN_READ"", ""SCOPE_CONNECT_WEB_TEMPLATE_RENDER"", ""SCOPE_ACTIVITY_DETECTION_READ"", ""SCOPE_OMT_SUBSCRIPTION_ADMIN_READ"", ""SCOPE_DI_OAUTH_2_MANAGED_STATUS_ADMIN_WRITE"", ""SCOPE_CONNECT_READ"", ""SCOPE_GCX_PET_READ"", ""SCOPE_GOLF_API_READ"", ""SCOPE_DI_OAUTH_2_DEVICE_REVOCATION_WRITE"", ""SCOPE_GCX_PET_WRITE"", ""SCOPE_DI_OAUTH_2_CREATE_DI_USER"", ""SCOPE_DIVE_API_WRITE"", ""SCOPE_DIVE_API_READ"", ""SCOPE_DI_OAUTH_2_CLIENT_READ"", ""SCOPE_CONNECT_WRITE"", ""SCOPE_CONNECT_MCT_DAILY_LOG_READ"", ""SCOPE_CONNECT_API_CREATE_UPDATE_USER"", ""SCOPE_MESSAGE_GENERATION_READ"", ""SCOPE_DI_OAUTH_2_CLIENT_REVOCATION_ADMIN"", ""SCOPE_GCX_PET_ADMIN_READ"", ""SCOPE_CONNECT_NON_SOCIAL_SHARED_READ"", ""SCOPE_DI_OAUTH_2_PRERELEASE_PERMISSIONS_ADMIN_WRITE"", ""SCOPE_DI_OAUTH_2_TOKEN_ADMIN"", ""SCOPE_ATP_WRITE"", ""SCOPE_GCX_KID_READ"", ""ROLE_CONNECTUSER"", ""ROLE_FITNESS_USER"", ""ROLE_WELLNESS_USER"", ""ROLE_GARMIN_USER"", ""ROLE_GCM_USER""]",18.042,,111.0,2592.083984375,False,2026-06-28 16:31:43,316.0,1.600000023841858,False,0.550000011920929,139.0,https://s3.amazonaws.com/garmin-connect-prod/profile_images/6dd3e63b-1cf6-47dd-a308-0af6c5311562-prth.png,717.003,5459.0888671875,116.0,False,,1,True,https://s3.amazonaws.com/garmin-connect-prod/profile_images/6dd3e63b-1cf6-47dd-a308-0af6c5311562-prof.png,-3.093364415690303,True,17,22.0,-14,IMPROVING_AEROBIC_BASE_8,1555.60302734375,,10,4d294da0-1d36-44c4-a103-1eeaab5f58df,7.599999904632568,,False,False,[],running,False,False,25.96875,95.81358337402344,89.963,246.0,False,189.0,False,False,55.0,630.001,3001.139892578125,False,MINOR_ANAEROBIC_BENEFIT_15,False,1364.0,GARMIN,74.45999755859376,Macayla,False,9,-6.2439274508386635,9.0,bee975c7-e099-48e6-aa53-ee776428af5c,246.0,2413.859,3.134999990463257,159,uncategorized,,,53.41194869019091,False,5.996,303.0,False,,5850.9248046875,subscribers,False,2026-06-28 14:54:13,False,AEROBIC_BASE,16.0,41,Wirral,,4,"[{""noOfSplits"": 1, ""totalAscent"": 900.0, ""duration"": 5459.0888671875, ""splitType"": ""INTERVAL_ACTIVE"", ""numClimbSends"": 0, ""maxElevationGain"": 900.0, ""averageElevationGain"": 900.0, ""maxDistance"": 3000, ""maxDistanceWithPrecision"": 3000.969970703125, ""distance"": 3001.1201171875, ""averageSpeed"": 0.550000011920929, ""maxSpeed"": 3.134999990463257, ""numFalls"": 0, ""elevationLoss"": 22.0}, {""noOfSplits"": 157, ""totalAscent"": 0.0, ""duration"": 2750.1630859375, ""splitType"": ""RWD_STAND"", ""numClimbSends"": 0, ""maxElevationGain"": 0.0, ""averageElevationGain"": 0.0, ""maxDistance"": 64, ""maxDistanceWithPrecision"": 64.54000091552734, ""distance"": 1355.4300537109375, ""averageSpeed"": 0.49300000071525574, ""maxSpeed"": 0.29499998688697815, ""numFalls"": 0, ""elevationLoss"": 0.0}, {""noOfSplits"": 74, ""totalAscent"": 200.0, ""duration"": 868.9949951171875, ""splitType"": ""RWD_RUN"", ""numClimbSends"": 0, ""maxElevationGain"": 100.0, ""averageElevationGain"": 0.0, ""maxDistance"": 23, ""maxDistanceWithPrecision"": 23.829999923706055, ""distance"": 607.6900024414062, ""averageSpeed"": 0.6990000009536743, ""maxSpeed"": 3.134999990463257, ""numFalls"": 0, ""elevationLoss"": 15.0}, {""noOfSplits"": 168, ""totalAscent"": 700.0, ""duration"": 1839.8909912109375, ""splitType"": ""RWD_WALK"", ""numClimbSends"": 0, ""maxElevationGain"": 100.0, ""averageElevationGain"": 0.0, ""maxDistance"": 57, ""maxDistanceWithPrecision"": 57.83000183105469, ""distance"": 1041.0799560546875, ""averageSpeed"": 0.5659999847412109, ""maxSpeed"": 2.0250000953674316, ""numFalls"": 0, ""elevationLoss"": 7.0}]",6292,1782658453000,Wirral Running,3.0999999046325684,2026-06-28 15:54:13,,0.0,,623.0,23409683835,False,False,COMPLETE,-3.093420071527362,3624601887,True,39,0.4000005722045899,-10.0,1,5.740000152587891,143088564,False,,False,53.41199906542897,False,1436.983
3,False,486.510009765625,False,0.7009999752044678,False,437.982,,https://s3.amazonaws.com/garmin-connect-prod/profile_images/6dd3e63b-1cf6-47dd-a308-0af6c5311562-prfr.png,False,9.289999961853027,2.0,"[""SCOPE_ATP_READ"", ""SCOPE_COMMUNITY_COURSE_ADMIN_READ"", ""SCOPE_GCX_KID_WRITE"", ""SCOPE_DT_ACTIVE_INTELLIGENCE_READ"", ""SCOPE_COMMUNITY_COURSE_WRITE"", ""SCOPE_GCX_KID_ADMIN_READ"", ""SCOPE_CONNECT_WEB_TEMPLATE_RENDER"", ""SCOPE_ACTIVITY_DETECTION_READ"", ""SCOPE_OMT_SUBSCRIPTION_ADMIN_READ"", ""SCOPE_DI_OAUTH_2_MANAGED_STATUS_ADMIN_WRITE"", ""SCOPE_CONNECT_READ"", ""SCOPE_GCX_PET_READ"", ""SCOPE_GOLF_API_READ"", ""SCOPE_DI_OAUTH_2_DEVICE_REVOCATION_WRITE"", ""SCOPE_GCX_PET_WRITE"", ""SCOPE_DI_OAUTH_2_CREATE_DI_USER"", ""SCOPE_DIVE_API_WRITE"", ""SCOPE_DIVE_API_READ"", ""SCOPE_DI_OAUTH_2_CLIENT_READ"", ""SCOPE_CONNECT_WRITE"", ""SCOPE_CONNECT_MCT_DAILY_LOG_READ"", ""SCOPE_CONNECT_API_CREATE_UPDATE_USER"", ""SCOPE_MESSAGE_GENERATION_READ"", ""SCOPE_DI_OAUTH_2_CLIENT_REVOCATION_ADMIN"", ""SCOPE_GCX_PET_ADMIN_READ"", ""SCOPE_CONNECT_NON_SOCIAL_SHARED_READ"", ""SCOPE_DI_OAUTH_2_PRERELEASE_PERMISSIONS_ADMIN_WRITE"", ""SCOPE_DI_OAUTH_2_TOKEN_ADMIN"", ""SCOPE_ATP_WRITE"", ""SCOPE_GCX_KID_READ"", ""ROLE_CONNECTUSER"", ""ROLE_FITNESS_USER"", ""ROLE_WELLNESS_USER"", ""ROLE_GARMIN_USER"", ""ROLE_GCM_USER""]",0.999,,35.0,,False,2026-06-24 18:34:25,297.6000061035156,2.0999999046325684,False,0.796999990940094,149.0,https://s3.amazonaws.com/garmin-connect-prod/profile_images/6dd3e63b-1cf6-47dd-a308-0af6c5311562-prth.png,231.001,1724.447998046875,54.0,False,,1,True,https://s3.amazonaws.com/garmin-connect-prod/profile_images/6dd3e63b-1cf6-47dd-a308-0af6c5311562-prof.png,-2.909039407968521,True,17,6.0,-4,IMPROVING_AEROBIC_FITNESS_2,1227.77099609375,,10,4d294da0-1d36-44c4-a103-1eeaab5f58df,38.0,,False,False,[],running,False,False,24.90625,110.18685913085938,15.001,240.0,False,195.0,False,False,41.0,393.243,1373.550048828125,False,MAINTAINING_ANAEROBIC_BASE_1,False,968.0,GARMIN,68.10000000000001,Macayla,False,9,33.19361948137217,2.0,c2e6f6eb-0d46-494b-af7e-78834a0cd7f6,240.0,125.004,3.5920000076293945,159,uncategorized,,,53.27738528139889,False,2.001,322.0,False,,1724.447998046875,subscribers,False,2026-06-24 18:05:41,False,TEMPO,19.0,9,Cheshire West and Chester,,2,"[{""noOfSplits"": 1, ""totalAscent"": 2.0, ""duration"": 1724.447998046875, ""splitType"": ""INTERVAL_ACTIVE"", ""numClimbSends"": 0, ""maxElevationGain"": 2.0, ""averageElevationGain"": 2.0, ""maxDistance"": 1373, ""maxDistanceWithPrecision"": 1373.510009765625, ""distance"": 1373.5400390625, ""averageSpeed"": 0.796999990940094, ""maxSpeed"": 3.5920000076293945, ""numFalls"": 0, ""elevationLoss"": 6.0}, {""noOfSplits"": 55, ""totalAscent"": 1.0, ""duration"": 835.0029907226562, ""splitType"": ""RWD_WALK"", ""numClimbSends"": 0, ""maxElevationGain"": 1.0, ""averageElevationGain"": 0.0, ""maxDistance"": 65, ""maxDistanceWithPrecision"": 65.73999786376953, ""distance"": 786.530029296875, ""averageSpeed"": 0.9419999718666077, ""maxSpeed"": 2.2019999027252197, ""numFalls"": 0, ""elevationLoss"": 5.0}, {""noOfSplits"": 27, ""totalAscent"": 1.0, ""duration"": 323.0, ""splitType"": ""RWD_RUN"", ""numClimbSends"": 0, ""maxElevationGain"": 1.0, ""averageElevationGain"": 0.0, ""maxDistance"": 44, ""maxDistanceWithPrecision"": 44.9900016784668, ""distance"": 343.6300048828125, ""averageSpeed"": 1.0640000104904175, ""maxSpeed"": 3.5920000076293945, ""numFalls"": 0, ""elevationLoss"": 1.0}, {""noOfSplits"": 35, ""totalAscent"": 0.0, ""duration"": 566.177978515625, ""splitType"": ""RWD_STAND"", ""numClimbSends"": 0, ""maxElevationGain"": 0.0, ""averageElevationGain"": 0.0, ""maxDistance"": 15, ""maxDistanceWithPrecision"": 15.510000228881836, ""distance"": 244.97000122070312, ""averageSpeed"": 0.43299999833106995, ""maxSpeed"": 0.0, ""numFalls"": 0, ""elevationLoss"": 0.0}]",1638,1782324341000,Cheshire West and Chester Running,3.0999999046325684,2026-06-24 19:05:41,,0.0,,245.0,23367188843,False,False,,-2.9093597643077374,3624601887,True,19,0.40000152587890625,31.200000762939453,1,5.740000152587891,143088564,False,,False,53.27737237326801,False,468.2
3,False,367.2239990234375,False,0.3269999921321869,False,545.998,,https://s3.amazonaws.com/garmin-connect-prod/profile_images/6dd3e63b-1cf6-47dd-a308-0af6c5311562-prfr.png,False,9.579999923706055,0.0,"[""SCOPE_ATP_READ"", ""SCOPE_COMMUNITY_COURSE_ADMIN_READ"", ""SCOPE_GCX_KID_WRITE"", ""SCOPE_DT_ACTIVE_INTELLIGENCE_READ"", ""SCOPE_COMMUNITY_COURSE_WRITE"", ""SCOPE_GCX_KID_ADMIN_READ"", ""SCOPE_CONNECT_WEB_TEMPLATE_RENDER"", ""SCOPE_ACTIVITY_DETECTION_READ"", ""SCOPE_OMT_SUBSCRIPTION_ADMIN_READ"", ""SCOPE_DI_OAUTH_2_MANAGED_STATUS_ADMIN_WRITE"", ""SCOPE_CONNECT_READ"", ""SCOPE_GCX_PET_READ"", ""SCOPE_GOLF_API_READ"", ""SCOPE_DI_OAUTH_2_DEVICE_REVOCATION_WRITE"", ""SCOPE_GCX_PET_WRITE"", ""SCOPE_DI_OAUTH_2_CREATE_DI_USER"", ""SCOPE_DIVE_API_WRITE"", ""SCOPE_DIVE_API_READ"", ""SCOPE_DI_OAUTH_2_CLIENT_READ"", ""SCOPE_CONNECT_WRITE"", ""SCOPE_CONNECT_MCT_DAILY_LOG_READ"", ""SCOPE_CONNECT_API_CREATE_UPDATE_USER"", ""SCOPE_MESSAGE_GENERATION_READ"", ""SCOPE_DI_OAUTH_2_CLIENT_REVOCATION_ADMIN"", ""SCOPE_GCX_PET_ADMIN_READ"", ""SCOPE_CONNECT_NON_SOCIAL_SHARED_READ"", ""SCOPE_DI_OAUTH_2_PRERELEASE_PERMISSIONS_ADMIN_WRITE"", ""SCOPE_DI_OAUTH_2_TOKEN_ADMIN"", ""SCOPE_ATP_WRITE"", ""SCOPE_GCX_KID_READ"", ""ROLE_CONNECTUSER"", ""ROLE_FITNESS_USER"", ""ROLE_WELLNESS_USER"", ""ROLE_GARMIN_USER"", ""ROLE_GCM_USER""]",1.0,,82.0,3737.3330078125,False,2026-06-23 19:30:26,317.6000061035156,2.4000000953674316,False,0.5540000200271606,138.0,https://s3.amazonaws.com/garmin-connect-prod/profile_images/6dd3e63b-1cf6-47dd-a308-0af6c5311562-prth.png,934.995,4004.340087890625,84.0,False,,1,True,https://s3.amazonaws.com/garmin-connect-prod/profile_images/6dd3e63b-1cf6-47dd-a308-0af6c5311562-prof.png,-3.032728051766753,True,17,5.0,-9,IMPROVING_AEROBIC_FITNESS_2,1832.550048828125,,10,4d294da0-1d36-44c4-a103-1eeaab5f58df,49.599998474121094,,False,False,[],running,False,False,27.96875,163.0917205810547,37.999,250.0,False,190.0,False,False,45.0,1150.983,2219.969970703125,False,MAINTAINING_ANAEROBIC_BASE_1,False,1116.0,GARMIN,66.57999877929687,Macayla,False,9,45.923295881864284,3.0,f4773d92-6014-48ad-a38e-7fc7fac05aad,250.0,201.844,2.3980000019073486,159,uncategorized,,,53.37274996563792,False,0.0,231.0,False,,4980.23291015625,subscribers,False,2026-06-23 18:07:26,False,TEMPO,16.0,10,Wirral,,3,"[{""noOfSplits"": 49, ""totalAscent"": 2.0, ""duration"": 550.0040283203125, ""splitType"": ""RWD_RUN"", ""numClimbSends"": 0, ""maxElevationGain"": 1.0, ""averageElevationGain"": 0.0, ""maxDistance"": 19, ""maxDistanceWithPrecision"": 19.18000030517578, ""distance"": 343.0400085449219, ""averageSpeed"": 0.6240000128746033, ""maxSpeed"": 2.3980000019073486, ""numFalls"": 0, ""elevationLoss"": 1.0}, {""noOfSplits"": 1, ""totalAscent"": 3.0, ""duration"": 4004.340087890625, ""splitType"": ""INTERVAL_ACTIVE"", ""numClimbSends"": 0, ""maxElevationGain"": 3.0, ""averageElevationGain"": 3.0, ""maxDistance"": 2219, ""maxDistanceWithPrecision"": 2219.949951171875, ""distance"": 2219.969970703125, ""averageSpeed"": 0.5540000200271606, ""maxSpeed"": 2.3980000019073486, ""numFalls"": 0, ""elevationLoss"": 5.0}, {""noOfSplits"": 140, ""totalAscent"": 1.0, ""duration"": 1514.468017578125, ""splitType"": ""RWD_WALK"", ""numClimbSends"": 0, ""maxElevationGain"": 1.0, ""averageElevationGain"": 0.0, ""maxDistance"": 40, ""maxDistanceWithPrecision"": 40.310001373291016, ""distance"": 884.1799926757812, ""averageSpeed"": 0.5839999914169312, ""maxSpeed"": 2.062000036239624, ""numFalls"": 0, ""elevationLoss"": 4.0}, {""noOfSplits"": 126, ""totalAscent"": 0.0, ""duration"": 1939.81494140625, ""splitType"": ""RWD_STAND"", ""numClimbSends"": 0, ""maxElevationGain"": 0.0, ""averageElevationGain"": 0.0, ""maxDistance"": 37, ""maxDistanceWithPrecision"": 37.529998779296875, ""distance"": 993.530029296875, ""averageSpeed"": 0.5120000243186951, ""maxSpeed"": 0.0, ""numFalls"": 0, ""elevationLoss"": 0.0}]",4608,1782238046000,Wirral Running,3.5999999046325684,2026-06-23 19:07:26,,0.0,,441.0,23355907582,False,False,,-3.0326066818088293,3624601887,True,33,0.40000152587890625,43.79999923706055,1,5.520000076293946,143088564,False,,False,53.37273705750704,False,630.234
3,False,1179.2569580078125,False,,False,0.0,,https://s3.amazonaws.com/garmin-connect-prod/profile_images/6dd3e63b-1cf6-47dd-a308-0af6c5311562-prfr.png,False,,,"[""SCOPE_ATP_READ"", ""SCOPE_COMMUNITY_COURSE_ADMIN_READ"", ""SCOPE_GCX_KID_WRITE"", ""SCOPE_DT_ACTIVE_INTELLIGENCE_READ"", ""SCOPE_COMMUNITY_COURSE_WRITE"", ""SCOPE_GCX_KID_ADMIN_READ"", ""SCOPE_CONNECT_WEB_TEMPLATE_RENDER"", ""SCOPE_ACTIVITY_DETECTION_READ"", ""SCOPE_OMT_SUBSCRIPTION_ADMIN_READ"", ""SCOPE_DI_OAUTH_2_MANAGED_STATUS_ADMIN_WRITE"", ""SCOPE_CONNECT_READ"", ""SCOPE_GCX_PET_READ"", ""SCOPE_GOLF_API_READ"", ""SCOPE_DI_OAUTH_2_DEVICE_REVOCATION_WRITE"", ""SCOPE_GCX_PET_WRITE"", ""SCOPE_DI_OAUTH_2_CREATE_DI_USER"", ""SCOPE_DIVE_API_WRITE"", ""SCOPE_DIVE_API_READ"", ""SCOPE_DI_OAUTH_2_CLIENT_READ"", ""SCOPE_CONNECT_WRITE"", ""SCOPE_CONNECT_MCT_DAILY_LOG_READ"", ""SCOPE_CONNECT_API_CREATE_UPDATE_USER"", ""SCOPE_MESSAGE_GENERATION_READ"", ""SCOPE_DI_OAUTH_2_CLIENT_REVOCATION_ADMIN"", ""SCOPE_GCX_PET_ADMIN_READ"", ""SCOPE_CONNECT_NON_SOCIAL_SHARED_READ"", ""SCOPE_DI_OAUTH_2_PRERELEASE_PERMISSIONS_ADMIN_WRITE"", ""SCOPE_DI_OAUTH_2_TOKEN_ADMIN"", ""SCOPE_ATP_WRITE"", ""SCOPE_GCX_KID_READ"", ""ROLE_CONNECTUSER"", ""ROLE_FITNESS_USER"", ""ROLE_WELLNESS_USER"", ""ROLE_GARMIN_USER"", ""ROLE_GCM_USER""]",,17,24.0,,False,2026-06-20 07:11:49,,0.0,False,0.0,111.0,https://s3.amazonaws.com/garmin-connect-prod/profile_images/6dd3e63b-1cf6-47dd-a308-0af6c5311562-prth.png,0.0,1179.2569580078125,165.0,False,,4,False,https://s3.amazonaws.com/garmin-connect-prod/profile_images/6dd3e63b-1cf6-47dd-a308-0af6c5311562-prof.png,,False,29,,-2,MINOR_AEROBIC_BENEFIT_6,,59,10,4d294da0-1d36-44c4-a103-1eeaab5f58df,,,False,False,[],strength_training,False,False,,7.083099365234375,,,False,131.0,False,False,,766.02,0.0,False,NO_ANAEROBIC_BENEFIT_0,False,642.323974609375,GARMIN,,Macayla,True,9,,,7bb9e7c2-2e9d-44ab-a654-e06e40ce455b,,233.504,,159,uncategorized,17,,,False,,,False,,1179.2569580078125,subscribers,False,2026-06-20 06:52:10,False,AEROBIC_BASE,,15,,"[{""category"": ""PLANK"", ""subCategory"": ""CROSS_BODY_MOUNTAIN_CLIMBER"", ""reps"": 0, ""volume"": 0, ""duration"": 80000.0, ""sets"": 2, ""maxWeight"": 0}, {""category"": ""LUNGE"", ""subCategory"": ""RUNNERS_LUNGE_TO_BALANCE"", ""reps"": 14, ""volume"": 0, ""duration"": 160000.0, ""sets"": 4, ""maxWeight"": 0}, {""category"": ""CRUNCH"", ""subCategory"": ""BICYCLE_CRUNCH"", ""reps"": 21, ""volume"": 0, ""duration"": 80000.0, ""sets"": 2, ""maxWeight"": 0}, {""category"": ""PLANK"", ""subCategory"": ""PLANK_WITH_ARM_RAISE"", ""reps"": 0, ""volume"": 0, ""duration"": 80000.0, ""sets"": 2, ""maxWeight"": 0}, {""category"": ""WARM_UP"", ""subCategory"": ""OPPOSITE_ARM_AND_LEG_BALANCE"", ""reps"": 4, ""volume"": 0, ""duration"": 80000.0, ""sets"": 2, ""maxWeight"": 0}, {""category"": ""HIP_RAISE"", ""subCategory"": ""HIP_RAISE"", ""reps"": 12, ""volume"": 0, ""duration"": 80000.0, ""sets"": 2, ""maxWeight"": 0}, {""category"": ""CRUNCH"", ""subCategory"": ""CRUNCH"", ""reps"": 8, ""volume"": 0, ""duration"": 82323.99988174438, ""sets"": 3, ""maxWeight"": 0}]",1,"[{""noOfSplits"": 17, ""duration"": 642.2990112304688, ""splitType"": ""INTERVAL_ACTIVE"", ""numClimbSends"": 0, ""maxDistance"": 0, ""maxDistanceWithPrecision"": 0.0, ""distance"": 0.0, ""averageSpeed"": 0.0, ""numFalls"": 0}, {""noOfSplits"": 16, ""duration"": 536.9390258789062, ""splitType"": ""INTERVAL_REST"", ""numClimbSends"": 0, ""maxDistance"": 0, ""maxDistanceWithPrecision"": 0.0, ""distance"": 0.0, ""averageSpeed"": 0.0, ""numFalls"": 0}]",118,1781938330000,Core Circuit 2,0.6000000238418579,2026-06-20 07:52:10,,,,96.0,23313221951,False,False,,,3624601887,False,0,,,13,,143088564,False,,False,,False,0.0
3,False,0.7839999794960022,False,2.4549999237060547,False,137.004,,https://s3.amazonaws.com/garmin-connect-prod/profile_images/6dd3e63b-1cf6-47dd-a308-0af6c5311562-prfr.png,False,9.699999809265137,165.003,"[""SCOPE_ATP_READ"", ""SCOPE_COMMUNITY_COURSE_ADMIN_READ"", ""SCOPE_GCX_KID_WRITE"", ""SCOPE_DT_ACTIVE_INTELLIGENCE_READ"", ""SCOPE_COMMUNITY_COURSE_WRITE"", ""SCOPE_GCX_KID_ADMIN_READ"", ""SCOPE_CONNECT_WEB_TEMPLATE_RENDER"", ""SCOPE_ACTIVITY_DETECTION_READ"", ""SCOPE_OMT_SUBSCRIPTION_ADMIN_READ"", ""SCOPE_DI_OAUTH_2_MANAGED_STATUS_ADMIN_WRITE"", ""SCOPE_CONNECT_READ"", ""SCOPE_GCX_PET_READ"", ""SCOPE_GOLF_API_READ"", ""SCOPE_DI_OAUTH_2_DEVICE_REVOCATION_WRITE"", ""SCOPE_GCX_PET_WRITE"", ""SCOPE_DI_OAUTH_2_CREATE_DI_USER"", ""SCOPE_DIVE_API_WRITE"", ""SCOPE_DIVE_API_READ"", ""SCOPE_DI_OAUTH_2_CLIENT_READ"", ""SCOPE_CONNECT_WRITE"", ""SCOPE_CONNECT_MCT_DAILY_LOG_READ"", ""SCOPE_CONNECT_API_CREATE_UPDATE_USER"", ""SCOPE_MESSAGE_GENERATION_READ"", ""SCOPE_DI_OAUTH_2_CLIENT_REVOCATION_ADMIN"", ""SCOPE_GCX_PET_ADMIN_READ"", ""SCOPE_CONNECT_NON_SOCIAL_SHARED_READ"", ""SCOPE_DI_OAUTH_2_PRERELEASE_PERMISSIONS_ADMIN_WRITE"", ""SCOPE_DI_OAUTH_2_TOKEN_ADMIN"", ""SCOPE_ATP_WRITE"", ""SCOPE_GCX_KID_READ"", ""ROLE_CONNECTUSER"", ""ROLE_FITNESS_USER"", ""ROLE_WELLNESS_USER"", ""ROLE_GARMIN_USER"", ""ROLE_GCM_USER""]",1730.059,,61.0,639.9359741210938,False,2026-06-20 06:36:50,287.20001220703125,0.0,False,2.4679999351501465,168.0,https://s3.amazonaws.com/garmin-connect-prod/profile_images/6dd3e63b-1cf6-47dd-a308-0af6c5311562-prth.png,2365.253,3000.783935546875,742.0,False,,1,True,https://s3.amazonaws.com/garmin-connect-prod/profile_images/6dd3e63b-1cf6-47dd-a308-0af6c5311562-prof.png,-3.0134108662605286,True,17,39.0,-15,HIGHLY_IMPROVING_LACTATE_THRESHOLD_13,392.3089904785156,,10,4d294da0-1d36-44c4-a103-1eeaab5f58df,29.200000762939453,44.0,False,False,[],running,False,False,159.703125,167.4681854248047,474.982,167.0,False,181.0,False,False,245.0,42.267,7405.58984375,False,NO_ANAEROBIC_BENEFIT_0,False,2982.199008524418,GARMIN,92.25999755859375,Macayla,False,9,15.868710439072494,35.0,ed516330-a290-4188-888c-439d5807e3b7,167.0,78.098,2.697000026702881,159,uncategorized,,,53.36147462949157,False,592.965,331.0,False,,3038.574951171875,subscribers,False,2026-06-20 05:46:12,False,LACTATE_THRESHOLD,241.0,1,Wirral,,9,"[{""noOfSplits"": 1, ""totalAscent"": 35.0, ""duration"": 3000.783935546875, ""splitType"": ""INTERVAL_ACTIVE"", ""numClimbSends"": 0, ""maxElevationGain"": 35.0, ""averageElevationGain"": 35.0, ""maxDistance"": 7405, ""maxDistanceWithPrecision"": 7405.18017578125, ""distance"": 7405.5498046875, ""averageSpeed"": 2.4679999351501465, ""maxSpeed"": 2.697000026702881, ""numFalls"": 0, ""elevationLoss"": 39.0}, {""noOfSplits"": 5, ""totalAscent"": 0.0, ""duration"": 8.00100040435791, ""splitType"": ""RWD_WALK"", ""numClimbSends"": 0, ""maxElevationGain"": 0.0, ""averageElevationGain"": 0.0, ""maxDistance"": 8, ""maxDistanceWithPrecision"": 8.0, ""distance"": 16.899999618530273, ""averageSpeed"": 2.111999988555908, ""maxSpeed"": 1.5959999561309814, ""numFalls"": 0, ""elevationLoss"": 0.0}, {""noOfSplits"": 3, ""totalAscent"": 35.0, ""duration"": 2972.423095703125, ""splitType"": ""RWD_RUN"", ""numClimbSends"": 0, ""maxElevationGain"": 24.0, ""averageElevationGain"": 12.0, ""maxDistance"": 4399, ""maxDistanceWithPrecision"": 4399.06982421875, ""distance"": 7366.5400390625, ""averageSpeed"": 2.4779999256134033, ""maxSpeed"": 2.697000026702881, ""numFalls"": 0, ""elevationLoss"": 39.0}, {""noOfSplits"": 5, ""totalAscent"": 0.0, ""duration"": 20.29599952697754, ""splitType"": ""RWD_STAND"", ""numClimbSends"": 0, ""maxElevationGain"": 0.0, ""averageElevationGain"": 0.0, ""maxDistance"": 9, ""maxDistanceWithPrecision"": 9.329999923706055, ""distance"": 22.1299991607666, ""averageSpeed"": 1.090000033378601, ""maxSpeed"": 0.0, ""numFalls"": 0, ""elevationLoss"": 0.0}]",8024,1781934372000,Wirral - Base,4.099999904632568,2026-06-20 06:46:12,,8.999,2025.625,517.0,23312952887,False,False,,-3.0132815334945917,3624601887,True,48,0.40000152587890625,5.0,1,8.950000000000001,143088564,False,,False,53.361532716080546,False,378.001
3,False,799.9039916992188,False,,False,0.0,,https://s3.amazonaws.com/garmin-connect-prod/profile_images/6dd3e63b-1cf6-47dd-a308-0af6c5311562-prfr.png,False,,,"[""SCOPE_ATP_READ"", ""SCOPE_COMMUNITY_COURSE_ADMIN_READ"", ""SCOPE_GCX_KID_WRITE"", ""SCOPE_DT_ACTIVE_INTELLIGENCE_READ"", ""SCOPE_COMMUNITY_COURSE_WRITE"", ""SCOPE_GCX_KID_ADMIN_READ"", ""SCOPE_CONNECT_WEB_TEMPLATE_RENDER"", ""SCOPE_ACTIVITY_DETECTION_READ"", ""SCOPE_OMT_SUBSCRIPTION_ADMIN_READ"", ""SCOPE_DI_OAUTH_2_MANAGED_STATUS_ADMIN_WRITE"", ""SCOPE_CONNECT_READ"", ""SCOPE_GCX_PET_READ"", ""SCOPE_GOLF_API_READ"", ""SCOPE_DI_OAUTH_2_DEVICE_REVOCATION_WRITE"", ""SCOPE_GCX_PET_WRITE"", ""SCOPE_DI_OAUTH_2_CREATE_DI_USER"", ""SCOPE_DIVE_API_WRITE"", ""SCOPE_DIVE_API_READ"", ""SCOPE_DI_OAUTH_2_CLIENT_READ"", ""SCOPE_CONNECT_WRITE"", ""SCOPE_CONNECT_MCT_DAILY_LOG_READ"", ""SCOPE_CONNECT_API_CREATE_UPDATE_USER"", ""SCOPE_MESSAGE_GENERATION_READ"", ""SCOPE_DI_OAUTH_2_CLIENT_REVOCATION_ADMIN"", ""SCOPE_GCX_PET_ADMIN_READ"", ""SCOPE_CONNECT_NON_SOCIAL_SHARED_READ"", ""SCOPE_DI_OAUTH_2_PRERELEASE_PERMISSIONS_ADMIN_WRITE"", ""SCOPE_DI_OAUTH_2_TOKEN_ADMIN"", ""SCOPE_ATP_WRITE"", ""SCOPE_GCX_KID_READ"", ""ROLE_CONNECTUSER"", ""ROLE_FITNESS_USER"", ""ROLE_WELLNESS_USER"", ""ROLE_GARMIN_USER"", ""ROLE_GCM_USER""]",,8,16.0,,False,2026-06-18 11:12:56,,0.0,False,0.0,95.0,https://s3.amazonaws.com/garmin-connect-prod/profile_images/6dd3e63b-1cf6-47dd-a308-0af6c5311562-prth.png,0.0,799.9039916992188,126.0,False,,10,False,https://s3.amazonaws.com/garmin-connect-prod/profile_images/6dd3e63b-1cf6-47dd-a308-0af6c5311562-prof.png,,False,29,,-2,MINOR_AEROBIC_BENEFIT_6,,38,10,4d294da0-1d36-44c4-a103-1eeaab5f58df,,,False,False,[],strength_training,False,False,,3.7738037109375,,,False,137.0,False,False,,230.102,0.0,False,NO_ANAEROBIC_BENEFIT_0,False,320.0,GARMIN,,Macayla,True,9,,,23ae2821-2f82-4dbf-9345-f783675df2c7,,103.583,,159,uncategorized,8,,,False,,,False,,799.9039916992188,subscribers,False,2026-06-18 10:59:37,False,AEROBIC_BASE,,6,,"[{""category"": ""PUSH_UP"", ""subCategory"": ""PUSH_UP"", ""reps"": 12, ""volume"": 0, ""duration"": 40000.0, ""sets"": 1, ""maxWeight"": 0}, {""category"": ""PLANK"", ""subCategory"": ""MOUNTAIN_CLIMBER"", ""reps"": 4, ""volume"": 0, ""duration"": 40000.0, ""sets"": 1, ""maxWeight"": 0}, {""category"": ""SQUAT"", ""subCategory"": ""SQUAT_JUMPS_IN_N_OUT"", ""reps"": 13, ""volume"": 0, ""duration"": 40000.0, ""sets"": 1, ""maxWeight"": 0}, {""category"": ""CRUNCH"", ""subCategory"": ""BICYCLE_CRUNCH"", ""reps"": 0, ""volume"": 0, ""duration"": 40000.0, ""sets"": 1, ""maxWeight"": 0}, {""category"": ""WARM_UP"", ""subCategory"": ""OPPOSITE_ARM_AND_LEG_BALANCE"", ""reps"": 4, ""volume"": 0, ""duration"": 40000.0, ""sets"": 1, ""maxWeight"": 0}, {""category"": ""HIP_RAISE"", ""subCategory"": ""HIP_RAISE"", ""reps"": 0, ""volume"": 0, ""duration"": 80000.0, ""sets"": 2, ""maxWeight"": 0}, {""category"": ""SQUAT"", ""subCategory"": ""SQUAT"", ""reps"": 5, ""volume"": 0, ""duration"": 40000.0, ""sets"": 1, ""maxWeight"": 0}]",1,"[{""noOfSplits"": 8, ""duration"": 320.0, ""splitType"": ""INTERVAL_ACTIVE"", ""numClimbSends"": 0, ""maxDistance"": 0, ""maxDistanceWithPrecision"": 0.0, ""distance"": 0.0, ""averageSpeed"": 0.0, ""numFalls"": 0}, {""noOfSplits"": 8, ""duration"": 479.843994140625, ""splitType"": ""INTERVAL_REST"", ""numClimbSends"": 0, ""maxDistance"": 0, ""maxDistanceWithPrecision"": 0.0, ""distance"": 0.0, ""averageSpeed"": 0.0, ""numFalls"": 0}]",76,1781780377000,Total Body Circuit 3,0.30000001192092896,2026-06-18 11:59:37,,,,49.0,23293201527,False,False,,,3624601887,False,0,,,13,,143088564,False,,False,,False,0.0
3,False,5.973999977111816,False,2.197999954223633,False,49.0,,https://s3.amazonaws.com/garmin-connect-prod/profile_images/6dd3e63b-1cf6-47dd-a308-0af6c5311562-prfr.png,False,9.180000305175781,184.024,"[""SCOPE_ATP_READ"", ""SCOPE_COMMUNITY_COURSE_ADMIN_READ"", ""SCOPE_GCX_KID_WRITE"", ""SCOPE_DT_ACTIVE_INTELLIGENCE_READ"", ""SCOPE_COMMUNITY_COURSE_WRITE"", ""SCOPE_GCX_KID_ADMIN_READ"", ""SCOPE_CONNECT_WEB_TEMPLATE_RENDER"", ""SCOPE_ACTIVITY_DETECTION_READ"", ""SCOPE_OMT_SUBSCRIPTION_ADMIN_READ"", ""SCOPE_DI_OAUTH_2_MANAGED_STATUS_ADMIN_WRITE"", ""SCOPE_CONNECT_READ"", ""SCOPE_GCX_PET_READ"", ""SCOPE_GOLF_API_READ"", ""SCOPE_DI_OAUTH_2_DEVICE_REVOCATION_WRITE"", ""SCOPE_GCX_PET_WRITE"", ""SCOPE_DI_OAUTH_2_CREATE_DI_USER"", ""SCOPE_DIVE_API_WRITE"", ""SCOPE_DIVE_API_READ"", ""SCOPE_DI_OAUTH_2_CLIENT_READ"", ""SCOPE_CONNECT_WRITE"", ""SCOPE_CONNECT_MCT_DAILY_LOG_READ"", ""SCOPE_CONNECT_API_CREATE_UPDATE_USER"", ""SCOPE_MESSAGE_GENERATION_READ"", ""SCOPE_DI_OAUTH_2_CLIENT_REVOCATION_ADMIN"", ""SCOPE_GCX_PET_ADMIN_READ"", ""SCOPE_CONNECT_NON_SOCIAL_SHARED_READ"", ""SCOPE_DI_OAUTH_2_PRERELEASE_PERMISSIONS_ADMIN_WRITE"", ""SCOPE_DI_OAUTH_2_TOKEN_ADMIN"", ""SCOPE_ATP_WRITE"", ""SCOPE_GCX_KID_READ"", ""ROLE_CONNECTUSER"", ""ROLE_FITNESS_USER"", ""ROLE_WELLNESS_USER"", ""ROLE_GARMIN_USER"", ""ROLE_GCM_USER""]",568.052,,37.0,628.7780151367188,False,2026-06-18 10:49:23,284.79998779296875,0.10000000149011612,False,2.2079999446868896,152.0,https://s3.amazonaws.com/garmin-connect-prod/profile_images/6dd3e63b-1cf6-47dd-a308-0af6c5311562-prth.png,698.224,1832.175048828125,399.0,False,,1,True,https://s3.amazonaws.com/garmin-connect-prod/profile_images/6dd3e63b-1cf6-47dd-a308-0af6c5311562-prof.png,-3.0135091859847307,True,17,34.0,-8,IMPROVING_AEROBIC_FITNESS_2,390.0360107421875,,10,4d294da0-1d36-44c4-a103-1eeaab5f58df,28.399999618530273,44.0,False,False,[],running,False,False,137.296875,72.26751708984375,129.005,239.0,False,183.0,False,False,235.0,54.976,4045.830078125,False,NO_ANAEROBIC_BENEFIT_0,False,1815.494999885559,GARMIN,89.87000122070313,Macayla,True,9,18.629273630243258,33.0,c8b860b6-cca0-4544-a8eb-3d71a4d9fc4e,239.0,322.91,3.1630001068115234,159,uncategorized,,,53.361640674993396,False,278.981,367.0,False,,2067.9130859375,subscribers,False,2026-06-18 10:14:56,False,TEMPO,201.0,10,Wirral,,9,"[{""noOfSplits"": 5, ""totalAscent"": 0.0, ""duration"": 14.180000305175781, ""splitType"": ""RWD_STAND"", ""numClimbSends"": 0, ""maxElevationGain"": 0.0, ""averageElevationGain"": 0.0, ""maxDistance"": 10, ""maxDistanceWithPrecision"": 10.699999809265137, ""distance"": 23.920000076293945, ""averageSpeed"": 1.687000036239624, ""maxSpeed"": 1.0549999475479126, ""numFalls"": 0, ""elevationLoss"": 0.0}, {""noOfSplits"": 11, ""totalAscent"": 25.0, ""duration"": 1325.6939697265625, ""splitType"": ""RWD_RUN"", ""numClimbSends"": 0, ""maxElevationGain"": 8.0, ""averageElevationGain"": 2.0, ""maxDistance"": 1758, ""maxDistanceWithPrecision"": 1758.5699462890625, ""distance"": 3304.199951171875, ""averageSpeed"": 2.492000102996826, ""maxSpeed"": 3.1630001068115234, ""numFalls"": 0, ""elevationLoss"": 25.0}, {""noOfSplits"": 3, ""totalAscent"": 21.0, ""duration"": 776.0180053710938, ""splitType"": ""INTERVAL_ACTIVE"", ""numClimbSends"": 0, ""maxElevationGain"": 14.0, ""averageElevationGain"": 7.0, ""maxDistance"": 1005, ""maxDistanceWithPrecision"": 1005.4000244140625, ""distance"": 1764.6700439453125, ""averageSpeed"": 2.2739999294281006, ""maxSpeed"": 3.1630001068115234, ""numFalls"": 0, ""elevationLoss"": 20.0}, {""noOfSplits"": 1, ""totalAscent"": 6.0, ""duration"": 265.3819885253906, ""splitType"": ""INTERVAL_COOLDOWN"", ""numClimbSends"": 0, ""maxElevationGain"": 6.0, ""averageElevationGain"": 6.0, ""maxDistance"": 480, ""maxDistanceWithPrecision"": 480.8800048828125, ""distance"": 480.9200134277344, ""averageSpeed"": 1.812000036239624, ""maxSpeed"": 2.5190000534057617, ""numFalls"": 0, ""elevationLoss"": 0.0}, {""noOfSplits"": 1, ""totalAscent"": 4.0, ""duration"": 600.0, ""splitType"": ""INTERVAL_WARMUP"", ""numClimbSends"": 0, ""maxElevationGain"": 4.0, ""averageElevationGain"": 4.0, ""maxDistance"": 1504, ""maxDistanceWithPrecision"": 1504.219970703125, ""distance"": 1504.3199462890625, ""averageSpeed"": 2.506999969482422, ""maxSpeed"": 2.799999952316284, ""numFalls"": 0, ""elevationLoss"": 13.0}, {""noOfSplits"": 15, ""totalAscent"": 9.0, ""duration"": 492.22198486328125, ""splitType"": ""RWD_WALK"", ""numClimbSends"": 0, ""maxElevationGain"": 3.0, ""averageElevationGain"": 1.0, ""maxDistance"": 160, ""maxDistanceWithPrecision"": 160.92999267578125, ""distance"": 717.9600219726562, ""averageSpeed"": 1.4589999914169312, ""maxSpeed"": 1.7920000553131104, ""numFalls"": 0, ""elevationLoss"": 9.0}, {""noOfSplits"": 2, ""totalAscent"": 2.0, ""duration"": 190.7100067138672, ""splitType"": ""INTERVAL_RECOVERY"", ""numClimbSends"": 0, ""maxElevationGain"": 2.0, ""averageElevationGain"": 1.0, ""maxDistance"": 281, ""maxDistanceWithPrecision"": 281.8399963378906, ""distance"": 295.9200134277344, ""averageSpeed"": 1.5520000457763672, ""maxSpeed"": 2.76200008392334, ""numFalls"": 0, ""elevationLoss"": 1.0}]",4424,1781777696000,Wirral - Tempo,3.0,2026-06-18 11:14:56,,72.99,,272.0,23292971352,False,False,,-3.0115372594445944,3624601887,True,22,0.6000003814697266,8.800000190734863,1,8.25,143088564,False,,False,53.36164235137403,False,664.796
3,False,3.2990000247955322,False,2.000999927520752,False,0.0,,https://s3.amazonaws.com/garmin-connect-prod/profile_images/6dd3e63b-1cf6-47dd-a308-0af6c5311562-prfr.png,False,9.930000305175781,133.919,"[""SCOPE_ATP_READ"", ""SCOPE_COMMUNITY_COURSE_ADMIN_READ"", ""SCOPE_GCX_KID_WRITE"", ""SCOPE_DT_ACTIVE_INTELLIGENCE_READ"", ""SCOPE_COMMUNITY_COURSE_WRITE"", ""SCOPE_GCX_KID_ADMIN_READ"", ""SCOPE_CONNECT_WEB_TEMPLATE_RENDER"", ""SCOPE_ACTIVITY_DETECTION_READ"", ""SCOPE_OMT_SUBSCRIPTION_ADMIN_READ"", ""SCOPE_DI_OAUTH_2_MANAGED_STATUS_ADMIN_WRITE"", ""SCOPE_CONNECT_READ"", ""SCOPE_GCX_PET_READ"", ""SCOPE_GOLF_API_READ"", ""SCOPE_DI_OAUTH_2_DEVICE_REVOCATION_WRITE"", ""SCOPE_GCX_PET_WRITE"", ""SCOPE_DI_OAUTH_2_CREATE_DI_USER"", ""SCOPE_DIVE_API_WRITE"", ""SCOPE_DIVE_API_READ"", ""SCOPE_DI_OAUTH_2_CLIENT_READ"", ""SCOPE_CONNECT_WRITE"", ""SCOPE_CONNECT_MCT_DAILY_LOG_READ"", ""SCOPE_CONNECT_API_CREATE_UPDATE_USER"", ""SCOPE_MESSAGE_GENERATION_READ"", ""SCOPE_DI_OAUTH_2_CLIENT_REVOCATION_ADMIN"", ""SCOPE_GCX_PET_ADMIN_READ"", ""SCOPE_CONNECT_NON_SOCIAL_SHARED_READ"", ""SCOPE_DI_OAUTH_2_PRERELEASE_PERMISSIONS_ADMIN_WRITE"", ""SCOPE_DI_OAUTH_2_TOKEN_ADMIN"", ""SCOPE_ATP_WRITE"", ""SCOPE_GCX_KID_READ"", ""ROLE_CONNECTUSER"", ""ROLE_FITNESS_USER"", ""ROLE_WELLNESS_USER"", ""ROLE_GARMIN_USER"", ""ROLE_GCM_USER""]",424.911,,37.0,711.0390014648438,False,2026-06-16 13:18:56,297.70001220703125,0.0,False,1.968999981880188,153.0,https://s3.amazonaws.com/garmin-connect-prod/profile_images/6dd3e63b-1cf6-47dd-a308-0af6c5311562-prth.png,755.358,1803.2989501953125,415.0,False,,1,True,https://s3.amazonaws.com/garmin-connect-prod/profile_images/6dd3e63b-1cf6-47dd-a308-0af6c5311562-prof.png,-3.0134785920381546,True,17,48.0,-7,MAINTAINING_AEROBIC_FITNESS_1,425.79901123046875,,10,4d294da0-1d36-44c4-a103-1eeaab5f58df,46.400001525878906,43.0,False,False,[],running,False,False,135.984375,61.14698791503906,694.514,167.0,False,173.0,False,False,224.0,30.463,3551.429931640625,False,NO_ANAEROBIC_BENEFIT_0,False,1611.760009765625,GARMIN,86.15999755859376,Macayla,False,9,36.791231972528216,51.0,55fc47d4-88fd-4fa9-9051-94692c7420a1,167.0,228.01,2.61299991607666,159,uncategorized,,,53.36513861082494,False,146.091,348.0,False,,1821.8370361328125,subscribers,False,2026-06-16 12:48:35,False,AEROBIC_BASE,196.0,1,Wirral,,5,"[{""noOfSplits"": 7, ""totalAscent"": 0.0, ""duration"": 160.5959930419922, ""splitType"": ""RWD_STAND"", ""numClimbSends"": 0, ""maxElevationGain"": 0.0, ""averageElevationGain"": 0.0, ""maxDistance"": 6, ""maxDistanceWithPrecision"": 6.869999885559082, ""distance"": 8.220000267028809, ""averageSpeed"": 0.050999999046325684, ""maxSpeed"": 0.0, ""numFalls"": 0, ""elevationLoss"": 0.0}, {""noOfSplits"": 1, ""totalAscent"": 51.0, ""duration"": 1803.2989501953125, ""splitType"": ""INTERVAL_ACTIVE"", ""numClimbSends"": 0, ""maxElevationGain"": 51.0, ""averageElevationGain"": 51.0, ""maxDistance"": 3549, ""maxDistanceWithPrecision"": 3549.840087890625, ""distance"": 3551.22998046875, ""averageSpeed"": 1.968999981880188, ""maxSpeed"": 2.61299991607666, ""numFalls"": 0, ""elevationLoss"": 48.0}, {""noOfSplits"": 6, ""totalAscent"": 46.0, ""duration"": 1472.56201171875, ""splitType"": ""RWD_RUN"", ""numClimbSends"": 0, ""maxElevationGain"": 22.0, ""averageElevationGain"": 8.0, ""maxDistance"": 1209, ""maxDistanceWithPrecision"": 1209.6099853515625, ""distance"": 3341.469970703125, ""averageSpeed"": 2.2690000534057617, ""maxSpeed"": 2.61299991607666, ""numFalls"": 0, ""elevationLoss"": 32.0}, {""noOfSplits"": 13, ""totalAscent"": 5.0, ""duration"": 169.9010009765625, ""splitType"": ""RWD_WALK"", ""numClimbSends"": 0, ""maxElevationGain"": 3.0, ""averageElevationGain"": 1.0, ""maxDistance"": 58, ""maxDistanceWithPrecision"": 58.869998931884766, ""distance"": 206.9600067138672, ""averageSpeed"": 1.218000054359436, ""maxSpeed"": 2.0920000076293945, ""numFalls"": 0, ""elevationLoss"": 16.0}]",4202,1781614115000,Wirral - Base,2.799999952316284,2026-06-16 13:48:35,,11.998,,258.0,23269694023,False,False,,-3.0171294137835503,3624601887,True,26,0.6000022888183594,24.200000762939453,1,8.509999847412109,143088564,False,,False,53.36158577352762,False,784.066
3,False,1129.010009765625,False,,False,0.0,,https://s3.amazonaws.com/garmin-connect-prod/profile_images/6dd3e63b-1cf6-47dd-a308-0af6c5311562-prfr.png,False,,,"[""SCOPE_ATP_READ"", ""SCOPE_COMMUNITY_COURSE_ADMIN_READ"", ""SCOPE_GCX_KID_WRITE"", ""SCOPE_DT_ACTIVE_INTELLIGENCE_READ"", ""SCOPE_COMMUNITY_COURSE_WRITE"", ""SCOPE_GCX_KID_ADMIN_READ"", ""SCOPE_CONNECT_WEB_TEMPLATE_RENDER"", ""SCOPE_ACTIVITY_DETECTION_READ"", ""SCOPE_OMT_SUBSCRIPTION_ADMIN_READ"", ""SCOPE_DI_OAUTH_2_MANAGED_STATUS_ADMIN_WRITE"", ""SCOPE_CONNECT_READ"", ""SCOPE_GCX_PET_READ"", ""SCOPE_GOLF_API_READ"", ""SCOPE_DI_OAUTH_2_DEVICE_REVOCATION_WRITE"", ""SCOPE_GCX_PET_WRITE"", ""SCOPE_DI_OAUTH_2_CREATE_DI_USER"", ""SCOPE_DIVE_API_WRITE"", ""SCOPE_DIVE_API_READ"", ""SCOPE_DI_OAUTH_2_CLIENT_READ"", ""SCOPE_CONNECT_WRITE"", ""SCOPE_CONNECT_MCT_DAILY_LOG_READ"", ""SCOPE_CONNECT_API_CREATE_UPDATE_USER"", ""SCOPE_MESSAGE_GENERATION_READ"", ""SCOPE_DI_OAUTH_2_CLIENT_REVOCATION_ADMIN"", ""SCOPE_GCX_PET_ADMIN_READ"", ""SCOPE_CONNECT_NON_SOCIAL_SHARED_READ"", ""SCOPE_DI_OAUTH_2_PRERELEASE_PERMISSIONS_ADMIN_WRITE"", ""SCOPE_DI_OAUTH_2_TOKEN_ADMIN"", ""SCOPE_ATP_WRITE"", ""SCOPE_GCX_KID_READ"", ""ROLE_CONNECTUSER"", ""ROLE_FITNESS_USER"", ""ROLE_WELLNESS_USER"", ""ROLE_GARMIN_USER"", ""ROLE_GCM_USER""]",,19,23.0,,False,2026-06-16 12:42:27,,0.0,False,0.0,99.0,https://s3.amazonaws.com/garmin-connect-prod/profile_images/6dd3e63b-1cf6-47dd-a308-0af6c5311562-prth.png,0.0,1129.010009765625,185.0,False,,4,False,https://s3.amazonaws.com/garmin-connect-prod/profile_images/6dd3e63b-1cf6-47dd-a308-0af6c5311562-prof.png,,False,29,,-2,MINOR_AEROBIC_BENEFIT_6,,56,10,4d294da0-1d36-44c4-a103-1eeaab5f58df,,,False,False,[],strength_training,False,False,,4.8226470947265625,,,False,131.0,False,False,,322.53,0.0,False,NO_ANAEROBIC_BENEFIT_0,False,814.7020263671875,GARMIN,,Macayla,True,9,,,28bfe2b2-fba8-482a-9751-c5520ac61f82,,182.146,,159,uncategorized,19,,,False,,,False,,1129.010009765625,subscribers,False,2026-06-16 12:23:38,False,AEROBIC_BASE,,10,,"[{""category"": ""MOVE"", ""subCategory"": ""ROLL_DOWN"", ""reps"": 12, ""volume"": 0, ""duration"": 135000.0, ""sets"": 3, ""maxWeight"": 0}, {""category"": ""HIP_RAISE"", ""subCategory"": ""HIP_RAISE"", ""reps"": 0, ""volume"": 0, ""duration"": 135000.0, ""sets"": 3, ""maxWeight"": 0}, {""category"": ""CORE"", ""subCategory"": ""SCISSORS"", ""reps"": 17, ""volume"": 0, ""duration"": 135000.0, ""sets"": 3, ""maxWeight"": 0}, {""category"": ""UNKNOWN"", ""reps"": 0, ""volume"": 0, ""duration"": 4702.000141143799, ""sets"": 1, ""maxWeight"": 0}, {""category"": ""MOVE"", ""subCategory"": ""LUNGES_WITH_KNEE_LIFT"", ""reps"": 27, ""volume"": 0, ""duration"": 270000.0, ""sets"": 6, ""maxWeight"": 0}, {""category"": ""CORE"", ""subCategory"": ""KNEE_FOLDS"", ""reps"": 0, ""volume"": 0, ""duration"": 135000.0, ""sets"": 3, ""maxWeight"": 0}]",1,"[{""noOfSplits"": 18, ""duration"": 810.0, ""splitType"": ""INTERVAL_ACTIVE"", ""numClimbSends"": 0, ""maxDistance"": 0, ""maxDistanceWithPrecision"": 0.0, ""distance"": 0.0, ""averageSpeed"": 0.0, ""numFalls"": 0}, {""noOfSplits"": 18, ""duration"": 318.93499755859375, ""splitType"": ""INTERVAL_REST"", ""numClimbSends"": 0, ""maxDistance"": 0, ""maxDistanceWithPrecision"": 0.0, ""distance"": 0.0, ""averageSpeed"": 0.0, ""numFalls"": 0}]",112,1781612618000,Pre-Run Activation 1,0.4000000059604645,2026-06-16 13:23:38,,,,73.0,23269170571,False,False,,,3624601887,False,0,,,13,,143088564,False,,False,,False,0.0
3,False,190.0,False,0.2269999980926514,False,37.002,,https://s3.amazonaws.com/garmin-connect-prod/profile_images/6dd3e63b-1cf6-47dd-a308-0af6c5311562-prfr.png,False,9.010000228881836,0.0,"[""SCOPE_ATP_READ"", ""SCOPE_COMMUNITY_COURSE_ADMIN_READ"", ""SCOPE_GCX_KID_WRITE"", ""SCOPE_DT_ACTIVE_INTELLIGENCE_READ"", ""SCOPE_COMMUNITY_COURSE_WRITE"", ""SCOPE_GCX_KID_ADMIN_READ"", ""SCOPE_CONNECT_WEB_TEMPLATE_RENDER"", ""SCOPE_ACTIVITY_DETECTION_READ"", ""SCOPE_OMT_SUBSCRIPTION_ADMIN_READ"", ""SCOPE_DI_OAUTH_2_MANAGED_STATUS_ADMIN_WRITE"", ""SCOPE_CONNECT_READ"", ""SCOPE_GCX_PET_READ"", ""SCOPE_GOLF_API_READ"", ""SCOPE_DI_OAUTH_2_DEVICE_REVOCATION_WRITE"", ""SCOPE_GCX_PET_WRITE"", ""SCOPE_DI_OAUTH_2_CREATE_DI_USER"", ""SCOPE_DIVE_API_WRITE"", ""SCOPE_DIVE_API_READ"", ""SCOPE_DI_OAUTH_2_CLIENT_READ"", ""SCOPE_CONNECT_WRITE"", ""SCOPE_CONNECT_MCT_DAILY_LOG_READ"", ""SCOPE_CONNECT_API_CREATE_UPDATE_USER"", ""SCOPE_MESSAGE_GENERATION_READ"", ""SCOPE_DI_OAUTH_2_CLIENT_REVOCATION_ADMIN"", ""SCOPE_GCX_PET_ADMIN_READ"", ""SCOPE_CONNECT_NON_SOCIAL_SHARED_READ"", ""SCOPE_DI_OAUTH_2_PRERELEASE_PERMISSIONS_ADMIN_WRITE"", ""SCOPE_DI_OAUTH_2_TOKEN_ADMIN"", ""SCOPE_ATP_WRITE"", ""SCOPE_GCX_KID_READ"", ""ROLE_CONNECTUSER"", ""ROLE_FITNESS_USER"", ""ROLE_WELLNESS_USER"", ""ROLE_GARMIN_USER"", ""ROLE_GCM_USER""]",16.993,,147.0,3819.493896484375,False,2026-06-14 17:30:24,319.70001220703125,2.9000000953674316,False,0.4300000071525574,136.0,https://s3.amazonaws.com/garmin-connect-prod/profile_images/6dd3e63b-1cf6-47dd-a308-0af6c5311562-prth.png,523.998,7215.7548828125,80.0,False,,1,True,https://s3.amazonaws.com/garmin-connect-prod/profile_images/6dd3e63b-1cf6-47dd-a308-0af6c5311562-prof.png,-3.093328205868602,True,17,54.0,-11,IMPROVING_AEROBIC_BASE_8,2224.544921875,,10,4d294da0-1d36-44c4-a103-1eeaab5f58df,12.800000190734863,,False,False,[],running,False,False,19.796875,129.88523864746094,47.006,250.0,False,183.0,False,False,41.0,644.725,3102.8701171875,False,MAINTAINING_ANAEROBIC_BASE_1,False,1257.0,GARMIN,75.45999755859376,Macayla,False,9,5.753319469166562,48.0,00c63773-4089-4b1f-86b7-0984eec06905,250.0,3404.338,2.6500000953674316,159,uncategorized,,,53.41204390861094,False,6.003,266.0,False,,8982.3798828125,subscribers,False,2026-06-14 15:00:42,False,AEROBIC_BASE,11.0,53,Wirral,,4,"[{""noOfSplits"": 194, ""totalAscent"": 3100.0, ""duration"": 2542.320068359375, ""splitType"": ""RWD_WALK"", ""numClimbSends"": 0, ""maxElevationGain"": 400.0, ""averageElevationGain"": 0.0, ""maxDistance"": 81, ""maxDistanceWithPrecision"": 81.30999755859375, ""distance"": 1120.010009765625, ""averageSpeed"": 0.4410000145435333, ""maxSpeed"": 1.996999979019165, ""numFalls"": 0, ""elevationLoss"": 39.0}, {""noOfSplits"": 69, ""totalAscent"": 1600.0, ""duration"": 759.7429809570312, ""splitType"": ""RWD_RUN"", ""numClimbSends"": 0, ""maxElevationGain"": 200.0, ""averageElevationGain"": 0.0, ""maxDistance"": 23, ""maxDistanceWithPrecision"": 23.959999084472656, ""distance"": 420.1700134277344, ""averageSpeed"": 0.5529999732971191, ""maxSpeed"": 2.6500000953674316, ""numFalls"": 0, ""elevationLoss"": 15.0}, {""noOfSplits"": 189, ""totalAscent"": 0.0, ""duration"": 3913.64404296875, ""splitType"": ""RWD_STAND"", ""numClimbSends"": 0, ""maxElevationGain"": 0.0, ""averageElevationGain"": 0.0, ""maxDistance"": 50, ""maxDistanceWithPrecision"": 50.290000915527344, ""distance"": 1578.81005859375, ""averageSpeed"": 0.40299999713897705, ""maxSpeed"": 0.0, ""numFalls"": 0, ""elevationLoss"": 0.0}, {""noOfSplits"": 1, ""totalAscent"": 4800.0, ""duration"": 7215.7548828125, ""splitType"": ""INTERVAL_ACTIVE"", ""numClimbSends"": 0, ""maxElevationGain"": 4800.0, ""averageElevationGain"": 4800.0, ""maxDistance"": 3101, ""maxDistanceWithPrecision"": 3101.18994140625, ""distance"": 3102.860107421875, ""averageSpeed"": 0.4300000071525574, ""maxSpeed"": 2.6500000953674316, ""numFalls"": 0, ""elevationLoss"": 54.0}]",6132,1781449242000,Wirral Running,3.0,2026-06-14 16:00:42,,0.0,,744.0,23249526793,False,False,COMPLETE,-3.0933149624615908,3624601887,True,44,0.6000001430511475,-5.199999809265137,1,5.3500000000000005,143088564,False,,False,53.41211364604533,False,2386.996
3,False,2.9649999141693115,False,2.4809999465942383,False,544.178,,https://s3.amazonaws.com/garmin-connect-prod/profile_images/6dd3e63b-1cf6-47dd-a308-0af6c5311562-prfr.png,False,9.59000015258789,335.947,"[""SCOPE_ATP_READ"", ""SCOPE_COMMUNITY_COURSE_ADMIN_READ"", ""SCOPE_GCX_KID_WRITE"", ""SCOPE_DT_ACTIVE_INTELLIGENCE_READ"", ""SCOPE_COMMUNITY_COURSE_WRITE"", ""SCOPE_GCX_KID_ADMIN_READ"", ""SCOPE_CONNECT_WEB_TEMPLATE_RENDER"", ""SCOPE_ACTIVITY_DETECTION_READ"", ""SCOPE_OMT_SUBSCRIPTION_ADMIN_READ"", ""SCOPE_DI_OAUTH_2_MANAGED_STATUS_ADMIN_WRITE"", ""SCOPE_CONNECT_READ"", ""SCOPE_GCX_PET_READ"", ""SCOPE_GOLF_API_READ"", ""SCOPE_DI_OAUTH_2_DEVICE_REVOCATION_WRITE"", ""SCOPE_GCX_PET_WRITE"", ""SCOPE_DI_OAUTH_2_CREATE_DI_USER"", ""SCOPE_DIVE_API_WRITE"", ""SCOPE_DIVE_API_READ"", ""SCOPE_DI_OAUTH_2_CLIENT_READ"", ""SCOPE_CONNECT_WRITE"", ""SCOPE_CONNECT_MCT_DAILY_LOG_READ"", ""SCOPE_CONNECT_API_CREATE_UPDATE_USER"", ""SCOPE_MESSAGE_GENERATION_READ"", ""SCOPE_DI_OAUTH_2_CLIENT_REVOCATION_ADMIN"", ""SCOPE_GCX_PET_ADMIN_READ"", ""SCOPE_CONNECT_NON_SOCIAL_SHARED_READ"", ""SCOPE_DI_OAUTH_2_PRERELEASE_PERMISSIONS_ADMIN_WRITE"", ""SCOPE_DI_OAUTH_2_TOKEN_ADMIN"", ""SCOPE_ATP_WRITE"", ""SCOPE_GCX_KID_READ"", ""ROLE_CONNECTUSER"", ""ROLE_FITNESS_USER"", ""ROLE_WELLNESS_USER"", ""ROLE_GARMIN_USER"", ""ROLE_GCM_USER""]",1851.951,,90.0,599.8829956054688,False,2026-06-14 11:42:54,286.8999938964844,1.399999976158142,False,2.4800000190734863,169.0,https://s3.amazonaws.com/garmin-connect-prod/profile_images/6dd3e63b-1cf6-47dd-a308-0af6c5311562-prth.png,3323.883,4441.3388671875,1090.0,False,,1,True,https://s3.amazonaws.com/garmin-connect-prod/profile_images/6dd3e63b-1cf6-47dd-a308-0af6c5311562-prof.png,-2.7456713374704123,True,17,92.0,-20,OVERREACHING_14,360.7929992675781,,10,4d294da0-1d36-44c4-a103-1eeaab5f58df,42.599998474121094,43.0,False,False,[],running,False,False,160.171875,245.67652893066406,728.95,174.0,False,186.0,False,False,253.0,13.0,11012.919921875,False,MINOR_ANAEROBIC_BENEFIT_15,False,4429.007965087891,GARMIN,92.05999755859375,Macayla,False,9,25.829858144482255,85.0,0958b4c8-f4fd-4d07-9801-6068bf2b7a55,174.0,26.001,3.7709999084472656,159,uncategorized,,,53.22411401197314,False,1306.958,402.0,False,4027.60302734375,4441.3388671875,subscribers,False,2026-06-14 10:28:53,False,LACTATE_THRESHOLD,247.0,2,Cheshire West and Chester,,12,"[{""noOfSplits"": 2, ""totalAscent"": 0.0, ""duration"": 9.0, ""splitType"": ""RWD_STAND"", ""numClimbSends"": 0, ""maxElevationGain"": 0.0, ""averageElevationGain"": 0.0, ""maxDistance"": 14, ""maxDistanceWithPrecision"": 14.869999885559082, ""distance"": 15.949999809265137, ""averageSpeed"": 1.7719999551773071, ""maxSpeed"": 1.156999945640564, ""numFalls"": 0, ""elevationLoss"": 0.0}, {""noOfSplits"": 1, ""totalAscent"": 85.0, ""duration"": 4441.3388671875, ""splitType"": ""INTERVAL_ACTIVE"", ""numClimbSends"": 0, ""maxElevationGain"": 85.0, ""averageElevationGain"": 85.0, ""maxDistance"": 11011, ""maxDistanceWithPrecision"": 11011.2197265625, ""distance"": 11012.650390625, ""averageSpeed"": 2.4800000190734863, ""maxSpeed"": 3.7709999084472656, ""numFalls"": 0, ""elevationLoss"": 92.0}, {""noOfSplits"": 4, ""totalAscent"": 79.0, ""duration"": 4315.294921875, ""splitType"": ""RWD_RUN"", ""numClimbSends"": 0, ""maxElevationGain"": 32.0, ""averageElevationGain"": 20.0, ""maxDistance"": 5064, ""maxDistanceWithPrecision"": 5064.6298828125, ""distance"": 10793.6396484375, ""averageSpeed"": 2.500999927520752, ""maxSpeed"": 3.7709999084472656, ""numFalls"": 0, ""elevationLoss"": 92.0}, {""noOfSplits"": 4, ""totalAscent"": 6.0, ""duration"": 116.9990005493164, ""splitType"": ""RWD_WALK"", ""numClimbSends"": 0, ""maxElevationGain"": 4.0, ""averageElevationGain"": 2.0, ""maxDistance"": 98, ""maxDistanceWithPrecision"": 98.98999786376953, ""distance"": 203.17999267578125, ""averageSpeed"": 1.7369999885559082, ""maxSpeed"": 1.9129999876022339, ""numFalls"": 0, ""elevationLoss"": 0.0}]",11894,1781432933000,Cheshire West and Chester Running,5.0,2026-06-14 11:28:53,,116.216,1982.18994140625,769.0,23245454289,False,False,,-2.7469126135110855,3624601887,True,71,0.6000003814697266,11.399999618530273,1,8.819999694824219,143088564,False,,False,53.22032690048218,False,510.965
3,False,3600.0,False,,False,,,https://s3.amazonaws.com/garmin-connect-prod/profile_images/6dd3e63b-1cf6-47dd-a308-0af6c5311562-prfr.png,False,,,"[""SCOPE_ATP_READ"", ""SCOPE_COMMUNITY_COURSE_ADMIN_READ"", ""SCOPE_GCX_KID_WRITE"", ""SCOPE_DT_ACTIVE_INTELLIGENCE_READ"", ""SCOPE_COMMUNITY_COURSE_WRITE"", ""SCOPE_GCX_KID_ADMIN_READ"", ""SCOPE_CONNECT_WEB_TEMPLATE_RENDER"", ""SCOPE_ACTIVITY_DETECTION_READ"", ""SCOPE_OMT_SUBSCRIPTION_ADMIN_READ"", ""SCOPE_DI_OAUTH_2_MANAGED_STATUS_ADMIN_WRITE"", ""SCOPE_CONNECT_READ"", ""SCOPE_GCX_PET_READ"", ""SCOPE_GOLF_API_READ"", ""SCOPE_DI_OAUTH_2_DEVICE_REVOCATION_WRITE"", ""SCOPE_GCX_PET_WRITE"", ""SCOPE_DI_OAUTH_2_CREATE_DI_USER"", ""SCOPE_DIVE_API_WRITE"", ""SCOPE_DIVE_API_READ"", ""SCOPE_DI_OAUTH_2_CLIENT_READ"", ""SCOPE_CONNECT_WRITE"", ""SCOPE_CONNECT_MCT_DAILY_LOG_READ"", ""SCOPE_CONNECT_API_CREATE_UPDATE_USER"", ""SCOPE_MESSAGE_GENERATION_READ"", ""SCOPE_DI_OAUTH_2_CLIENT_REVOCATION_ADMIN"", ""SCOPE_GCX_PET_ADMIN_READ"", ""SCOPE_CONNECT_NON_SOCIAL_SHARED_READ"", ""SCOPE_DI_OAUTH_2_PRERELEASE_PERMISSIONS_ADMIN_WRITE"", ""SCOPE_DI_OAUTH_2_TOKEN_ADMIN"", ""SCOPE_ATP_WRITE"", ""SCOPE_GCX_KID_READ"", ""ROLE_CONNECTUSER"", ""ROLE_FITNESS_USER"", ""ROLE_WELLNESS_USER"", ""ROLE_GARMIN_USER"", ""ROLE_GCM_USER""]",,,0.0,,False,2026-06-09 19:00:00,,,False,0.5555555555555555,,https://s3.amazonaws.com/garmin-connect-prod/profile_images/6dd3e63b-1cf6-47dd-a308-0af6c5311562-prth.png,,3600.0,,False,,255,False,https://s3.amazonaws.com/garmin-connect-prod/profile_images/6dd3e63b-1cf6-47dd-a308-0af6c5311562-prof.png,,False,17,,,,,,3,4d294da0-1d36-44c4-a103-1eeaab5f58df,,,False,False,[],other,True,False,,,,,False,,False,False,,,2000.0,False,,False,,GARMIN,,Macayla,False,8,,,46f375b0-0f02-4d99-8c36-5bd657bf7a57,,,,159,fitness,,,,True,,,False,,3600.0,subscribers,False,2026-06-09 18:00:00,True,,,,,,1,[],,1781028000000,Netball Matches (2),,2026-06-09 19:00:00,0.0,,,0.0,23198357023,False,True,,,0,True,,,,4,,143088564,False,,False,,False,
3,False,293.52301025390625,False,2.2950000762939453,False,0.0,,https://s3.amazonaws.com/garmin-connect-prod/profile_images/6dd3e63b-1cf6-47dd-a308-0af6c5311562-prfr.png,False,9.760000228881836,321.936,"[""SCOPE_ATP_READ"", ""SCOPE_COMMUNITY_COURSE_ADMIN_READ"", ""SCOPE_GCX_KID_WRITE"", ""SCOPE_DT_ACTIVE_INTELLIGENCE_READ"", ""SCOPE_COMMUNITY_COURSE_WRITE"", ""SCOPE_GCX_KID_ADMIN_READ"", ""SCOPE_CONNECT_WEB_TEMPLATE_RENDER"", ""SCOPE_ACTIVITY_DETECTION_READ"", ""SCOPE_OMT_SUBSCRIPTION_ADMIN_READ"", ""SCOPE_DI_OAUTH_2_MANAGED_STATUS_ADMIN_WRITE"", ""SCOPE_CONNECT_READ"", ""SCOPE_GCX_PET_READ"", ""SCOPE_GOLF_API_READ"", ""SCOPE_DI_OAUTH_2_DEVICE_REVOCATION_WRITE"", ""SCOPE_GCX_PET_WRITE"", ""SCOPE_DI_OAUTH_2_CREATE_DI_USER"", ""SCOPE_DIVE_API_WRITE"", ""SCOPE_DIVE_API_READ"", ""SCOPE_DI_OAUTH_2_CLIENT_READ"", ""SCOPE_CONNECT_WRITE"", ""SCOPE_CONNECT_MCT_DAILY_LOG_READ"", ""SCOPE_CONNECT_API_CREATE_UPDATE_USER"", ""SCOPE_MESSAGE_GENERATION_READ"", ""SCOPE_DI_OAUTH_2_CLIENT_REVOCATION_ADMIN"", ""SCOPE_GCX_PET_ADMIN_READ"", ""SCOPE_CONNECT_NON_SOCIAL_SHARED_READ"", ""SCOPE_DI_OAUTH_2_PRERELEASE_PERMISSIONS_ADMIN_WRITE"", ""SCOPE_DI_OAUTH_2_TOKEN_ADMIN"", ""SCOPE_ATP_WRITE"", ""SCOPE_GCX_KID_READ"", ""ROLE_CONNECTUSER"", ""ROLE_FITNESS_USER"", ""ROLE_WELLNESS_USER"", ""ROLE_GARMIN_USER"", ""ROLE_GCM_USER""]",430.972,,40.0,670.3070068359375,False,2026-06-08 20:05:28,290.20001220703125,0.0,False,2.315000057220459,154.0,https://s3.amazonaws.com/garmin-connect-prod/profile_images/6dd3e63b-1cf6-47dd-a308-0af6c5311562-prth.png,797.685,1950.7559814453125,396.0,False,,1,True,https://s3.amazonaws.com/garmin-connect-prod/profile_images/6dd3e63b-1cf6-47dd-a308-0af6c5311562-prof.png,-3.0131573136895895,True,17,62.0,-5,IMPROVING_AEROBIC_BASE_8,403.63800048828125,,10,4d294da0-1d36-44c4-a103-1eeaab5f58df,62.20000076293945,43.0,False,False,[],running,False,False,152.71875,87.42878723144531,766.841,165.0,False,178.0,False,False,243.0,20.999,4516.16015625,False,NO_ANAEROBIC_BENEFIT_0,False,1940.0,GARMIN,90.02000122070314,Macayla,False,9,37.5149154741296,53.0,865c1e09-d4ed-40e6-81f7-e3ed5fc2530c,165.0,143.201,2.54800009727478,159,uncategorized,,,53.35458755493164,False,210.975,336.0,False,,2038.16796875,subscribers,False,2026-06-08 19:31:30,False,AEROBIC_BASE,227.0,1,Wirral,,5,"[{""noOfSplits"": 4, ""totalAscent"": 0.0, ""duration"": 4.2220001220703125, ""splitType"": ""RWD_STAND"", ""numClimbSends"": 0, ""maxElevationGain"": 0.0, ""averageElevationGain"": 0.0, ""maxDistance"": 2, ""distance"": 2.9000000953674316, ""averageSpeed"": 0.6869999766349792, ""maxSpeed"": 0.0, ""numFalls"": 0, ""elevationLoss"": 0.0}, {""noOfSplits"": 1, ""totalAscent"": 53.0, ""duration"": 1950.7559814453125, ""splitType"": ""INTERVAL_ACTIVE"", ""numClimbSends"": 0, ""maxElevationGain"": 53.0, ""averageElevationGain"": 53.0, ""maxDistance"": 4514, ""distance"": 4516.10986328125, ""averageSpeed"": 2.315000057220459, ""maxSpeed"": 2.5480000972747803, ""numFalls"": 0, ""elevationLoss"": 62.0}, {""noOfSplits"": 3, ""totalAscent"": 49.0, ""duration"": 1767.9649658203125, ""splitType"": ""RWD_RUN"", ""numClimbSends"": 0, ""maxElevationGain"": 22.0, ""averageElevationGain"": 16.0, ""maxDistance"": 1989, ""distance"": 4272.77001953125, ""averageSpeed"": 2.4170000553131104, ""maxSpeed"": 2.5480000972747803, ""numFalls"": 0, ""elevationLoss"": 59.0}, {""noOfSplits"": 7, ""totalAscent"": 3.0, ""duration"": 178.23500061035156, ""splitType"": ""RWD_WALK"", ""numClimbSends"": 0, ""maxElevationGain"": 3.0, ""averageElevationGain"": 1.0, ""maxDistance"": 194, ""distance"": 240.47000122070312, ""averageSpeed"": 1.3489999771118164, ""maxSpeed"": 1.996999979019165, ""numFalls"": 0, ""elevationLoss"": 3.0}]",5028,1780947090000,Wirral - Base,3.200000047683716,2026-06-08 20:31:30,,31.0,,305.0,23179886891,False,False,,-3.0009550228714943,3624601887,True,31,0.8000030517578125,13.600000381469727,1,8.65,143088564,False,,False,53.36110046133399,False,959.031
3,False,1303.31103515625,False,,False,0.0,,https://s3.amazonaws.com/garmin-connect-prod/profile_images/6dd3e63b-1cf6-47dd-a308-0af6c5311562-prfr.png,False,,,"[""SCOPE_ATP_READ"", ""SCOPE_COMMUNITY_COURSE_ADMIN_READ"", ""SCOPE_GCX_KID_WRITE"", ""SCOPE_DT_ACTIVE_INTELLIGENCE_READ"", ""SCOPE_COMMUNITY_COURSE_WRITE"", ""SCOPE_GCX_KID_ADMIN_READ"", ""SCOPE_CONNECT_WEB_TEMPLATE_RENDER"", ""SCOPE_ACTIVITY_DETECTION_READ"", ""SCOPE_OMT_SUBSCRIPTION_ADMIN_READ"", ""SCOPE_DI_OAUTH_2_MANAGED_STATUS_ADMIN_WRITE"", ""SCOPE_CONNECT_READ"", ""SCOPE_GCX_PET_READ"", ""SCOPE_GOLF_API_READ"", ""SCOPE_DI_OAUTH_2_DEVICE_REVOCATION_WRITE"", ""SCOPE_GCX_PET_WRITE"", ""SCOPE_DI_OAUTH_2_CREATE_DI_USER"", ""SCOPE_DIVE_API_WRITE"", ""SCOPE_DIVE_API_READ"", ""SCOPE_DI_OAUTH_2_CLIENT_READ"", ""SCOPE_CONNECT_WRITE"", ""SCOPE_CONNECT_MCT_DAILY_LOG_READ"", ""SCOPE_CONNECT_API_CREATE_UPDATE_USER"", ""SCOPE_MESSAGE_GENERATION_READ"", ""SCOPE_DI_OAUTH_2_CLIENT_REVOCATION_ADMIN"", ""SCOPE_GCX_PET_ADMIN_READ"", ""SCOPE_CONNECT_NON_SOCIAL_SHARED_READ"", ""SCOPE_DI_OAUTH_2_PRERELEASE_PERMISSIONS_ADMIN_WRITE"", ""SCOPE_DI_OAUTH_2_TOKEN_ADMIN"", ""SCOPE_ATP_WRITE"", ""SCOPE_GCX_KID_READ"", ""ROLE_CONNECTUSER"", ""ROLE_FITNESS_USER"", ""ROLE_WELLNESS_USER"", ""ROLE_GARMIN_USER"", ""ROLE_GCM_USER""]",,22,27.0,,False,2026-06-08 14:24:28,,0.4000000059604645,False,0.0,119.0,https://s3.amazonaws.com/garmin-connect-prod/profile_images/6dd3e63b-1cf6-47dd-a308-0af6c5311562-prth.png,2.889,1303.31103515625,201.0,False,,10,False,https://s3.amazonaws.com/garmin-connect-prod/profile_images/6dd3e63b-1cf6-47dd-a308-0af6c5311562-prof.png,,False,29,,-2,MINOR_AEROBIC_BENEFIT_6,,92,10,4d294da0-1d36-44c4-a103-1eeaab5f58df,,,False,False,[],strength_training,False,False,,21.813735961914062,,,False,160.0,False,False,,498.349,0.0,False,NO_ANAEROBIC_BENEFIT_0,False,846.2100219726562,GARMIN,,Macayla,True,9,,,b2c1da0d-b6d5-4df4-9d68-6b59c50199c0,,422.663,,159,uncategorized,22,,,False,,,False,,1303.31103515625,subscribers,False,2026-06-08 14:02:45,False,AEROBIC_BASE,,16,,"[{""category"": ""PLANK"", ""subCategory"": ""PLANK_WITH_OBLIQUE_CRUNCH"", ""reps"": 0, ""volume"": 0, ""duration"": 120000.0, ""sets"": 3, ""maxWeight"": 0}, {""category"": ""CALF_RAISE"", ""subCategory"": ""STANDING_CALF_RAISE"", ""reps"": 14, ""volume"": 0, ""duration"": 120000.0, ""sets"": 3, ""maxWeight"": 0}, {""category"": ""PLYO"", ""subCategory"": ""BODY_WEIGHT_JUMP_SQUAT"", ""reps"": 27, ""volume"": 0, ""duration"": 120000.0, ""sets"": 3, ""maxWeight"": 0}, {""category"": ""LUNGE"", ""subCategory"": ""LUNGE"", ""reps"": 21, ""volume"": 0, ""duration"": 120000.0, ""sets"": 3, ""maxWeight"": 0}, {""category"": ""PLANK"", ""subCategory"": ""MOUNTAIN_CLIMBER"", ""reps"": 26, ""volume"": 0, ""duration"": 120000.0, ""sets"": 3, ""maxWeight"": 0}, {""category"": ""UNKNOWN"", ""reps"": 0, ""volume"": 0, ""duration"": 6210.000038146973, ""sets"": 1, ""maxWeight"": 0}, {""category"": ""HIP_RAISE"", ""subCategory"": ""SINGLE_LEG_HIP_RAISE"", ""reps"": 4, ""volume"": 0, ""duration"": 240000.0, ""sets"": 6, ""maxWeight"": 0}]",1,"[{""noOfSplits"": 21, ""duration"": 463.27099609375, ""splitType"": ""INTERVAL_REST"", ""numClimbSends"": 0, ""maxDistance"": 0, ""distance"": 0.0, ""averageSpeed"": 0.0, ""numFalls"": 0}, {""noOfSplits"": 21, ""duration"": 840.0, ""splitType"": ""INTERVAL_ACTIVE"", ""numClimbSends"": 0, ""maxDistance"": 0, ""distance"": 0.0, ""averageSpeed"": 0.0, ""numFalls"": 0}]",184,1780927365000,Total Body Circuit 2,1.399999976158142,2026-06-08 15:02:45,,,,127.0,23175598881,False,False,,,3624601887,False,3,,,13,,143088564,False,,False,,False,151.662
3,False,537.8980102539062,False,,False,0.0,,https://s3.amazonaws.com/garmin-connect-prod/profile_images/6dd3e63b-1cf6-47dd-a308-0af6c5311562-prfr.png,False,,,"[""SCOPE_ATP_READ"", ""SCOPE_COMMUNITY_COURSE_ADMIN_READ"", ""SCOPE_GCX_KID_WRITE"", ""SCOPE_DT_ACTIVE_INTELLIGENCE_READ"", ""SCOPE_COMMUNITY_COURSE_WRITE"", ""SCOPE_GCX_KID_ADMIN_READ"", ""SCOPE_CONNECT_WEB_TEMPLATE_RENDER"", ""SCOPE_ACTIVITY_DETECTION_READ"", ""SCOPE_OMT_SUBSCRIPTION_ADMIN_READ"", ""SCOPE_DI_OAUTH_2_MANAGED_STATUS_ADMIN_WRITE"", ""SCOPE_CONNECT_READ"", ""SCOPE_GCX_PET_READ"", ""SCOPE_GOLF_API_READ"", ""SCOPE_DI_OAUTH_2_DEVICE_REVOCATION_WRITE"", ""SCOPE_GCX_PET_WRITE"", ""SCOPE_DI_OAUTH_2_CREATE_DI_USER"", ""SCOPE_DIVE_API_WRITE"", ""SCOPE_DIVE_API_READ"", ""SCOPE_DI_OAUTH_2_CLIENT_READ"", ""SCOPE_CONNECT_WRITE"", ""SCOPE_CONNECT_MCT_DAILY_LOG_READ"", ""SCOPE_CONNECT_API_CREATE_UPDATE_USER"", ""SCOPE_MESSAGE_GENERATION_READ"", ""SCOPE_DI_OAUTH_2_CLIENT_REVOCATION_ADMIN"", ""SCOPE_GCX_PET_ADMIN_READ"", ""SCOPE_CONNECT_NON_SOCIAL_SHARED_READ"", ""SCOPE_DI_OAUTH_2_PRERELEASE_PERMISSIONS_ADMIN_WRITE"", ""SCOPE_DI_OAUTH_2_TOKEN_ADMIN"", ""SCOPE_ATP_WRITE"", ""SCOPE_GCX_KID_READ"", ""ROLE_CONNECTUSER"", ""ROLE_FITNESS_USER"", ""ROLE_WELLNESS_USER"", ""ROLE_GARMIN_USER"", ""ROLE_GCM_USER""]",,,185.0,,False,2026-06-04 11:22:34,,0.0,False,0.5899999737739563,86.0,https://s3.amazonaws.com/garmin-connect-prod/profile_images/6dd3e63b-1cf6-47dd-a308-0af6c5311562-prth.png,0.0,9115.5615234375,1262.0,False,,11,False,https://s3.amazonaws.com/garmin-connect-prod/profile_images/6dd3e63b-1cf6-47dd-a308-0af6c5311562-prof.png,2.6457945071160793,True,17,41.0,-15,RECOVERY_5,,,10,4d294da0-1d36-44c4-a103-1eeaab5f58df,30.600000381469727,43.0,False,False,[],walking,False,False,38.421875,3.1216278076171875,,214.0,False,136.0,False,False,,588.898,5380.18017578125,False,NO_ANAEROBIC_BENEFIT_0,False,4622.0,GARMIN,93.04655628871018,Macayla,False,9,22.164172856652883,53.0,b1405cdc-cb21-44fb-9528-ed6a30c5f23e,214.0,85.001,1.9869999885559082,124,uncategorized,,,39.56977522931993,False,,,False,,13800.99609375,subscribers,False,2026-06-04 07:32:34,False,RECOVERY,,12,Palma,,6,[],8678,1780558354000,Palma Walking,0.20000000298023224,2026-06-04 09:32:34,,,,420.0,23130324440,False,False,,2.64969477429986,3624601887,True,0,0.40000152587890625,3.5999999046325684,9,,143088564,False,,False,39.56727918237448,False,0.0
3,False,176.4949951171875,False,2.299999952316284,False,204.778,470497611,https://s3.amazonaws.com/garmin-connect-prod/profile_images/6dd3e63b-1cf6-47dd-a308-0af6c5311562-prfr.png,False,9.59000015258789,265.985,"[""SCOPE_ATP_READ"", ""SCOPE_COMMUNITY_COURSE_ADMIN_READ"", ""SCOPE_GCX_KID_WRITE"", ""SCOPE_DT_ACTIVE_INTELLIGENCE_READ"", ""SCOPE_COMMUNITY_COURSE_WRITE"", ""SCOPE_GCX_KID_ADMIN_READ"", ""SCOPE_CONNECT_WEB_TEMPLATE_RENDER"", ""SCOPE_ACTIVITY_DETECTION_READ"", ""SCOPE_OMT_SUBSCRIPTION_ADMIN_READ"", ""SCOPE_DI_OAUTH_2_MANAGED_STATUS_ADMIN_WRITE"", ""SCOPE_CONNECT_READ"", ""SCOPE_GCX_PET_READ"", ""SCOPE_GOLF_API_READ"", ""SCOPE_DI_OAUTH_2_DEVICE_REVOCATION_WRITE"", ""SCOPE_GCX_PET_WRITE"", ""SCOPE_DI_OAUTH_2_CREATE_DI_USER"", ""SCOPE_DIVE_API_WRITE"", ""SCOPE_DIVE_API_READ"", ""SCOPE_DI_OAUTH_2_CLIENT_READ"", ""SCOPE_CONNECT_WRITE"", ""SCOPE_CONNECT_MCT_DAILY_LOG_READ"", ""SCOPE_CONNECT_API_CREATE_UPDATE_USER"", ""SCOPE_MESSAGE_GENERATION_READ"", ""SCOPE_DI_OAUTH_2_CLIENT_REVOCATION_ADMIN"", ""SCOPE_GCX_PET_ADMIN_READ"", ""SCOPE_CONNECT_NON_SOCIAL_SHARED_READ"", ""SCOPE_DI_OAUTH_2_PRERELEASE_PERMISSIONS_ADMIN_WRITE"", ""SCOPE_DI_OAUTH_2_TOKEN_ADMIN"", ""SCOPE_ATP_WRITE"", ""SCOPE_GCX_KID_READ"", ""ROLE_CONNECTUSER"", ""ROLE_FITNESS_USER"", ""ROLE_WELLNESS_USER"", ""ROLE_GARMIN_USER"", ""ROLE_GCM_USER""]",405.474,,47.0,701.3389892578125,False,2026-06-03 16:07:09,292.8999938964844,0.10000000149011612,False,2.190999984741211,164.0,https://s3.amazonaws.com/garmin-connect-prod/profile_images/6dd3e63b-1cf6-47dd-a308-0af6c5311562-prth.png,1510.904,2294.427001953125,633.0,False,,1,True,https://s3.amazonaws.com/garmin-connect-prod/profile_images/6dd3e63b-1cf6-47dd-a308-0af6c5311562-prof.png,2.57812287658453,True,17,128.0,-6,IMPACTING_TEMPO_22,414.6080017089844,,10,4d294da0-1d36-44c4-a103-1eeaab5f58df,65.5999984741211,43.0,False,False,[],running,False,False,146.765625,111.204833984375,501.979,224.0,False,183.0,False,False,247.0,4.024,5027.0400390625,False,NO_ANAEROBIC_BENEFIT_0,False,2269.5549926757812,GARMIN,87.25999755859375,Macayla,False,9,31.2027898941647,132.0,a8990700-3f61-4b73-8a74-25ea3903fdb4,224.0,70.54,2.7730000019073486,124,uncategorized,,,39.53587076626718,False,302.009,384.0,False,,2480.80908203125,subscribers,False,2026-06-03 15:25:49,False,TEMPO,224.0,2,Calvià,,6,"[{""noOfSplits"": 12, ""totalAscent"": 39.0, ""duration"": 374.385986328125, ""splitType"": ""RWD_WALK"", ""numClimbSends"": 0, ""maxElevationGain"": 18.0, ""averageElevationGain"": 4.0, ""maxDistance"": 253, ""distance"": 576.2100219726562, ""averageSpeed"": 1.5390000343322754, ""maxSpeed"": 2.184000015258789, ""numFalls"": 0, ""elevationLoss"": 0.0}, {""noOfSplits"": 7, ""totalAscent"": 93.0, ""duration"": 1907.56494140625, ""splitType"": ""RWD_RUN"", ""numClimbSends"": 0, ""maxElevationGain"": 51.0, ""averageElevationGain"": 13.0, ""maxDistance"": 1859, ""distance"": 4441.14013671875, ""averageSpeed"": 2.328000068664551, ""maxSpeed"": 2.7730000019073486, ""numFalls"": 0, ""elevationLoss"": 128.0}, {""noOfSplits"": 1, ""totalAscent"": 132.0, ""duration"": 2294.427001953125, ""splitType"": ""INTERVAL_ACTIVE"", ""numClimbSends"": 0, ""maxElevationGain"": 132.0, ""averageElevationGain"": 132.0, ""maxDistance"": 5019, ""distance"": 5026.18017578125, ""averageSpeed"": 2.190999984741211, ""maxSpeed"": 2.7730000019073486, ""numFalls"": 0, ""elevationLoss"": 128.0}, {""noOfSplits"": 5, ""totalAscent"": 0.0, ""duration"": 12.395000457763672, ""splitType"": ""RWD_STAND"", ""numClimbSends"": 0, ""maxElevationGain"": 0.0, ""averageElevationGain"": 0.0, ""maxDistance"": 6, ""distance"": 10.029999732971191, ""averageSpeed"": 0.8090000152587891, ""maxSpeed"": 0.0, ""numFalls"": 0, ""elevationLoss"": 0.0}]",5710,1780500349000,Calvià - Base,3.4000000953674316,2026-06-03 17:25:49,,226.002,2456.989990234375,368.0,23117560140,False,False,,2.5784336775541306,3624601887,True,39,0.8000011444091798,1.399999976158142,1,8.35,143088564,False,,False,39.535709749907255,False,464.841
3,False,36.73699951171875,False,0.3179999887943268,False,226.001,,https://s3.amazonaws.com/garmin-connect-prod/profile_images/6dd3e63b-1cf6-47dd-a308-0af6c5311562-prfr.png,False,9.329999923706055,1.0,"[""SCOPE_ATP_READ"", ""SCOPE_COMMUNITY_COURSE_ADMIN_READ"", ""SCOPE_GCX_KID_WRITE"", ""SCOPE_DT_ACTIVE_INTELLIGENCE_READ"", ""SCOPE_COMMUNITY_COURSE_WRITE"", ""SCOPE_GCX_KID_ADMIN_READ"", ""SCOPE_CONNECT_WEB_TEMPLATE_RENDER"", ""SCOPE_ACTIVITY_DETECTION_READ"", ""SCOPE_OMT_SUBSCRIPTION_ADMIN_READ"", ""SCOPE_DI_OAUTH_2_MANAGED_STATUS_ADMIN_WRITE"", ""SCOPE_CONNECT_READ"", ""SCOPE_GCX_PET_READ"", ""SCOPE_GOLF_API_READ"", ""SCOPE_DI_OAUTH_2_DEVICE_REVOCATION_WRITE"", ""SCOPE_GCX_PET_WRITE"", ""SCOPE_DI_OAUTH_2_CREATE_DI_USER"", ""SCOPE_DIVE_API_WRITE"", ""SCOPE_DIVE_API_READ"", ""SCOPE_DI_OAUTH_2_CLIENT_READ"", ""SCOPE_CONNECT_WRITE"", ""SCOPE_CONNECT_MCT_DAILY_LOG_READ"", ""SCOPE_CONNECT_API_CREATE_UPDATE_USER"", ""SCOPE_MESSAGE_GENERATION_READ"", ""SCOPE_DI_OAUTH_2_CLIENT_REVOCATION_ADMIN"", ""SCOPE_GCX_PET_ADMIN_READ"", ""SCOPE_CONNECT_NON_SOCIAL_SHARED_READ"", ""SCOPE_DI_OAUTH_2_PRERELEASE_PERMISSIONS_ADMIN_WRITE"", ""SCOPE_DI_OAUTH_2_TOKEN_ADMIN"", ""SCOPE_ATP_WRITE"", ""SCOPE_GCX_KID_READ"", ""ROLE_CONNECTUSER"", ""ROLE_FITNESS_USER"", ""ROLE_WELLNESS_USER"", ""ROLE_GARMIN_USER"", ""ROLE_GCM_USER""]",24.995,,115.0,2821.52294921875,False,2026-05-31 18:02:05,319.79998779296875,3.200000047683716,False,0.531000018119812,151.0,https://s3.amazonaws.com/garmin-connect-prod/profile_images/6dd3e63b-1cf6-47dd-a308-0af6c5311562-prth.png,1822.984,5670.2587890625,79.0,False,,1,True,https://s3.amazonaws.com/garmin-connect-prod/profile_images/6dd3e63b-1cf6-47dd-a308-0af6c5311562-prof.png,-3.0933223385363817,True,17,27.0,-15,IMPROVING_AEROBIC_ENDURANCE_9,1683.9000244140625,,10,4d294da0-1d36-44c4-a103-1eeaab5f58df,7.599999904632568,,False,False,[],running,False,False,23.59375,234.29086303710938,42.997,250.0,False,186.0,False,False,41.0,103.0,3008.570068359375,False,IMPROVING_ANAEROBIC_CAPACITY_AND_SPEED_12,False,1304.0,GARMIN,75.87000122070313,Macayla,False,9,-0.70098765950512,23.0,fcdf3f95-586c-4f5c-a464-b52cdb0c55ef,250.0,1365.262,2.9489998817443843,159,uncategorized,,,53.41202010400593,False,8.002,335.0,False,,9022.23828125,subscribers,False,2026-05-31 15:31:43,False,SPEED,14.0,48,Wirral,,4,"[{""noOfSplits"": 1, ""totalAscent"": 2300.0, ""duration"": 5670.2587890625, ""splitType"": ""INTERVAL_ACTIVE"", ""numClimbSends"": 0, ""maxElevationGain"": 2300.0, ""averageElevationGain"": 2300.0, ""maxDistance"": 3008, ""distance"": 3008.570068359375, ""averageSpeed"": 0.531000018119812, ""maxSpeed"": 2.9489998817443848, ""numFalls"": 0, ""elevationLoss"": 27.0}, {""noOfSplits"": 228, ""totalAscent"": 1700.0, ""duration"": 2395.198974609375, ""splitType"": ""RWD_WALK"", ""numClimbSends"": 0, ""maxElevationGain"": 200.0, ""averageElevationGain"": 0.0, ""maxDistance"": 50, ""distance"": 1241.3299560546875, ""averageSpeed"": 0.5180000066757202, ""maxSpeed"": 2.2019999027252197, ""numFalls"": 0, ""elevationLoss"": 21.0}, {""noOfSplits"": 89, ""totalAscent"": 600.0, ""duration"": 862.0029907226562, ""splitType"": ""RWD_RUN"", ""numClimbSends"": 0, ""maxElevationGain"": 200.0, ""averageElevationGain"": 0.0, ""maxDistance"": 29, ""distance"": 561.1900024414062, ""averageSpeed"": 0.6510000228881836, ""maxSpeed"": 2.9489998817443848, ""numFalls"": 0, ""elevationLoss"": 7.0}, {""noOfSplits"": 196, ""totalAscent"": 0.0, ""duration"": 2413.01904296875, ""splitType"": ""RWD_STAND"", ""numClimbSends"": 0, ""maxElevationGain"": 0.0, ""averageElevationGain"": 0.0, ""maxDistance"": 47, ""distance"": 1216.530029296875, ""averageSpeed"": 0.5040000081062317, ""maxSpeed"": 0.0, ""numFalls"": 0, ""elevationLoss"": 0.0}]",5224,1780241503000,Wirral Running,3.799999952316284,2026-05-31 16:31:43,,0.999,,720.0,23083330707,False,False,COMPLETE,-3.093374725431204,3624601887,True,52,0.40000009536743164,-4.800000190734863,1,5.429999923706055,143088564,False,,False,53.41207073070109,False,2124.495
3,False,38.13600158691406,False,2.7009999752044678,False,747.837,,https://s3.amazonaws.com/garmin-connect-prod/profile_images/6dd3e63b-1cf6-47dd-a308-0af6c5311562-prfr.png,False,9.260000228881836,916.813,"[""SCOPE_ATP_READ"", ""SCOPE_COMMUNITY_COURSE_ADMIN_READ"", ""SCOPE_GCX_KID_WRITE"", ""SCOPE_DT_ACTIVE_INTELLIGENCE_READ"", ""SCOPE_COMMUNITY_COURSE_WRITE"", ""SCOPE_GCX_KID_ADMIN_READ"", ""SCOPE_CONNECT_WEB_TEMPLATE_RENDER"", ""SCOPE_ACTIVITY_DETECTION_READ"", ""SCOPE_OMT_SUBSCRIPTION_ADMIN_READ"", ""SCOPE_DI_OAUTH_2_MANAGED_STATUS_ADMIN_WRITE"", ""SCOPE_CONNECT_READ"", ""SCOPE_GCX_PET_READ"", ""SCOPE_GOLF_API_READ"", ""SCOPE_DI_OAUTH_2_DEVICE_REVOCATION_WRITE"", ""SCOPE_GCX_PET_WRITE"", ""SCOPE_DI_OAUTH_2_CREATE_DI_USER"", ""SCOPE_DIVE_API_WRITE"", ""SCOPE_DIVE_API_READ"", ""SCOPE_DI_OAUTH_2_CLIENT_READ"", ""SCOPE_CONNECT_WRITE"", ""SCOPE_CONNECT_MCT_DAILY_LOG_READ"", ""SCOPE_CONNECT_API_CREATE_UPDATE_USER"", ""SCOPE_MESSAGE_GENERATION_READ"", ""SCOPE_DI_OAUTH_2_CLIENT_REVOCATION_ADMIN"", ""SCOPE_GCX_PET_ADMIN_READ"", ""SCOPE_CONNECT_NON_SOCIAL_SHARED_READ"", ""SCOPE_DI_OAUTH_2_PRERELEASE_PERMISSIONS_ADMIN_WRITE"", ""SCOPE_DI_OAUTH_2_TOKEN_ADMIN"", ""SCOPE_ATP_WRITE"", ""SCOPE_GCX_KID_READ"", ""ROLE_CONNECTUSER"", ""ROLE_FITNESS_USER"", ""ROLE_WELLNESS_USER"", ""ROLE_GARMIN_USER"", ""ROLE_GCM_USER""]",833.739,,76.0,575.7050170898438,False,2026-05-31 09:19:08,278.1000061035156,0.0,False,2.7060000896453853,172.0,https://s3.amazonaws.com/garmin-connect-prod/profile_images/6dd3e63b-1cf6-47dd-a308-0af6c5311562-prth.png,2660.952,3735.384033203125,1000.0,False,,1,True,https://s3.amazonaws.com/garmin-connect-prod/profile_images/6dd3e63b-1cf6-47dd-a308-0af6c5311562-prof.png,-3.0535537283867598,True,17,45.0,-18,OVERREACHING_14,354.72900390625,,10,4d294da0-1d36-44c4-a103-1eeaab5f58df,15.0,43.0,False,False,[],running,False,False,162.453125,280.7854309082031,9.001,172.0,False,189.0,False,False,272.0,14.0,10107.6796875,False,NO_ANAEROBIC_BENEFIT_0,False,3732.9110107421875,GARMIN,99.45999755859376,Macayla,False,9,6.373601068877472,46.0,76b10f3a-62d9-4997-af92-29129733f277,172.0,25.002,3.061000108718872,159,uncategorized,,,53.440387984737754,False,1759.256,382.0,False,3697.658935546875,3736.279052734375,subscribers,False,2026-05-31 08:16:52,False,LACTATE_THRESHOLD,268.0,2,Wirral,,11,"[{""noOfSplits"": 3, ""totalAscent"": 46.0, ""duration"": 3733.304931640625, ""splitType"": ""RWD_RUN"", ""numClimbSends"": 0, ""maxElevationGain"": 30.0, ""averageElevationGain"": 23.0, ""maxDistance"": 8420, ""distance"": 10102.6796875, ""averageSpeed"": 2.7060000896453857, ""maxSpeed"": 3.061000108718872, ""numFalls"": 0, ""elevationLoss"": 45.0}, {""noOfSplits"": 4, ""totalAscent"": 0.0, ""duration"": 1.9989999532699585, ""splitType"": ""RWD_WALK"", ""numClimbSends"": 0, ""maxElevationGain"": 0.0, ""averageElevationGain"": 0.0, ""maxDistance"": 4, ""distance"": 4.929999828338623, ""averageSpeed"": 2.4660000801086426, ""maxSpeed"": 2.0339999198913574, ""numFalls"": 0, ""elevationLoss"": 0.0}, {""noOfSplits"": 1, ""totalAscent"": 46.0, ""duration"": 3735.384033203125, ""splitType"": ""INTERVAL_ACTIVE"", ""numClimbSends"": 0, ""maxElevationGain"": 46.0, ""averageElevationGain"": 46.0, ""maxDistance"": 10107, ""distance"": 10107.58984375, ""averageSpeed"": 2.7060000896453857, ""maxSpeed"": 3.061000108718872, ""numFalls"": 0, ""elevationLoss"": 45.0}]",10108,1780215412000,Wirral Running,5.0,2026-05-31 09:16:52,,202.978,1832.58203125,670.0,23076636203,False,False,,-3.0536807980388403,3624601887,True,60,1.3999996185302734,-1.2000000476837158,1,9.20999984741211,143088564,False,,False,53.4404253680259,False,259.997
3,False,1.930999994277954,False,,False,0.0,,https://s3.amazonaws.com/garmin-connect-prod/profile_images/6dd3e63b-1cf6-47dd-a308-0af6c5311562-prfr.png,False,,,"[""SCOPE_ATP_READ"", ""SCOPE_COMMUNITY_COURSE_ADMIN_READ"", ""SCOPE_GCX_KID_WRITE"", ""SCOPE_DT_ACTIVE_INTELLIGENCE_READ"", ""SCOPE_COMMUNITY_COURSE_WRITE"", ""SCOPE_GCX_KID_ADMIN_READ"", ""SCOPE_CONNECT_WEB_TEMPLATE_RENDER"", ""SCOPE_ACTIVITY_DETECTION_READ"", ""SCOPE_OMT_SUBSCRIPTION_ADMIN_READ"", ""SCOPE_DI_OAUTH_2_MANAGED_STATUS_ADMIN_WRITE"", ""SCOPE_CONNECT_READ"", ""SCOPE_GCX_PET_READ"", ""SCOPE_GOLF_API_READ"", ""SCOPE_DI_OAUTH_2_DEVICE_REVOCATION_WRITE"", ""SCOPE_GCX_PET_WRITE"", ""SCOPE_DI_OAUTH_2_CREATE_DI_USER"", ""SCOPE_DIVE_API_WRITE"", ""SCOPE_DIVE_API_READ"", ""SCOPE_DI_OAUTH_2_CLIENT_READ"", ""SCOPE_CONNECT_WRITE"", ""SCOPE_CONNECT_MCT_DAILY_LOG_READ"", ""SCOPE_CONNECT_API_CREATE_UPDATE_USER"", ""SCOPE_MESSAGE_GENERATION_READ"", ""SCOPE_DI_OAUTH_2_CLIENT_REVOCATION_ADMIN"", ""SCOPE_GCX_PET_ADMIN_READ"", ""SCOPE_CONNECT_NON_SOCIAL_SHARED_READ"", ""SCOPE_DI_OAUTH_2_PRERELEASE_PERMISSIONS_ADMIN_WRITE"", ""SCOPE_DI_OAUTH_2_TOKEN_ADMIN"", ""SCOPE_ATP_WRITE"", ""SCOPE_GCX_KID_READ"", ""ROLE_CONNECTUSER"", ""ROLE_FITNESS_USER"", ""ROLE_WELLNESS_USER"", ""ROLE_GARMIN_USER"", ""ROLE_GCM_USER""]",,,190.0,,False,2026-05-29 17:17:31,,0.0,False,0.5360000133514404,77.0,https://s3.amazonaws.com/garmin-connect-prod/profile_images/6dd3e63b-1cf6-47dd-a308-0af6c5311562-prth.png,0.0,9351.34375,1188.0,False,,11,False,https://s3.amazonaws.com/garmin-connect-prod/profile_images/6dd3e63b-1cf6-47dd-a308-0af6c5311562-prof.png,-2.8858194407075644,True,17,48.0,-9,NO_AEROBIC_BENEFIT_18,,,10,4d294da0-1d36-44c4-a103-1eeaab5f58df,47.599998474121094,,False,False,[],walking,False,False,15.40625,2.879180908203125,,158.0,False,111.0,False,False,,306.09,5010.68994140625,False,NO_ANAEROBIC_BENEFIT_0,False,3846.0,GARMIN,241.44482445846566,Macayla,False,9,41.30465190962105,47.0,c23cfc0e-d2f1-4ad7-9b48-2db729c6606a,158.0,0.0,13.062999725341797,159,uncategorized,,,53.22614947333932,False,,,False,,9351.34375,subscribers,False,2026-05-29 14:41:40,False,UNKNOWN,,7,Cheshire West and Chester,,6,[],4632,1780065700000,Cheshire West and Chester Walking,0.20000000298023224,2026-05-29 15:41:40,,,,352.0,23058402308,False,False,COMPLETE,-2.8930251952260733,3624601887,True,0,0.7000007629394531,34.79999923706055,9,,143088564,False,,False,53.22592475451529,False,0.0
3,False,4172.5517578125,False,,False,126.997,,https://s3.amazonaws.com/garmin-connect-prod/profile_images/6dd3e63b-1cf6-47dd-a308-0af6c5311562-prfr.png,False,,,"[""SCOPE_ATP_READ"", ""SCOPE_COMMUNITY_COURSE_ADMIN_READ"", ""SCOPE_GCX_KID_WRITE"", ""SCOPE_DT_ACTIVE_INTELLIGENCE_READ"", ""SCOPE_COMMUNITY_COURSE_WRITE"", ""SCOPE_GCX_KID_ADMIN_READ"", ""SCOPE_CONNECT_WEB_TEMPLATE_RENDER"", ""SCOPE_ACTIVITY_DETECTION_READ"", ""SCOPE_OMT_SUBSCRIPTION_ADMIN_READ"", ""SCOPE_DI_OAUTH_2_MANAGED_STATUS_ADMIN_WRITE"", ""SCOPE_CONNECT_READ"", ""SCOPE_GCX_PET_READ"", ""SCOPE_GOLF_API_READ"", ""SCOPE_DI_OAUTH_2_DEVICE_REVOCATION_WRITE"", ""SCOPE_GCX_PET_WRITE"", ""SCOPE_DI_OAUTH_2_CREATE_DI_USER"", ""SCOPE_DIVE_API_WRITE"", ""SCOPE_DIVE_API_READ"", ""SCOPE_DI_OAUTH_2_CLIENT_READ"", ""SCOPE_CONNECT_WRITE"", ""SCOPE_CONNECT_MCT_DAILY_LOG_READ"", ""SCOPE_CONNECT_API_CREATE_UPDATE_USER"", ""SCOPE_MESSAGE_GENERATION_READ"", ""SCOPE_DI_OAUTH_2_CLIENT_REVOCATION_ADMIN"", ""SCOPE_GCX_PET_ADMIN_READ"", ""SCOPE_CONNECT_NON_SOCIAL_SHARED_READ"", ""SCOPE_DI_OAUTH_2_PRERELEASE_PERMISSIONS_ADMIN_WRITE"", ""SCOPE_DI_OAUTH_2_TOKEN_ADMIN"", ""SCOPE_ATP_WRITE"", ""SCOPE_GCX_KID_READ"", ""ROLE_CONNECTUSER"", ""ROLE_FITNESS_USER"", ""ROLE_WELLNESS_USER"", ""ROLE_GARMIN_USER"", ""ROLE_GCM_USER""]",,,85.0,,False,2026-05-24 17:04:47,,3.5,False,0.15800000727176666,142.0,https://s3.amazonaws.com/garmin-connect-prod/profile_images/6dd3e63b-1cf6-47dd-a308-0af6c5311562-prth.png,618.99,4172.5517578125,780.0,False,,6,False,https://s3.amazonaws.com/garmin-connect-prod/profile_images/6dd3e63b-1cf6-47dd-a308-0af6c5311562-prof.png,,False,206,,-15,IMPROVING_AEROBIC_FITNESS_2,,,10,4d294da0-1d36-44c4-a103-1eeaab5f58df,,,False,False,[],basketball,False,False,22.140625,237.4076690673828,,250.0,False,192.0,False,False,,340.999,660.4199829101562,False,IMPROVING_ANAEROBIC_CAPACITY_AND_SPEED_12,False,411.0,GARMIN,42.892350598052836,Macayla,False,9,,,c31777dc-8218-446f-bec1-7b45942489d7,250.0,1601.548,10.991999626159666,159,uncategorized,,,,False,,,False,,7511.0517578125,subscribers,False,2026-05-24 14:59:36,False,SPEED,,56,,,1,[],3276,1779634776000,Netball,3.799999952316284,2026-05-24 15:59:36,,,,416.0,22998313299,False,False,,,3624601887,True,20,,,217,,143088564,False,,False,,False,1453.345
3,False,351.0880126953125,False,2.3949999809265137,False,0.0,,https://s3.amazonaws.com/garmin-connect-prod/profile_images/6dd3e63b-1cf6-47dd-a308-0af6c5311562-prfr.png,False,9.420000076293945,157.992,"[""SCOPE_ATP_READ"", ""SCOPE_COMMUNITY_COURSE_ADMIN_READ"", ""SCOPE_GCX_KID_WRITE"", ""SCOPE_DT_ACTIVE_INTELLIGENCE_READ"", ""SCOPE_COMMUNITY_COURSE_WRITE"", ""SCOPE_GCX_KID_ADMIN_READ"", ""SCOPE_CONNECT_WEB_TEMPLATE_RENDER"", ""SCOPE_ACTIVITY_DETECTION_READ"", ""SCOPE_OMT_SUBSCRIPTION_ADMIN_READ"", ""SCOPE_DI_OAUTH_2_MANAGED_STATUS_ADMIN_WRITE"", ""SCOPE_CONNECT_READ"", ""SCOPE_GCX_PET_READ"", ""SCOPE_GOLF_API_READ"", ""SCOPE_DI_OAUTH_2_DEVICE_REVOCATION_WRITE"", ""SCOPE_GCX_PET_WRITE"", ""SCOPE_DI_OAUTH_2_CREATE_DI_USER"", ""SCOPE_DIVE_API_WRITE"", ""SCOPE_DIVE_API_READ"", ""SCOPE_DI_OAUTH_2_CLIENT_READ"", ""SCOPE_CONNECT_WRITE"", ""SCOPE_CONNECT_MCT_DAILY_LOG_READ"", ""SCOPE_CONNECT_API_CREATE_UPDATE_USER"", ""SCOPE_MESSAGE_GENERATION_READ"", ""SCOPE_DI_OAUTH_2_CLIENT_REVOCATION_ADMIN"", ""SCOPE_GCX_PET_ADMIN_READ"", ""SCOPE_CONNECT_NON_SOCIAL_SHARED_READ"", ""SCOPE_DI_OAUTH_2_PRERELEASE_PERMISSIONS_ADMIN_WRITE"", ""SCOPE_DI_OAUTH_2_TOKEN_ADMIN"", ""SCOPE_ATP_WRITE"", ""SCOPE_GCX_KID_READ"", ""ROLE_CONNECTUSER"", ""ROLE_FITNESS_USER"", ""ROLE_WELLNESS_USER"", ""ROLE_GARMIN_USER"", ""ROLE_GCM_USER""]",381.804,,24.0,803.4310302734375,False,2026-05-24 06:40:49,290.0,0.0,False,2.365999937057495,149.0,https://s3.amazonaws.com/garmin-connect-prod/profile_images/6dd3e63b-1cf6-47dd-a308-0af6c5311562-prth.png,405.987,1178.0150146484375,264.0,False,,1,True,https://s3.amazonaws.com/garmin-connect-prod/profile_images/6dd3e63b-1cf6-47dd-a308-0af6c5311562-prof.png,-3.0131496023386717,True,17,13.0,-7,IMPROVING_AEROBIC_BASE_8,381.468994140625,,10,4d294da0-1d36-44c4-a103-1eeaab5f58df,30.600000381469727,42.0,False,False,[],running,False,False,150.65625,65.89047241210938,73.02,240.0,False,175.0,False,False,238.0,69.347,2786.68994140625,False,NO_ANAEROBIC_BENEFIT_0,False,1175.0,GARMIN,90.57999877929689,Macayla,False,9,24.067572105517815,14.0,614ce46f-1224-4f8e-b381-95d47a3fd0f7,240.0,262.667,2.874000072479248,159,uncategorized,,,53.36161695420742,False,394.06,317.0,False,,1341.8819580078125,subscribers,False,2026-05-24 06:18:28,False,AEROBIC_BASE,222.0,1,Wirral,,3,"[{""noOfSplits"": 1, ""totalAscent"": 14.0, ""duration"": 1178.0150146484375, ""splitType"": ""INTERVAL_ACTIVE"", ""numClimbSends"": 0, ""maxElevationGain"": 14.0, ""averageElevationGain"": 14.0, ""maxDistance"": 2786, ""distance"": 2786.64990234375, ""averageSpeed"": 2.365999937057495, ""maxSpeed"": 2.874000072479248, ""numFalls"": 0, ""elevationLoss"": 13.0}, {""noOfSplits"": 13, ""duration"": 0.0, ""splitType"": ""RWD_STAND"", ""numClimbSends"": 0, ""numFalls"": 0}, {""noOfSplits"": 17, ""totalAscent"": 3.0, ""duration"": 151.82400512695312, ""splitType"": ""RWD_WALK"", ""numClimbSends"": 0, ""maxElevationGain"": 3.0, ""averageElevationGain"": 0.0, ""maxDistance"": 109, ""distance"": 246.25999450683594, ""averageSpeed"": 1.621999979019165, ""maxSpeed"": 1.9869999885559082, ""numFalls"": 0, ""elevationLoss"": 0.0}, {""noOfSplits"": 8, ""totalAscent"": 11.0, ""duration"": 1026.10302734375, ""splitType"": ""RWD_RUN"", ""numClimbSends"": 0, ""maxElevationGain"": 6.0, ""averageElevationGain"": 2.0, ""maxDistance"": 1204, ""distance"": 2540.5, ""averageSpeed"": 2.4760000705718994, ""maxSpeed"": 2.874000072479248, ""numFalls"": 0, ""elevationLoss"": 13.0}]",3074,1779603508000,Wirral Running,3.0,2026-05-24 07:18:28,,4.0,,182.0,22990671355,False,False,,-3.013524105772376,3624601887,True,20,0.40000152587890625,14.600000381469727,1,8.51999969482422,143088564,False,,False,53.36130045354366,False,439.943
3,False,115.0009994506836,False,2.4549999237060547,False,1357.655,,https://s3.amazonaws.com/garmin-connect-prod/profile_images/6dd3e63b-1cf6-47dd-a308-0af6c5311562-prfr.png,False,9.670000076293945,747.995,"[""SCOPE_ATP_READ"", ""SCOPE_COMMUNITY_COURSE_ADMIN_READ"", ""SCOPE_GCX_KID_WRITE"", ""SCOPE_DT_ACTIVE_INTELLIGENCE_READ"", ""SCOPE_COMMUNITY_COURSE_WRITE"", ""SCOPE_GCX_KID_ADMIN_READ"", ""SCOPE_CONNECT_WEB_TEMPLATE_RENDER"", ""SCOPE_ACTIVITY_DETECTION_READ"", ""SCOPE_OMT_SUBSCRIPTION_ADMIN_READ"", ""SCOPE_DI_OAUTH_2_MANAGED_STATUS_ADMIN_WRITE"", ""SCOPE_CONNECT_READ"", ""SCOPE_GCX_PET_READ"", ""SCOPE_GOLF_API_READ"", ""SCOPE_DI_OAUTH_2_DEVICE_REVOCATION_WRITE"", ""SCOPE_GCX_PET_WRITE"", ""SCOPE_DI_OAUTH_2_CREATE_DI_USER"", ""SCOPE_DIVE_API_WRITE"", ""SCOPE_DIVE_API_READ"", ""SCOPE_DI_OAUTH_2_CLIENT_READ"", ""SCOPE_CONNECT_WRITE"", ""SCOPE_CONNECT_MCT_DAILY_LOG_READ"", ""SCOPE_CONNECT_API_CREATE_UPDATE_USER"", ""SCOPE_MESSAGE_GENERATION_READ"", ""SCOPE_DI_OAUTH_2_CLIENT_REVOCATION_ADMIN"", ""SCOPE_GCX_PET_ADMIN_READ"", ""SCOPE_CONNECT_NON_SOCIAL_SHARED_READ"", ""SCOPE_DI_OAUTH_2_PRERELEASE_PERMISSIONS_ADMIN_WRITE"", ""SCOPE_DI_OAUTH_2_TOKEN_ADMIN"", ""SCOPE_ATP_WRITE"", ""SCOPE_GCX_KID_READ"", ""ROLE_CONNECTUSER"", ""ROLE_FITNESS_USER"", ""ROLE_WELLNESS_USER"", ""ROLE_GARMIN_USER"", ""ROLE_GCM_USER""]",4134.772,,177.0,601.4299926757812,False,2026-05-17 10:38:35,282.8999938964844,0.30000001192092896,False,2.444000005722046,174.0,https://s3.amazonaws.com/garmin-connect-prod/profile_images/6dd3e63b-1cf6-47dd-a308-0af6c5311562-prth.png,7059.688,8727.046875,2017.0,False,8624.318359375,1,True,https://s3.amazonaws.com/garmin-connect-prod/profile_images/6dd3e63b-1cf6-47dd-a308-0af6c5311562-prof.png,-2.9014854691922665,True,17,98.0,-38,OVERREACHING_14,370.7229919433594,,5,4d294da0-1d36-44c4-a103-1eeaab5f58df,39.400001525878906,42.0,False,False,[],running,False,False,163.765625,371.5321044921875,419.996,177.0,False,190.0,False,False,246.0,12.336,21331.029296875,True,NO_ANAEROBIC_BENEFIT_0,False,8723.044006347656,GARMIN,89.45999755859376,Macayla,False,1,24.252601428465876,120.0,ba2d72a4-bfaa-46f9-9767-802646ecbe7f,177.0,19.0,4.124000072479248,159,race,,,53.19177059456706,False,3339.837,407.0,False,3927.7041015625,8727.046875,subscribers,False,2026-05-17 08:13:08,False,LACTATE_THRESHOLD,244.0,1,Cheshire West and Chester,,22,"[{""noOfSplits"": 2, ""totalAscent"": 12000.0, ""duration"": 8725.7119140625, ""splitType"": ""RWD_RUN"", ""numClimbSends"": 0, ""maxElevationGain"": 7300.0, ""averageElevationGain"": 6000.0, ""maxDistance"": 11891, ""distance"": 21327.220703125, ""averageSpeed"": 2.444000005722046, ""maxSpeed"": 4.124000072479248, ""numFalls"": 0, ""elevationLoss"": 98.0}, {""noOfSplits"": 1, ""totalAscent"": 12000.0, ""duration"": 8727.046875, ""splitType"": ""INTERVAL_ACTIVE"", ""numClimbSends"": 0, ""maxElevationGain"": 12000.0, ""averageElevationGain"": 12000.0, ""maxDistance"": 21329, ""distance"": 21330.55078125, ""averageSpeed"": 2.444000005722046, ""maxSpeed"": 4.124000072479248, ""numFalls"": 0, ""elevationLoss"": 98.0}, {""noOfSplits"": 2, ""totalAscent"": 0.0, ""duration"": 1.0, ""splitType"": ""RWD_WALK"", ""numClimbSends"": 0, ""maxElevationGain"": 0.0, ""averageElevationGain"": 0.0, ""maxDistance"": 1, ""distance"": 3.430000066757202, ""averageSpeed"": 3.430000066757202, ""maxSpeed"": 1.6890000104904175, ""numFalls"": 0, ""elevationLoss"": 0.0}]",23778,1779005588000,Cheshire West and Chester - Wirral Running Festival 10K,5.0,2026-05-17 09:13:08,,55.001,1923.60400390625,1468.0,22910977835,False,False,COMPLETE,-2.891935044899583,3624601887,True,143,0.40000152587890625,-2.0,1,8.640000152587891,143088564,False,b524bfd7-0858-48cf-bc30-1349003b68cb,False,53.18826159462333,True,277.983
3,False,4.876999855041504,False,2.3910000324249268,False,0.0,461659833,https://s3.amazonaws.com/garmin-connect-prod/profile_images/6dd3e63b-1cf6-47dd-a308-0af6c5311562-prfr.png,False,9.829999923706055,586.993,"[""SCOPE_ATP_READ"", ""SCOPE_COMMUNITY_COURSE_ADMIN_READ"", ""SCOPE_GCX_KID_WRITE"", ""SCOPE_DT_ACTIVE_INTELLIGENCE_READ"", ""SCOPE_COMMUNITY_COURSE_WRITE"", ""SCOPE_GCX_KID_ADMIN_READ"", ""SCOPE_CONNECT_WEB_TEMPLATE_RENDER"", ""SCOPE_ACTIVITY_DETECTION_READ"", ""SCOPE_OMT_SUBSCRIPTION_ADMIN_READ"", ""SCOPE_DI_OAUTH_2_MANAGED_STATUS_ADMIN_WRITE"", ""SCOPE_CONNECT_READ"", ""SCOPE_GCX_PET_READ"", ""SCOPE_GOLF_API_READ"", ""SCOPE_DI_OAUTH_2_DEVICE_REVOCATION_WRITE"", ""SCOPE_GCX_PET_WRITE"", ""SCOPE_DI_OAUTH_2_CREATE_DI_USER"", ""SCOPE_DIVE_API_WRITE"", ""SCOPE_DIVE_API_READ"", ""SCOPE_DI_OAUTH_2_CLIENT_READ"", ""SCOPE_CONNECT_WRITE"", ""SCOPE_CONNECT_MCT_DAILY_LOG_READ"", ""SCOPE_CONNECT_API_CREATE_UPDATE_USER"", ""SCOPE_MESSAGE_GENERATION_READ"", ""SCOPE_DI_OAUTH_2_CLIENT_REVOCATION_ADMIN"", ""SCOPE_GCX_PET_ADMIN_READ"", ""SCOPE_CONNECT_NON_SOCIAL_SHARED_READ"", ""SCOPE_DI_OAUTH_2_PRERELEASE_PERMISSIONS_ADMIN_WRITE"", ""SCOPE_DI_OAUTH_2_TOKEN_ADMIN"", ""SCOPE_ATP_WRITE"", ""SCOPE_GCX_KID_READ"", ""ROLE_CONNECTUSER"", ""ROLE_FITNESS_USER"", ""ROLE_WELLNESS_USER"", ""ROLE_GARMIN_USER"", ""ROLE_GCM_USER""]",303.987,,34.0,636.0770263671875,False,2026-05-14 18:51:13,291.79998779296875,0.0,False,2.369999885559082,165.0,https://s3.amazonaws.com/garmin-connect-prod/profile_images/6dd3e63b-1cf6-47dd-a308-0af6c5311562-prth.png,1465.0,1692.5560302734375,407.0,False,,1,True,https://s3.amazonaws.com/garmin-connect-prod/profile_images/6dd3e63b-1cf6-47dd-a308-0af6c5311562-prof.png,-3.01374270580709,True,17,28.0,-6,IMPACTING_TEMPO_22,379.72601318359375,,10,4d294da0-1d36-44c4-a103-1eeaab5f58df,48.0,42.0,False,False,[],running,False,False,156.640625,106.80880737304688,69.728,169.0,False,179.0,False,False,262.0,4.001,4011.780029296875,False,NO_ANAEROBIC_BENEFIT_0,False,1691.2809753417969,GARMIN,90.47999877929688,Macayla,False,9,38.63912526146458,39.0,e5b38e7c-e3a0-49a6-9b60-317c3e234d1a,169.0,24.999,2.994999885559082,159,uncategorized,,,53.38381038978696,False,637.018,345.0,False,,1828.2349853515625,subscribers,False,2026-05-14 18:20:45,False,TEMPO,255.0,1,Wirral,,5,"[{""noOfSplits"": 1, ""duration"": 0.0, ""splitType"": ""RWD_STAND"", ""numClimbSends"": 0, ""numFalls"": 0}, {""noOfSplits"": 1, ""totalAscent"": 39.0, ""duration"": 1692.5560302734375, ""splitType"": ""INTERVAL_ACTIVE"", ""numClimbSends"": 0, ""maxElevationGain"": 39.0, ""averageElevationGain"": 39.0, ""maxDistance"": 4011, ""distance"": 4011.64990234375, ""averageSpeed"": 2.369999885559082, ""maxSpeed"": 2.994999885559082, ""numFalls"": 0, ""elevationLoss"": 28.0}, {""noOfSplits"": 3, ""totalAscent"": 37.0, ""duration"": 1646.530029296875, ""splitType"": ""RWD_RUN"", ""numClimbSends"": 0, ""maxElevationGain"": 21.0, ""averageElevationGain"": 12.0, ""maxDistance"": 2709, ""distance"": 3937.1201171875, ""averageSpeed"": 2.3910000324249268, ""maxSpeed"": 2.994999885559082, ""numFalls"": 0, ""elevationLoss"": 28.0}, {""noOfSplits"": 4, ""totalAscent"": 2.0, ""duration"": 46.0, ""splitType"": ""RWD_WALK"", ""numClimbSends"": 0, ""maxElevationGain"": 2.0, ""averageElevationGain"": 1.0, ""maxDistance"": 62, ""distance"": 74.58999633789062, ""averageSpeed"": 1.621999979019165, ""maxSpeed"": 1.8020000457763672, ""numFalls"": 0, ""elevationLoss"": 0.0}]",4448,1778782845000,Wirral Running,3.5,2026-05-14 19:20:45,,30.001,,277.0,22882312432,False,False,,-3.0421498976647854,3624601887,True,29,0.6000003814697266,24.799999237060547,1,8.830000305175782,143088564,False,,False,53.3619047049433,False,161.725
3,False,1179.4189453125,False,,False,0.0,,https://s3.amazonaws.com/garmin-connect-prod/profile_images/6dd3e63b-1cf6-47dd-a308-0af6c5311562-prfr.png,False,,,"[""SCOPE_ATP_READ"", ""SCOPE_COMMUNITY_COURSE_ADMIN_READ"", ""SCOPE_GCX_KID_WRITE"", ""SCOPE_DT_ACTIVE_INTELLIGENCE_READ"", ""SCOPE_COMMUNITY_COURSE_WRITE"", ""SCOPE_GCX_KID_ADMIN_READ"", ""SCOPE_CONNECT_WEB_TEMPLATE_RENDER"", ""SCOPE_ACTIVITY_DETECTION_READ"", ""SCOPE_OMT_SUBSCRIPTION_ADMIN_READ"", ""SCOPE_DI_OAUTH_2_MANAGED_STATUS_ADMIN_WRITE"", ""SCOPE_CONNECT_READ"", ""SCOPE_GCX_PET_READ"", ""SCOPE_GOLF_API_READ"", ""SCOPE_DI_OAUTH_2_DEVICE_REVOCATION_WRITE"", ""SCOPE_GCX_PET_WRITE"", ""SCOPE_DI_OAUTH_2_CREATE_DI_USER"", ""SCOPE_DIVE_API_WRITE"", ""SCOPE_DIVE_API_READ"", ""SCOPE_DI_OAUTH_2_CLIENT_READ"", ""SCOPE_CONNECT_WRITE"", ""SCOPE_CONNECT_MCT_DAILY_LOG_READ"", ""SCOPE_CONNECT_API_CREATE_UPDATE_USER"", ""SCOPE_MESSAGE_GENERATION_READ"", ""SCOPE_DI_OAUTH_2_CLIENT_REVOCATION_ADMIN"", ""SCOPE_GCX_PET_ADMIN_READ"", ""SCOPE_CONNECT_NON_SOCIAL_SHARED_READ"", ""SCOPE_DI_OAUTH_2_PRERELEASE_PERMISSIONS_ADMIN_WRITE"", ""SCOPE_DI_OAUTH_2_TOKEN_ADMIN"", ""SCOPE_ATP_WRITE"", ""SCOPE_GCX_KID_READ"", ""ROLE_CONNECTUSER"", ""ROLE_FITNESS_USER"", ""ROLE_WELLNESS_USER"", ""ROLE_GARMIN_USER"", ""ROLE_GCM_USER""]",,,195.0,,False,2026-05-11 13:06:36,,0.10000000149011612,False,0.5130000114440918,92.0,https://s3.amazonaws.com/garmin-connect-prod/profile_images/6dd3e63b-1cf6-47dd-a308-0af6c5311562-prth.png,8.999,9614.7939453125,1052.0,False,,11,False,https://s3.amazonaws.com/garmin-connect-prod/profile_images/6dd3e63b-1cf6-47dd-a308-0af6c5311562-prof.png,-3.0945139098912477,True,17,60.0,-14,RECOVERY_5,,,10,4d294da0-1d36-44c4-a103-1eeaab5f58df,61.599998474121094,42.0,False,False,[],walking,False,False,20.53125,9.997970581054688,,244.0,False,163.0,False,False,,2783.989,4936.509765625,False,NO_ANAEROBIC_BENEFIT_0,False,3476.0,GARMIN,195.29686450285777,Macayla,False,9,50.22023921754295,54.0,06df1a90-0280-46e6-b304-24529afede64,244.0,455.002,4.9079999923706055,159,uncategorized,,,53.363865902647376,False,,,False,,9614.7939453125,subscribers,False,2026-05-11 10:26:22,False,RECOVERY,,36,Wirral,,5,[],5698,1778495182000,Wirral Walking,0.800000011920929,2026-05-11 11:26:22,,,,476.0,22842639820,False,False,,-3.0900268256664276,3624601887,True,2,0.40000152587890625,28.799999237060547,9,,143088564,False,,False,53.36554563604295,False,62.999
3,False,43.45199966430664,False,2.2060000896453857,False,0.0,,https://s3.amazonaws.com/garmin-connect-prod/profile_images/6dd3e63b-1cf6-47dd-a308-0af6c5311562-prfr.png,False,9.460000038146973,14.114,"[""SCOPE_ATP_READ"", ""SCOPE_COMMUNITY_COURSE_ADMIN_READ"", ""SCOPE_GCX_KID_WRITE"", ""SCOPE_DT_ACTIVE_INTELLIGENCE_READ"", ""SCOPE_COMMUNITY_COURSE_WRITE"", ""SCOPE_GCX_KID_ADMIN_READ"", ""SCOPE_CONNECT_WEB_TEMPLATE_RENDER"", ""SCOPE_ACTIVITY_DETECTION_READ"", ""SCOPE_OMT_SUBSCRIPTION_ADMIN_READ"", ""SCOPE_DI_OAUTH_2_MANAGED_STATUS_ADMIN_WRITE"", ""SCOPE_CONNECT_READ"", ""SCOPE_GCX_PET_READ"", ""SCOPE_GOLF_API_READ"", ""SCOPE_DI_OAUTH_2_DEVICE_REVOCATION_WRITE"", ""SCOPE_GCX_PET_WRITE"", ""SCOPE_DI_OAUTH_2_CREATE_DI_USER"", ""SCOPE_DIVE_API_WRITE"", ""SCOPE_DIVE_API_READ"", ""SCOPE_DI_OAUTH_2_CLIENT_READ"", ""SCOPE_CONNECT_WRITE"", ""SCOPE_CONNECT_MCT_DAILY_LOG_READ"", ""SCOPE_CONNECT_API_CREATE_UPDATE_USER"", ""SCOPE_MESSAGE_GENERATION_READ"", ""SCOPE_DI_OAUTH_2_CLIENT_REVOCATION_ADMIN"", ""SCOPE_GCX_PET_ADMIN_READ"", ""SCOPE_CONNECT_NON_SOCIAL_SHARED_READ"", ""SCOPE_DI_OAUTH_2_PRERELEASE_PERMISSIONS_ADMIN_WRITE"", ""SCOPE_DI_OAUTH_2_TOKEN_ADMIN"", ""SCOPE_ATP_WRITE"", ""SCOPE_GCX_KID_READ"", ""ROLE_CONNECTUSER"", ""ROLE_FITNESS_USER"", ""ROLE_WELLNESS_USER"", ""ROLE_GARMIN_USER"", ""ROLE_GCM_USER""]",1048.886,,46.0,666.3820190429688,False,2026-05-09 08:38:22,293.20001220703125,0.10000000149011612,False,2.2230000495910645,155.0,https://s3.amazonaws.com/garmin-connect-prod/profile_images/6dd3e63b-1cf6-47dd-a308-0af6c5311562-prth.png,890.407,2272.221923828125,432.0,False,,1,True,https://s3.amazonaws.com/garmin-connect-prod/profile_images/6dd3e63b-1cf6-47dd-a308-0af6c5311562-prof.png,-2.902657762169838,True,17,17.0,-11,IMPROVING_AEROBIC_BASE_8,408.89300537109375,,10,4d294da0-1d36-44c4-a103-1eeaab5f58df,37.599998474121094,42.0,False,False,[],running,False,False,150.921875,84.67080688476562,480.032,241.0,False,175.0,False,False,220.0,15.078,5052.009765625,False,NO_ANAEROBIC_BENEFIT_0,False,2250.5780029296875,GARMIN,85.72999877929688,Macayla,False,9,31.13978871745123,10.0,ee02e464-a491-4bcf-a07a-ef1a5b847c6b,241.0,87.937,2.8550000190734863,159,uncategorized,,,53.272212808951735,False,238.074,310.0,False,,2272.221923828125,subscribers,False,2026-05-09 08:00:30,False,AEROBIC_BASE,205.0,4,Cheshire West and Chester,,6,"[{""noOfSplits"": 1, ""totalAscent"": 0.0, ""duration"": 16.173999786376953, ""splitType"": ""RWD_STAND"", ""numClimbSends"": 0, ""maxElevationGain"": 0.0, ""averageElevationGain"": 0.0, ""maxDistance"": 0, ""distance"": 0.0, ""averageSpeed"": 0.0, ""maxSpeed"": 0.0, ""numFalls"": 0, ""elevationLoss"": 0.0}, {""noOfSplits"": 1, ""totalAscent"": 10.0, ""duration"": 2272.221923828125, ""splitType"": ""INTERVAL_ACTIVE"", ""numClimbSends"": 0, ""maxElevationGain"": 10.0, ""averageElevationGain"": 10.0, ""maxDistance"": 5051, ""distance"": 5052.0, ""averageSpeed"": 2.2230000495910645, ""maxSpeed"": 2.8550000190734863, ""numFalls"": 0, ""elevationLoss"": 17.0}, {""noOfSplits"": 11, ""totalAscent"": 7.0, ""duration"": 1870.0, ""splitType"": ""RWD_RUN"", ""numClimbSends"": 0, ""maxElevationGain"": 4.0, ""averageElevationGain"": 1.0, ""maxDistance"": 1414, ""distance"": 4418.490234375, ""averageSpeed"": 2.36299991607666, ""maxSpeed"": 2.8550000190734863, ""numFalls"": 0, ""elevationLoss"": 14.0}, {""noOfSplits"": 10, ""totalAscent"": 3.0, ""duration"": 386.0010070800781, ""splitType"": ""RWD_WALK"", ""numClimbSends"": 0, ""maxElevationGain"": 2.0, ""averageElevationGain"": 0.0, ""maxDistance"": 135, ""distance"": 633.5599975585938, ""averageSpeed"": 1.6410000324249268, ""maxSpeed"": 1.7910000085830688, ""numFalls"": 0, ""elevationLoss"": 2.0}]",5808,1778313630000,Cheshire West and Chester Running,3.299999952316284,2026-05-09 09:00:30,,0.0,2227.375,337.0,22817264779,False,False,,-2.9032486863434315,3624601887,True,33,0.20000076293945312,26.600000381469727,1,8.10999984741211,143088564,False,,False,53.272483544424176,False,1247.787
3,False,2.7850000858306885,False,2.121999979019165,False,0.0,,https://s3.amazonaws.com/garmin-connect-prod/profile_images/6dd3e63b-1cf6-47dd-a308-0af6c5311562-prfr.png,False,9.510000228881836,33.993,"[""SCOPE_ATP_READ"", ""SCOPE_COMMUNITY_COURSE_ADMIN_READ"", ""SCOPE_GCX_KID_WRITE"", ""SCOPE_DT_ACTIVE_INTELLIGENCE_READ"", ""SCOPE_COMMUNITY_COURSE_WRITE"", ""SCOPE_GCX_KID_ADMIN_READ"", ""SCOPE_CONNECT_WEB_TEMPLATE_RENDER"", ""SCOPE_ACTIVITY_DETECTION_READ"", ""SCOPE_OMT_SUBSCRIPTION_ADMIN_READ"", ""SCOPE_DI_OAUTH_2_MANAGED_STATUS_ADMIN_WRITE"", ""SCOPE_CONNECT_READ"", ""SCOPE_GCX_PET_READ"", ""SCOPE_GOLF_API_READ"", ""SCOPE_DI_OAUTH_2_DEVICE_REVOCATION_WRITE"", ""SCOPE_GCX_PET_WRITE"", ""SCOPE_DI_OAUTH_2_CREATE_DI_USER"", ""SCOPE_DIVE_API_WRITE"", ""SCOPE_DIVE_API_READ"", ""SCOPE_DI_OAUTH_2_CLIENT_READ"", ""SCOPE_CONNECT_WRITE"", ""SCOPE_CONNECT_MCT_DAILY_LOG_READ"", ""SCOPE_CONNECT_API_CREATE_UPDATE_USER"", ""SCOPE_MESSAGE_GENERATION_READ"", ""SCOPE_DI_OAUTH_2_CLIENT_REVOCATION_ADMIN"", ""SCOPE_GCX_PET_ADMIN_READ"", ""SCOPE_CONNECT_NON_SOCIAL_SHARED_READ"", ""SCOPE_DI_OAUTH_2_PRERELEASE_PERMISSIONS_ADMIN_WRITE"", ""SCOPE_DI_OAUTH_2_TOKEN_ADMIN"", ""SCOPE_ATP_WRITE"", ""SCOPE_GCX_KID_READ"", ""ROLE_CONNECTUSER"", ""ROLE_FITNESS_USER"", ""ROLE_WELLNESS_USER"", ""ROLE_GARMIN_USER"", ""ROLE_GCM_USER""]",1238.701,,56.0,730.5449829101562,False,2026-05-08 18:39:23,287.29998779296875,2.0,False,2.1710000038146973,151.0,https://s3.amazonaws.com/garmin-connect-prod/profile_images/6dd3e63b-1cf6-47dd-a308-0af6c5311562-prth.png,811.149,2767.174072265625,479.0,False,,1,True,https://s3.amazonaws.com/garmin-connect-prod/profile_images/6dd3e63b-1cf6-47dd-a308-0af6c5311562-prof.png,-2.903428142890334,True,17,13.0,-9,IMPROVING_AEROBIC_BASE_8,418.1659851074219,,10,4d294da0-1d36-44c4-a103-1eeaab5f58df,38.79999923706055,41.0,False,False,[],running,False,False,139.5,111.58573913574219,620.814,250.0,False,176.0,False,False,213.0,37.0,6007.080078125,False,MAINTAINING_ANAEROBIC_BASE_1,False,2724.5469970703125,GARMIN,85.89000244140625,Macayla,False,9,34.27635575513088,15.0,7f6d8880-0529-48ab-abe6-80bfd75c5bd2,250.0,447.42,5.066999912261963,159,uncategorized,,,53.25847964733839,False,64.0,471.0,False,,2962.764892578125,subscribers,False,2026-05-08 17:50:01,False,AEROBIC_BASE,190.0,10,Cheshire West and Chester,,7,"[{""noOfSplits"": 9, ""totalAscent"": 0.0, ""duration"": 27.54800033569336, ""splitType"": ""RWD_STAND"", ""numClimbSends"": 0, ""maxElevationGain"": 0.0, ""averageElevationGain"": 0.0, ""maxDistance"": 11, ""distance"": 33.88999938964844, ""averageSpeed"": 1.2300000190734863, ""maxSpeed"": 0.0, ""numFalls"": 0, ""elevationLoss"": 0.0}, {""noOfSplits"": 1, ""totalAscent"": 15.0, ""duration"": 2767.174072265625, ""splitType"": ""INTERVAL_ACTIVE"", ""numClimbSends"": 0, ""maxElevationGain"": 15.0, ""averageElevationGain"": 15.0, ""maxDistance"": 6007, ""distance"": 6007.06982421875, ""averageSpeed"": 2.1710000038146973, ""maxSpeed"": 5.066999912261963, ""numFalls"": 0, ""elevationLoss"": 13.0}, {""noOfSplits"": 16, ""totalAscent"": 10.0, ""duration"": 2134.092041015625, ""splitType"": ""RWD_RUN"", ""numClimbSends"": 0, ""maxElevationGain"": 2.0, ""averageElevationGain"": 1.0, ""maxDistance"": 1184, ""distance"": 5047.89013671875, ""averageSpeed"": 2.365000009536743, ""maxSpeed"": 5.066999912261963, ""numFalls"": 0, ""elevationLoss"": 13.0}, {""noOfSplits"": 25, ""totalAscent"": 5.0, ""duration"": 605.4829711914062, ""splitType"": ""RWD_WALK"", ""numClimbSends"": 0, ""maxElevationGain"": 1.0, ""averageElevationGain"": 0.0, ""maxDistance"": 164, ""distance"": 925.3699951171875, ""averageSpeed"": 1.527999997138977, ""maxSpeed"": 1.8200000524520874, ""numFalls"": 0, ""elevationLoss"": 0.0}]",6880,1778262601000,Cheshire West and Chester Running,3.4000000953674316,2026-05-08 18:50:01,,57.005,2484.631103515625,392.0,22812057625,False,False,,-2.9032103810459375,3624601887,True,38,0.39999961853027344,29.200000762939453,1,8.1,143088564,False,,False,53.25827747583389,False,1429.621
3,False,2.9790000915527344,False,2.4019999504089355,False,612.049,458527256,https://s3.amazonaws.com/garmin-connect-prod/profile_images/6dd3e63b-1cf6-47dd-a308-0af6c5311562-prfr.png,False,9.739999771118164,336.998,"[""SCOPE_ATP_READ"", ""SCOPE_COMMUNITY_COURSE_ADMIN_READ"", ""SCOPE_GCX_KID_WRITE"", ""SCOPE_DT_ACTIVE_INTELLIGENCE_READ"", ""SCOPE_COMMUNITY_COURSE_WRITE"", ""SCOPE_GCX_KID_ADMIN_READ"", ""SCOPE_CONNECT_WEB_TEMPLATE_RENDER"", ""SCOPE_ACTIVITY_DETECTION_READ"", ""SCOPE_OMT_SUBSCRIPTION_ADMIN_READ"", ""SCOPE_DI_OAUTH_2_MANAGED_STATUS_ADMIN_WRITE"", ""SCOPE_CONNECT_READ"", ""SCOPE_GCX_PET_READ"", ""SCOPE_GOLF_API_READ"", ""SCOPE_DI_OAUTH_2_DEVICE_REVOCATION_WRITE"", ""SCOPE_GCX_PET_WRITE"", ""SCOPE_DI_OAUTH_2_CREATE_DI_USER"", ""SCOPE_DIVE_API_WRITE"", ""SCOPE_DIVE_API_READ"", ""SCOPE_DI_OAUTH_2_CLIENT_READ"", ""SCOPE_CONNECT_WRITE"", ""SCOPE_CONNECT_MCT_DAILY_LOG_READ"", ""SCOPE_CONNECT_API_CREATE_UPDATE_USER"", ""SCOPE_MESSAGE_GENERATION_READ"", ""SCOPE_DI_OAUTH_2_CLIENT_REVOCATION_ADMIN"", ""SCOPE_GCX_PET_ADMIN_READ"", ""SCOPE_CONNECT_NON_SOCIAL_SHARED_READ"", ""SCOPE_DI_OAUTH_2_PRERELEASE_PERMISSIONS_ADMIN_WRITE"", ""SCOPE_DI_OAUTH_2_TOKEN_ADMIN"", ""SCOPE_ATP_WRITE"", ""SCOPE_GCX_KID_READ"", ""ROLE_CONNECTUSER"", ""ROLE_FITNESS_USER"", ""ROLE_WELLNESS_USER"", ""ROLE_GARMIN_USER"", ""ROLE_GCM_USER""]",1922.937,,85.0,608.3809814453125,False,2026-05-07 08:17:52,290.5,0.0,False,2.3959999084472656,171.0,https://s3.amazonaws.com/garmin-connect-prod/profile_images/6dd3e63b-1cf6-47dd-a308-0af6c5311562-prth.png,3196.863,4178.22216796875,888.0,False,,1,True,https://s3.amazonaws.com/garmin-connect-prod/profile_images/6dd3e63b-1cf6-47dd-a308-0af6c5311562-prof.png,-3.0137537699192762,True,17,76.0,-22,HIGHLY_IMPROVING_LACTATE_THRESHOLD_13,369.9119873046875,,10,4d294da0-1d36-44c4-a103-1eeaab5f58df,51.0,41.0,False,False,[],running,False,False,160.046875,212.8651123046875,788.98,169.0,False,188.0,False,False,246.0,32.166,10009.4501953125,False,NO_ANAEROBIC_BENEFIT_0,False,4162.1739501953125,GARMIN,89.65999755859376,Macayla,False,9,32.5434178863204,76.0,7d285358-4e43-4169-9402-f69ca0aaef68,169.0,19.999,2.930000066757202,159,uncategorized,,,53.36112577468157,False,953.985,367.0,False,4172.44580078125,4178.51611328125,subscribers,False,2026-05-07 07:08:14,False,LACTATE_THRESHOLD,241.0,0,Wirral,,11,"[{""noOfSplits"": 1, ""totalAscent"": 0.0, ""duration"": 7.0, ""splitType"": ""RWD_STAND"", ""numClimbSends"": 0, ""maxElevationGain"": 0.0, ""averageElevationGain"": 0.0, ""maxDistance"": 13, ""distance"": 13.0600004196167, ""averageSpeed"": 1.8660000562667847, ""maxSpeed"": 1.2430000305175781, ""numFalls"": 0, ""elevationLoss"": 0.0}, {""noOfSplits"": 1, ""totalAscent"": 76.0, ""duration"": 4178.22216796875, ""splitType"": ""INTERVAL_ACTIVE"", ""numClimbSends"": 0, ""maxElevationGain"": 76.0, ""averageElevationGain"": 76.0, ""maxDistance"": 10008, ""distance"": 10009.26953125, ""averageSpeed"": 2.3959999084472656, ""maxSpeed"": 2.930000066757202, ""numFalls"": 0, ""elevationLoss"": 76.0}, {""noOfSplits"": 3, ""totalAscent"": 72.0, ""duration"": 4051.988037109375, ""splitType"": ""RWD_RUN"", ""numClimbSends"": 0, ""maxElevationGain"": 42.0, ""averageElevationGain"": 24.0, ""maxDistance"": 4610, ""distance"": 9795.7197265625, ""averageSpeed"": 2.4179999828338623, ""maxSpeed"": 2.930000066757202, ""numFalls"": 0, ""elevationLoss"": 76.0}, {""noOfSplits"": 3, ""totalAscent"": 5.0, ""duration"": 119.0, ""splitType"": ""RWD_WALK"", ""numClimbSends"": 0, ""maxElevationGain"": 5.0, ""averageElevationGain"": 2.0, ""maxDistance"": 168, ""distance"": 200.5500030517578, ""averageSpeed"": 1.684999942779541, ""maxSpeed"": 1.7359999418258667, ""numFalls"": 0, ""elevationLoss"": 0.0}]",11122,1778137694000,Wirral Running,4.900000095367432,2026-05-07 08:08:14,,28.009,2068.034912109375,688.0,22793914552,False,False,,-3.0131113808602095,3624601887,True,68,0.5999984741210938,11.0,1,8.719999694824219,143088564,False,,False,53.36159340105951,False,316.985
3,False,10.543000221252441,False,2.246999979019165,False,515.088,457432931,https://s3.amazonaws.com/garmin-connect-prod/profile_images/6dd3e63b-1cf6-47dd-a308-0af6c5311562-prfr.png,False,9.880000114440918,256.902,"[""SCOPE_ATP_READ"", ""SCOPE_COMMUNITY_COURSE_ADMIN_READ"", ""SCOPE_GCX_KID_WRITE"", ""SCOPE_DT_ACTIVE_INTELLIGENCE_READ"", ""SCOPE_COMMUNITY_COURSE_WRITE"", ""SCOPE_GCX_KID_ADMIN_READ"", ""SCOPE_CONNECT_WEB_TEMPLATE_RENDER"", ""SCOPE_ACTIVITY_DETECTION_READ"", ""SCOPE_OMT_SUBSCRIPTION_ADMIN_READ"", ""SCOPE_DI_OAUTH_2_MANAGED_STATUS_ADMIN_WRITE"", ""SCOPE_CONNECT_READ"", ""SCOPE_GCX_PET_READ"", ""SCOPE_GOLF_API_READ"", ""SCOPE_DI_OAUTH_2_DEVICE_REVOCATION_WRITE"", ""SCOPE_GCX_PET_WRITE"", ""SCOPE_DI_OAUTH_2_CREATE_DI_USER"", ""SCOPE_DIVE_API_WRITE"", ""SCOPE_DIVE_API_READ"", ""SCOPE_DI_OAUTH_2_CLIENT_READ"", ""SCOPE_CONNECT_WRITE"", ""SCOPE_CONNECT_MCT_DAILY_LOG_READ"", ""SCOPE_CONNECT_API_CREATE_UPDATE_USER"", ""SCOPE_MESSAGE_GENERATION_READ"", ""SCOPE_DI_OAUTH_2_CLIENT_REVOCATION_ADMIN"", ""SCOPE_GCX_PET_ADMIN_READ"", ""SCOPE_CONNECT_NON_SOCIAL_SHARED_READ"", ""SCOPE_DI_OAUTH_2_PRERELEASE_PERMISSIONS_ADMIN_WRITE"", ""SCOPE_DI_OAUTH_2_TOKEN_ADMIN"", ""SCOPE_ATP_WRITE"", ""SCOPE_GCX_KID_READ"", ""ROLE_CONNECTUSER"", ""ROLE_FITNESS_USER"", ""ROLE_WELLNESS_USER"", ""ROLE_GARMIN_USER"", ""ROLE_GCM_USER""]",1675.629,,120.0,692.4619750976562,False,2026-05-04 11:07:20,303.79998779296875,0.5,False,2.2149999141693115,166.0,https://s3.amazonaws.com/garmin-connect-prod/profile_images/6dd3e63b-1cf6-47dd-a308-0af6c5311562-prth.png,4364.541,5882.7421875,1148.0,False,,1,True,https://s3.amazonaws.com/garmin-connect-prod/profile_images/6dd3e63b-1cf6-47dd-a308-0af6c5311562-prof.png,-3.146503921598196,True,17,136.0,-24,HIGHLY_IMPROVING_LACTATE_THRESHOLD_13,418.72198486328125,,10,4d294da0-1d36-44c4-a103-1eeaab5f58df,79.80000305175781,41.0,False,False,[],running,False,False,152.828125,204.1483917236328,2570.816,237.0,False,187.0,False,False,228.0,42.012,13027.4501953125,False,NO_ANAEROBIC_BENEFIT_0,False,5876.152038574219,GARMIN,85.84000244140626,Macayla,False,9,47.93731088620474,145.0,f5e836c8-c1ed-4595-acc7-7a74f01ec5ab,237.0,37.0,2.6029999256134033,159,uncategorized,,,53.36373967118561,False,736.99,360.0,False,4496.84521484375,5885.7080078125,subscribers,False,2026-05-04 09:29:15,False,LACTATE_THRESHOLD,219.0,7,Wirral,,14,"[{""noOfSplits"": 1, ""totalAscent"": 0.0, ""duration"": 1.0, ""splitType"": ""RWD_STAND"", ""numClimbSends"": 0, ""maxElevationGain"": 0.0, ""averageElevationGain"": 0.0, ""maxDistance"": 2, ""distance"": 2.309999942779541, ""averageSpeed"": 2.309999942779541, ""maxSpeed"": 0.0, ""numFalls"": 0, ""elevationLoss"": 0.0}, {""noOfSplits"": 1, ""totalAscent"": 145.0, ""duration"": 5882.7421875, ""splitType"": ""INTERVAL_ACTIVE"", ""numClimbSends"": 0, ""maxElevationGain"": 145.0, ""averageElevationGain"": 145.0, ""maxDistance"": 13023, ""distance"": 13026.8603515625, ""averageSpeed"": 2.2139999866485596, ""maxSpeed"": 2.6029999256134033, ""numFalls"": 0, ""elevationLoss"": 136.0}, {""noOfSplits"": 12, ""totalAscent"": 110.0, ""duration"": 5237.701171875, ""splitType"": ""RWD_RUN"", ""numClimbSends"": 0, ""maxElevationGain"": 25.0, ""averageElevationGain"": 9.0, ""maxDistance"": 3350, ""distance"": 11934.2197265625, ""averageSpeed"": 2.2790000438690186, ""maxSpeed"": 2.6029999256134033, ""numFalls"": 0, ""elevationLoss"": 134.0}, {""noOfSplits"": 13, ""totalAscent"": 34.0, ""duration"": 644.0009765625, ""splitType"": ""RWD_WALK"", ""numClimbSends"": 0, ""maxElevationGain"": 11.0, ""averageElevationGain"": 3.0, ""maxDistance"": 317, ""distance"": 1091.1500244140625, ""averageSpeed"": 1.694000005722046, ""maxSpeed"": 2.0250000953674316, ""numFalls"": 0, ""elevationLoss"": 2.0}]",15190,1777886955000,Wirral Running,4.699999809265137,2026-05-04 10:29:15,,43.011,2198.5830078125,896.0,22759330401,False,False,,-3.0171702336519957,3624601887,True,90,0.5999984741210938,17.799999237060547,1,8.45999984741211,143088564,False,,False,53.34158839657903,False,912.897
3,False,2.4830000400543213,False,,False,0.0,,https://s3.amazonaws.com/garmin-connect-prod/profile_images/6dd3e63b-1cf6-47dd-a308-0af6c5311562-prfr.png,False,,,"[""SCOPE_ATP_READ"", ""SCOPE_COMMUNITY_COURSE_ADMIN_READ"", ""SCOPE_GCX_KID_WRITE"", ""SCOPE_DT_ACTIVE_INTELLIGENCE_READ"", ""SCOPE_COMMUNITY_COURSE_WRITE"", ""SCOPE_GCX_KID_ADMIN_READ"", ""SCOPE_CONNECT_WEB_TEMPLATE_RENDER"", ""SCOPE_ACTIVITY_DETECTION_READ"", ""SCOPE_OMT_SUBSCRIPTION_ADMIN_READ"", ""SCOPE_DI_OAUTH_2_MANAGED_STATUS_ADMIN_WRITE"", ""SCOPE_CONNECT_READ"", ""SCOPE_GCX_PET_READ"", ""SCOPE_GOLF_API_READ"", ""SCOPE_DI_OAUTH_2_DEVICE_REVOCATION_WRITE"", ""SCOPE_GCX_PET_WRITE"", ""SCOPE_DI_OAUTH_2_CREATE_DI_USER"", ""SCOPE_DIVE_API_WRITE"", ""SCOPE_DIVE_API_READ"", ""SCOPE_DI_OAUTH_2_CLIENT_READ"", ""SCOPE_CONNECT_WRITE"", ""SCOPE_CONNECT_MCT_DAILY_LOG_READ"", ""SCOPE_CONNECT_API_CREATE_UPDATE_USER"", ""SCOPE_MESSAGE_GENERATION_READ"", ""SCOPE_DI_OAUTH_2_CLIENT_REVOCATION_ADMIN"", ""SCOPE_GCX_PET_ADMIN_READ"", ""SCOPE_CONNECT_NON_SOCIAL_SHARED_READ"", ""SCOPE_DI_OAUTH_2_PRERELEASE_PERMISSIONS_ADMIN_WRITE"", ""SCOPE_DI_OAUTH_2_TOKEN_ADMIN"", ""SCOPE_ATP_WRITE"", ""SCOPE_GCX_KID_READ"", ""ROLE_CONNECTUSER"", ""ROLE_FITNESS_USER"", ""ROLE_WELLNESS_USER"", ""ROLE_GARMIN_USER"", ""ROLE_GCM_USER""]",,,95.0,,False,2026-05-01 09:19:39,,0.0,False,0.8659999966621399,87.0,https://s3.amazonaws.com/garmin-connect-prod/profile_images/6dd3e63b-1cf6-47dd-a308-0af6c5311562-prth.png,0.0,4658.80712890625,523.0,False,,11,False,https://s3.amazonaws.com/garmin-connect-prod/profile_images/6dd3e63b-1cf6-47dd-a308-0af6c5311562-prof.png,27.26544010452926,True,17,41.0,-6,NO_AEROBIC_BENEFIT_18,,,10,4d294da0-1d36-44c4-a103-1eeaab5f58df,41.20000076293945,41.0,False,False,[],walking,False,False,36.40625,3.4785919189453125,,167.0,False,127.0,False,False,,570.237,4033.77001953125,False,NO_ANAEROBIC_BENEFIT_0,False,3525.0,GARMIN,186.71108584377595,Macayla,False,9,10.04108175470942,15.0,88259817-889e-4c84-b474-88d17a223b23,167.0,69.044,1.5210000276565552,143,uncategorized,,,37.863698014989495,False,,,False,,8111.85205078125,subscribers,False,2026-05-01 07:04:28,False,UNKNOWN,,10,Kusadasi,,5,[],4438,1777619068000,Kusadasi Walking,0.30000001192092896,2026-05-01 10:04:28,,,,235.0,22722759876,False,False,,27.262974064797163,3624601887,True,0,0.6000003814697266,2.799999952316284,9,,143088564,False,,False,37.87959756329656,False,0.0
3,False,1786.678955078125,False,,False,0.0,,https://s3.amazonaws.com/garmin-connect-prod/profile_images/6dd3e63b-1cf6-47dd-a308-0af6c5311562-prfr.png,False,,,"[""SCOPE_ATP_READ"", ""SCOPE_COMMUNITY_COURSE_ADMIN_READ"", ""SCOPE_GCX_KID_WRITE"", ""SCOPE_DT_ACTIVE_INTELLIGENCE_READ"", ""SCOPE_COMMUNITY_COURSE_WRITE"", ""SCOPE_GCX_KID_ADMIN_READ"", ""SCOPE_CONNECT_WEB_TEMPLATE_RENDER"", ""SCOPE_ACTIVITY_DETECTION_READ"", ""SCOPE_OMT_SUBSCRIPTION_ADMIN_READ"", ""SCOPE_DI_OAUTH_2_MANAGED_STATUS_ADMIN_WRITE"", ""SCOPE_CONNECT_READ"", ""SCOPE_GCX_PET_READ"", ""SCOPE_GOLF_API_READ"", ""SCOPE_DI_OAUTH_2_DEVICE_REVOCATION_WRITE"", ""SCOPE_GCX_PET_WRITE"", ""SCOPE_DI_OAUTH_2_CREATE_DI_USER"", ""SCOPE_DIVE_API_WRITE"", ""SCOPE_DIVE_API_READ"", ""SCOPE_DI_OAUTH_2_CLIENT_READ"", ""SCOPE_CONNECT_WRITE"", ""SCOPE_CONNECT_MCT_DAILY_LOG_READ"", ""SCOPE_CONNECT_API_CREATE_UPDATE_USER"", ""SCOPE_MESSAGE_GENERATION_READ"", ""SCOPE_DI_OAUTH_2_CLIENT_REVOCATION_ADMIN"", ""SCOPE_GCX_PET_ADMIN_READ"", ""SCOPE_CONNECT_NON_SOCIAL_SHARED_READ"", ""SCOPE_DI_OAUTH_2_PRERELEASE_PERMISSIONS_ADMIN_WRITE"", ""SCOPE_DI_OAUTH_2_TOKEN_ADMIN"", ""SCOPE_ATP_WRITE"", ""SCOPE_GCX_KID_READ"", ""ROLE_CONNECTUSER"", ""ROLE_FITNESS_USER"", ""ROLE_WELLNESS_USER"", ""ROLE_GARMIN_USER"", ""ROLE_GCM_USER""]",,,36.0,,False,2026-04-29 10:07:25,,0.0,False,0.34599998593330383,90.0,https://s3.amazonaws.com/garmin-connect-prod/profile_images/6dd3e63b-1cf6-47dd-a308-0af6c5311562-prth.png,0.0,1786.678955078125,270.0,False,,11,False,https://s3.amazonaws.com/garmin-connect-prod/profile_images/6dd3e63b-1cf6-47dd-a308-0af6c5311562-prof.png,27.2589710354805,True,17,5.0,-1,NO_AEROBIC_BENEFIT_18,,,10,4d294da0-1d36-44c4-a103-1eeaab5f58df,19.600000381469727,,False,False,[],walking,False,False,2.09375,3.1229095458984375,,111.0,False,123.0,False,False,,143.711,618.0700073242188,False,NO_ANAEROBIC_BENEFIT_0,False,285.0,GARMIN,991.3284575253474,Macayla,False,9,16.727099683490337,2.0,a6e18e34-bcb8-4996-9204-d2b7869eda2b,111.0,35.047,2.0810000896453857,143,uncategorized,,,37.859077490866184,False,,,False,,1788.490966796875,subscribers,False,2026-04-29 09:37:37,False,UNKNOWN,,2,Kusadasi,,1,[],352,1777455457000,Kusadasi Walking,0.30000001192092896,2026-04-29 12:37:37,,,,89.0,22700912420,False,False,COMPLETE,27.25796495564282,3624601887,True,0,0.1428570066179548,13.800000190734863,9,,143088564,False,,False,37.85835941322148,False,0.0
3,False,629.1859741210938,False,,False,0.0,,https://s3.amazonaws.com/garmin-connect-prod/profile_images/6dd3e63b-1cf6-47dd-a308-0af6c5311562-prfr.png,False,,,"[""SCOPE_ATP_READ"", ""SCOPE_COMMUNITY_COURSE_ADMIN_READ"", ""SCOPE_GCX_KID_WRITE"", ""SCOPE_DT_ACTIVE_INTELLIGENCE_READ"", ""SCOPE_COMMUNITY_COURSE_WRITE"", ""SCOPE_GCX_KID_ADMIN_READ"", ""SCOPE_CONNECT_WEB_TEMPLATE_RENDER"", ""SCOPE_ACTIVITY_DETECTION_READ"", ""SCOPE_OMT_SUBSCRIPTION_ADMIN_READ"", ""SCOPE_DI_OAUTH_2_MANAGED_STATUS_ADMIN_WRITE"", ""SCOPE_CONNECT_READ"", ""SCOPE_GCX_PET_READ"", ""SCOPE_GOLF_API_READ"", ""SCOPE_DI_OAUTH_2_DEVICE_REVOCATION_WRITE"", ""SCOPE_GCX_PET_WRITE"", ""SCOPE_DI_OAUTH_2_CREATE_DI_USER"", ""SCOPE_DIVE_API_WRITE"", ""SCOPE_DIVE_API_READ"", ""SCOPE_DI_OAUTH_2_CLIENT_READ"", ""SCOPE_CONNECT_WRITE"", ""SCOPE_CONNECT_MCT_DAILY_LOG_READ"", ""SCOPE_CONNECT_API_CREATE_UPDATE_USER"", ""SCOPE_MESSAGE_GENERATION_READ"", ""SCOPE_DI_OAUTH_2_CLIENT_REVOCATION_ADMIN"", ""SCOPE_GCX_PET_ADMIN_READ"", ""SCOPE_CONNECT_NON_SOCIAL_SHARED_READ"", ""SCOPE_DI_OAUTH_2_PRERELEASE_PERMISSIONS_ADMIN_WRITE"", ""SCOPE_DI_OAUTH_2_TOKEN_ADMIN"", ""SCOPE_ATP_WRITE"", ""SCOPE_GCX_KID_READ"", ""ROLE_CONNECTUSER"", ""ROLE_FITNESS_USER"", ""ROLE_WELLNESS_USER"", ""ROLE_GARMIN_USER"", ""ROLE_GCM_USER""]",,,156.0,,False,2026-04-27 09:39:45,,0.0,False,0.7149999737739563,106.0,https://s3.amazonaws.com/garmin-connect-prod/profile_images/6dd3e63b-1cf6-47dd-a308-0af6c5311562-prth.png,0.0,7652.3681640625,1360.0,False,,11,False,https://s3.amazonaws.com/garmin-connect-prod/profile_images/6dd3e63b-1cf6-47dd-a308-0af6c5311562-prof.png,27.2659233212471,True,17,44.0,-4,MINOR_AEROBIC_BENEFIT_0,,,10,4d294da0-1d36-44c4-a103-1eeaab5f58df,34.79999923706055,41.0,False,False,[],walking,False,False,13.828125,8.461883544921875,,180.0,False,138.0,False,False,,4643.163,5468.97021484375,False,NO_ANAEROBIC_BENEFIT_0,False,4239.0,GARMIN,472.4141411566404,Macayla,False,9,7.364715103042482,24.0,cdd4370d-cd0f-4506-aa47-9c32a79488fd,180.0,1138.107,7.577000141143799,143,uncategorized,,,37.86325980909169,False,,,False,,7655.4599609375,subscribers,False,2026-04-27 07:32:10,False,RECOVERY,,61,Kusadasi,,6,[],4214,1777275130000,Kusadasi Walking,0.800000011920929,2026-04-27 10:32:10,,,,441.0,22674999680,False,False,COMPLETE,27.265210524201393,3624601887,True,0,0.7999992370605469,2.4000000953674316,9,,143088564,False,,False,37.878165766596794,False,0.0
3,False,68.91300201416016,False,2.246999979019165,False,402.943,,https://s3.amazonaws.com/garmin-connect-prod/profile_images/6dd3e63b-1cf6-47dd-a308-0af6c5311562-prfr.png,False,9.819999694824219,149.995,"[""SCOPE_ATP_READ"", ""SCOPE_COMMUNITY_COURSE_ADMIN_READ"", ""SCOPE_GCX_KID_WRITE"", ""SCOPE_DT_ACTIVE_INTELLIGENCE_READ"", ""SCOPE_COMMUNITY_COURSE_WRITE"", ""SCOPE_GCX_KID_ADMIN_READ"", ""SCOPE_CONNECT_WEB_TEMPLATE_RENDER"", ""SCOPE_ACTIVITY_DETECTION_READ"", ""SCOPE_OMT_SUBSCRIPTION_ADMIN_READ"", ""SCOPE_DI_OAUTH_2_MANAGED_STATUS_ADMIN_WRITE"", ""SCOPE_CONNECT_READ"", ""SCOPE_GCX_PET_READ"", ""SCOPE_GOLF_API_READ"", ""SCOPE_DI_OAUTH_2_DEVICE_REVOCATION_WRITE"", ""SCOPE_GCX_PET_WRITE"", ""SCOPE_DI_OAUTH_2_CREATE_DI_USER"", ""SCOPE_DIVE_API_WRITE"", ""SCOPE_DIVE_API_READ"", ""SCOPE_DI_OAUTH_2_CLIENT_READ"", ""SCOPE_CONNECT_WRITE"", ""SCOPE_CONNECT_MCT_DAILY_LOG_READ"", ""SCOPE_CONNECT_API_CREATE_UPDATE_USER"", ""SCOPE_MESSAGE_GENERATION_READ"", ""SCOPE_DI_OAUTH_2_CLIENT_REVOCATION_ADMIN"", ""SCOPE_GCX_PET_ADMIN_READ"", ""SCOPE_CONNECT_NON_SOCIAL_SHARED_READ"", ""SCOPE_DI_OAUTH_2_PRERELEASE_PERMISSIONS_ADMIN_WRITE"", ""SCOPE_DI_OAUTH_2_TOKEN_ADMIN"", ""SCOPE_ATP_WRITE"", ""SCOPE_GCX_KID_READ"", ""ROLE_CONNECTUSER"", ""ROLE_FITNESS_USER"", ""ROLE_WELLNESS_USER"", ""ROLE_GARMIN_USER"", ""ROLE_GCM_USER""]",877.502,,65.0,663.3150024414062,False,2026-04-27 04:43:26,299.70001220703125,0.20000000298023224,False,2.2239999771118164,166.0,https://s3.amazonaws.com/garmin-connect-prod/profile_images/6dd3e63b-1cf6-47dd-a308-0af6c5311562-prth.png,1981.503,3203.866943359375,706.0,False,,1,True,https://s3.amazonaws.com/garmin-connect-prod/profile_images/6dd3e63b-1cf6-47dd-a308-0af6c5311562-prof.png,27.265645964071155,True,17,76.0,-14,HIGHLY_IMPROVING_LACTATE_THRESHOLD_13,405.7659912109375,,10,4d294da0-1d36-44c4-a103-1eeaab5f58df,43.400001525878906,41.0,False,False,[],running,False,False,153.859375,159.35269165039062,1060.98,231.0,False,185.0,False,False,228.0,11.318,7125.64990234375,False,NO_ANAEROBIC_BENEFIT_0,False,3187.3690185546875,GARMIN,85.82000122070313,Macayla,False,9,13.793695395284526,66.0,fe5514ea-e445-4c8f-8b66-f9cac0578dfd,231.0,93.999,2.7809998989105225,143,uncategorized,,,37.87873498164117,False,488.956,361.0,False,,3247.1669921875,subscribers,False,2026-04-27 03:49:19,False,LACTATE_THRESHOLD,217.0,1,Kusadasi,,8,"[{""noOfSplits"": 9, ""totalAscent"": 0.0, ""duration"": 11.0, ""splitType"": ""RWD_STAND"", ""numClimbSends"": 0, ""maxElevationGain"": 0.0, ""averageElevationGain"": 0.0, ""maxDistance"": 5, ""distance"": 7.949999809265137, ""averageSpeed"": 0.7229999899864197, ""maxSpeed"": 0.3449999988079071, ""numFalls"": 0, ""elevationLoss"": 0.0}, {""noOfSplits"": 1, ""totalAscent"": 66.0, ""duration"": 3203.866943359375, ""splitType"": ""INTERVAL_ACTIVE"", ""numClimbSends"": 0, ""maxElevationGain"": 66.0, ""averageElevationGain"": 66.0, ""maxDistance"": 7123, ""distance"": 7124.7099609375, ""averageSpeed"": 2.2239999771118164, ""maxSpeed"": 2.7809998989105225, ""numFalls"": 0, ""elevationLoss"": 76.0}, {""noOfSplits"": 8, ""totalAscent"": 48.0, ""duration"": 2856.966064453125, ""splitType"": ""RWD_RUN"", ""numClimbSends"": 0, ""maxElevationGain"": 12.0, ""averageElevationGain"": 6.0, ""maxDistance"": 3261, ""distance"": 6548.31982421875, ""averageSpeed"": 2.2920000553131104, ""maxSpeed"": 2.7809998989105225, ""numFalls"": 0, ""elevationLoss"": 75.0}, {""noOfSplits"": 15, ""totalAscent"": 19.0, ""duration"": 335.864990234375, ""splitType"": ""RWD_WALK"", ""numClimbSends"": 0, ""maxElevationGain"": 7.0, ""averageElevationGain"": 2.0, ""maxDistance"": 146, ""distance"": 569.4199829101562, ""averageSpeed"": 1.6950000524520874, ""maxSpeed"": 2.0810000896453857, ""numFalls"": 0, ""elevationLoss"": 1.0}]",8272,1777261759000,Kusadasi Running,4.199999809265137,2026-04-27 06:49:19,,41.999,2222.85400390625,496.0,22672973280,False,False,,27.265406660735607,3624601887,True,50,0.40000152587890625,3.5999999046325684,1,8.40999984741211,143088564,False,,False,37.87840934470296,False,713.978
3,False,704.6619873046875,False,,False,0.0,,https://s3.amazonaws.com/garmin-connect-prod/profile_images/6dd3e63b-1cf6-47dd-a308-0af6c5311562-prfr.png,False,,,"[""SCOPE_ATP_READ"", ""SCOPE_COMMUNITY_COURSE_ADMIN_READ"", ""SCOPE_GCX_KID_WRITE"", ""SCOPE_DT_ACTIVE_INTELLIGENCE_READ"", ""SCOPE_COMMUNITY_COURSE_WRITE"", ""SCOPE_GCX_KID_ADMIN_READ"", ""SCOPE_CONNECT_WEB_TEMPLATE_RENDER"", ""SCOPE_ACTIVITY_DETECTION_READ"", ""SCOPE_OMT_SUBSCRIPTION_ADMIN_READ"", ""SCOPE_DI_OAUTH_2_MANAGED_STATUS_ADMIN_WRITE"", ""SCOPE_CONNECT_READ"", ""SCOPE_GCX_PET_READ"", ""SCOPE_GOLF_API_READ"", ""SCOPE_DI_OAUTH_2_DEVICE_REVOCATION_WRITE"", ""SCOPE_GCX_PET_WRITE"", ""SCOPE_DI_OAUTH_2_CREATE_DI_USER"", ""SCOPE_DIVE_API_WRITE"", ""SCOPE_DIVE_API_READ"", ""SCOPE_DI_OAUTH_2_CLIENT_READ"", ""SCOPE_CONNECT_WRITE"", ""SCOPE_CONNECT_MCT_DAILY_LOG_READ"", ""SCOPE_CONNECT_API_CREATE_UPDATE_USER"", ""SCOPE_MESSAGE_GENERATION_READ"", ""SCOPE_DI_OAUTH_2_CLIENT_REVOCATION_ADMIN"", ""SCOPE_GCX_PET_ADMIN_READ"", ""SCOPE_CONNECT_NON_SOCIAL_SHARED_READ"", ""SCOPE_DI_OAUTH_2_PRERELEASE_PERMISSIONS_ADMIN_WRITE"", ""SCOPE_DI_OAUTH_2_TOKEN_ADMIN"", ""SCOPE_ATP_WRITE"", ""SCOPE_GCX_KID_READ"", ""ROLE_CONNECTUSER"", ""ROLE_FITNESS_USER"", ""ROLE_WELLNESS_USER"", ""ROLE_GARMIN_USER"", ""ROLE_GCM_USER""]",,,195.0,,False,2026-04-26 12:07:03,,0.20000000298023224,False,0.609000027179718,98.0,https://s3.amazonaws.com/garmin-connect-prod/profile_images/6dd3e63b-1cf6-47dd-a308-0af6c5311562-prth.png,155.0,9550.720703125,1573.0,False,,11,False,https://s3.amazonaws.com/garmin-connect-prod/profile_images/6dd3e63b-1cf6-47dd-a308-0af6c5311562-prof.png,27.2616355586797,True,17,52.0,-16,MINOR_AEROBIC_BENEFIT_0,,,10,4d294da0-1d36-44c4-a103-1eeaab5f58df,46.0,41.0,False,False,[],walking,False,False,11.96875,27.221893310546875,,188.0,False,167.0,False,False,,2592.725,5819.4501953125,False,NO_ANAEROBIC_BENEFIT_0,False,4575.0,GARMIN,572.9861858555668,Macayla,False,9,11.77271203070567,80.0,2e877679-ba5a-4d9d-b539-edf0f403f030,188.0,573.801,4.515999794006348,143,uncategorized,,,37.87846961058676,False,,,False,,14243.41015625,subscribers,False,2026-04-26 08:09:40,False,RECOVERY,,29,Kusadasi,,6,[],4832,1777190980000,Kusadasi Walking,2.0999999046325684,2026-04-26 11:09:40,,,,517.0,22665369546,False,False,COMPLETE,27.26549576036632,3624601887,True,5,0.6999988555908202,-2.799999952316284,9,,143088564,False,,False,37.86325419321656,False,486.004
3,False,942.3510131835938,False,,False,0.0,,https://s3.amazonaws.com/garmin-connect-prod/profile_images/6dd3e63b-1cf6-47dd-a308-0af6c5311562-prfr.png,False,,,"[""SCOPE_ATP_READ"", ""SCOPE_COMMUNITY_COURSE_ADMIN_READ"", ""SCOPE_GCX_KID_WRITE"", ""SCOPE_DT_ACTIVE_INTELLIGENCE_READ"", ""SCOPE_COMMUNITY_COURSE_WRITE"", ""SCOPE_GCX_KID_ADMIN_READ"", ""SCOPE_CONNECT_WEB_TEMPLATE_RENDER"", ""SCOPE_ACTIVITY_DETECTION_READ"", ""SCOPE_OMT_SUBSCRIPTION_ADMIN_READ"", ""SCOPE_DI_OAUTH_2_MANAGED_STATUS_ADMIN_WRITE"", ""SCOPE_CONNECT_READ"", ""SCOPE_GCX_PET_READ"", ""SCOPE_GOLF_API_READ"", ""SCOPE_DI_OAUTH_2_DEVICE_REVOCATION_WRITE"", ""SCOPE_GCX_PET_WRITE"", ""SCOPE_DI_OAUTH_2_CREATE_DI_USER"", ""SCOPE_DIVE_API_WRITE"", ""SCOPE_DIVE_API_READ"", ""SCOPE_DI_OAUTH_2_CLIENT_READ"", ""SCOPE_CONNECT_WRITE"", ""SCOPE_CONNECT_MCT_DAILY_LOG_READ"", ""SCOPE_CONNECT_API_CREATE_UPDATE_USER"", ""SCOPE_MESSAGE_GENERATION_READ"", ""SCOPE_DI_OAUTH_2_CLIENT_REVOCATION_ADMIN"", ""SCOPE_GCX_PET_ADMIN_READ"", ""SCOPE_CONNECT_NON_SOCIAL_SHARED_READ"", ""SCOPE_DI_OAUTH_2_PRERELEASE_PERMISSIONS_ADMIN_WRITE"", ""SCOPE_DI_OAUTH_2_TOKEN_ADMIN"", ""SCOPE_ATP_WRITE"", ""SCOPE_GCX_KID_READ"", ""ROLE_CONNECTUSER"", ""ROLE_FITNESS_USER"", ""ROLE_WELLNESS_USER"", ""ROLE_GARMIN_USER"", ""ROLE_GCM_USER""]",,6,19.0,,False,2026-04-25 08:15:40,,0.0,False,0.0,112.0,https://s3.amazonaws.com/garmin-connect-prod/profile_images/6dd3e63b-1cf6-47dd-a308-0af6c5311562-prth.png,0.0,942.3510131835938,139.0,False,,4,False,https://s3.amazonaws.com/garmin-connect-prod/profile_images/6dd3e63b-1cf6-47dd-a308-0af6c5311562-prof.png,,False,29,,-2,MINOR_AEROBIC_BENEFIT_6,,62,10,4d294da0-1d36-44c4-a103-1eeaab5f58df,,,False,False,[],strength_training,False,False,,9.811920166015625,,,False,147.0,False,False,,170.964,0.0,False,NO_ANAEROBIC_BENEFIT_0,False,194.19500732421875,GARMIN,,Macayla,False,9,,,12bc5c30-9341-4e75-a5f2-2fa87b2ace53,,363.987,,143,uncategorized,6,,,False,,,False,,942.3510131835938,subscribers,False,2026-04-25 07:59:58,False,AEROBIC_BASE,,6,,"[{""category"": ""TRICEPS_EXTENSION"", ""subCategory"": ""TRICEPS_PRESSDOWN"", ""reps"": 15, ""volume"": 67500, ""duration"": 42768.001556396484, ""sets"": 1, ""maxWeight"": 4500}, {""category"": ""LUNGE"", ""reps"": 15, ""volume"": 67500, ""duration"": 40069.99969482422, ""sets"": 1, ""maxWeight"": 4500}, {""category"": ""UNKNOWN"", ""reps"": 20, ""volume"": 112500, ""duration"": 70198.99892807007, ""sets"": 3, ""maxWeight"": 9000}, {""category"": ""SQUAT"", ""reps"": 12, ""volume"": 108000, ""duration"": 41158.00094604492, ""sets"": 1, ""maxWeight"": 9000}]",1,[],124,1777103998000,Strength,0.8999999761581421,2026-04-25 10:59:58,,,,77.0,22650208475,False,False,,,3624601887,False,4,,,13,,143088564,False,,False,,False,79.605
3,False,300.1600036621094,False,,False,0.0,,https://s3.amazonaws.com/garmin-connect-prod/profile_images/6dd3e63b-1cf6-47dd-a308-0af6c5311562-prfr.png,False,9.630000114440918,2.0,"[""SCOPE_ATP_READ"", ""SCOPE_COMMUNITY_COURSE_ADMIN_READ"", ""SCOPE_GCX_KID_WRITE"", ""SCOPE_DT_ACTIVE_INTELLIGENCE_READ"", ""SCOPE_COMMUNITY_COURSE_WRITE"", ""SCOPE_GCX_KID_ADMIN_READ"", ""SCOPE_CONNECT_WEB_TEMPLATE_RENDER"", ""SCOPE_ACTIVITY_DETECTION_READ"", ""SCOPE_OMT_SUBSCRIPTION_ADMIN_READ"", ""SCOPE_DI_OAUTH_2_MANAGED_STATUS_ADMIN_WRITE"", ""SCOPE_CONNECT_READ"", ""SCOPE_GCX_PET_READ"", ""SCOPE_GOLF_API_READ"", ""SCOPE_DI_OAUTH_2_DEVICE_REVOCATION_WRITE"", ""SCOPE_GCX_PET_WRITE"", ""SCOPE_DI_OAUTH_2_CREATE_DI_USER"", ""SCOPE_DIVE_API_WRITE"", ""SCOPE_DIVE_API_READ"", ""SCOPE_DI_OAUTH_2_CLIENT_READ"", ""SCOPE_CONNECT_WRITE"", ""SCOPE_CONNECT_MCT_DAILY_LOG_READ"", ""SCOPE_CONNECT_API_CREATE_UPDATE_USER"", ""SCOPE_MESSAGE_GENERATION_READ"", ""SCOPE_DI_OAUTH_2_CLIENT_REVOCATION_ADMIN"", ""SCOPE_GCX_PET_ADMIN_READ"", ""SCOPE_CONNECT_NON_SOCIAL_SHARED_READ"", ""SCOPE_DI_OAUTH_2_PRERELEASE_PERMISSIONS_ADMIN_WRITE"", ""SCOPE_DI_OAUTH_2_TOKEN_ADMIN"", ""SCOPE_ATP_WRITE"", ""SCOPE_GCX_KID_READ"", ""ROLE_CONNECTUSER"", ""ROLE_FITNESS_USER"", ""ROLE_WELLNESS_USER"", ""ROLE_GARMIN_USER"", ""ROLE_GCM_USER""]",418.986,,15.0,,False,2026-04-25 07:58:25,305.70001220703125,0.20000000298023224,False,2.180999994277954,151.0,https://s3.amazonaws.com/garmin-connect-prod/profile_images/6dd3e63b-1cf6-47dd-a308-0af6c5311562-prth.png,203.71,746.2529907226562,180.0,False,,1,True,https://s3.amazonaws.com/garmin-connect-prod/profile_images/6dd3e63b-1cf6-47dd-a308-0af6c5311562-prof.png,,False,1,,-4,MAINTAINING_AEROBIC_FITNESS_1,,,10,4d294da0-1d36-44c4-a103-1eeaab5f58df,,,False,False,[],treadmill_running,False,False,146.84375,43.18450927734375,177.976,225.0,False,173.0,False,False,216.0,44.001,1627.2900390625,False,NO_ANAEROBIC_BENEFIT_0,False,729.0,GARMIN,89.45,Macayla,False,9,,,80d7a680-d9f1-413d-ba95-5f5539718d67,225.0,58.999,3.38700008392334,143,uncategorized,,,,False,1.0,345.0,False,,746.2529907226562,subscribers,False,2026-04-25 07:45:59,False,AEROBIC_BASE,202.0,2,,,2,"[{""noOfSplits"": 1, ""duration"": 8.0, ""splitType"": ""RWD_STAND"", ""numClimbSends"": 0, ""maxDistance"": 0, ""distance"": 0.0, ""averageSpeed"": 0.0, ""maxSpeed"": 0.0, ""numFalls"": 0}, {""noOfSplits"": 1, ""duration"": 746.2529907226562, ""splitType"": ""INTERVAL_ACTIVE"", ""numClimbSends"": 0, ""maxDistance"": 1627, ""distance"": 1627.2900390625, ""averageSpeed"": 2.180999994277954, ""maxSpeed"": 3.38700008392334, ""numFalls"": 0}, {""noOfSplits"": 2, ""duration"": 622.0, ""splitType"": ""RWD_RUN"", ""numClimbSends"": 0, ""maxDistance"": 1021, ""distance"": 1453.1600341796875, ""averageSpeed"": 2.3359999656677246, ""maxSpeed"": 3.38700008392334, ""numFalls"": 0}, {""noOfSplits"": 4, ""duration"": 116.02999877929688, ""splitType"": ""RWD_WALK"", ""numClimbSends"": 0, ""maxDistance"": 150, ""distance"": 174.1300048828125, ""averageSpeed"": 1.5010000467300415, ""maxSpeed"": 1.7910000085830688, ""numFalls"": 0}]",1826,1777103159000,Treadmill Running,2.5,2026-04-25 10:45:59,,1.0,,111.0,22650034387,False,False,,,3624601887,True,10,,,18,8.6,143088564,False,,False,,False,431.006
3,False,27.69300079345703,False,2.2360000610351562,False,1308.929,,https://s3.amazonaws.com/garmin-connect-prod/profile_images/6dd3e63b-1cf6-47dd-a308-0af6c5311562-prfr.png,False,9.930000305175781,137.002,"[""SCOPE_ATP_READ"", ""SCOPE_COMMUNITY_COURSE_ADMIN_READ"", ""SCOPE_GCX_KID_WRITE"", ""SCOPE_DT_ACTIVE_INTELLIGENCE_READ"", ""SCOPE_COMMUNITY_COURSE_WRITE"", ""SCOPE_GCX_KID_ADMIN_READ"", ""SCOPE_CONNECT_WEB_TEMPLATE_RENDER"", ""SCOPE_ACTIVITY_DETECTION_READ"", ""SCOPE_OMT_SUBSCRIPTION_ADMIN_READ"", ""SCOPE_DI_OAUTH_2_MANAGED_STATUS_ADMIN_WRITE"", ""SCOPE_CONNECT_READ"", ""SCOPE_GCX_PET_READ"", ""SCOPE_GOLF_API_READ"", ""SCOPE_DI_OAUTH_2_DEVICE_REVOCATION_WRITE"", ""SCOPE_GCX_PET_WRITE"", ""SCOPE_DI_OAUTH_2_CREATE_DI_USER"", ""SCOPE_DIVE_API_WRITE"", ""SCOPE_DIVE_API_READ"", ""SCOPE_DI_OAUTH_2_CLIENT_READ"", ""SCOPE_CONNECT_WRITE"", ""SCOPE_CONNECT_MCT_DAILY_LOG_READ"", ""SCOPE_CONNECT_API_CREATE_UPDATE_USER"", ""SCOPE_MESSAGE_GENERATION_READ"", ""SCOPE_DI_OAUTH_2_CLIENT_REVOCATION_ADMIN"", ""SCOPE_GCX_PET_ADMIN_READ"", ""SCOPE_CONNECT_NON_SOCIAL_SHARED_READ"", ""SCOPE_DI_OAUTH_2_PRERELEASE_PERMISSIONS_ADMIN_WRITE"", ""SCOPE_DI_OAUTH_2_TOKEN_ADMIN"", ""SCOPE_ATP_WRITE"", ""SCOPE_GCX_KID_READ"", ""ROLE_CONNECTUSER"", ""ROLE_FITNESS_USER"", ""ROLE_WELLNESS_USER"", ""ROLE_GARMIN_USER"", ""ROLE_GCM_USER""]",2676.877,,156.0,649.77099609375,False,2026-04-19 12:22:16,297.79998779296875,0.0,False,2.2249999046325684,171.0,https://s3.amazonaws.com/garmin-connect-prod/profile_images/6dd3e63b-1cf6-47dd-a308-0af6c5311562-prth.png,5855.771,7671.3359375,1608.0,False,,1,True,https://s3.amazonaws.com/garmin-connect-prod/profile_images/6dd3e63b-1cf6-47dd-a308-0af6c5311562-prof.png,-2.7455676533281803,True,17,137.0,-31,OVERREACHING_17,402.53900146484375,,10,4d294da0-1d36-44c4-a103-1eeaab5f58df,52.79999923706055,41.0,False,False,[],running,False,False,155.15625,244.43675231933594,3379.021,250.0,False,189.0,False,False,226.0,22.317,17068.4609375,False,NO_ANAEROBIC_BENEFIT_0,False,7668.794036865234,GARMIN,84.87999877929688,Macayla,False,9,29.342361836724287,141.0,d14b3385-30fc-4548-a895-362a73cbe1a2,250.0,82.0,2.5380001068115234,159,uncategorized,,,53.22034785524011,False,823.354,338.0,False,4439.4208984375,7694.51513671875,subscribers,False,2026-04-19 10:14:02,False,VO2MAX,220.0,4,Cheshire West and Chester,,18,"[{""noOfSplits"": 1, ""totalAscent"": 141.0, ""duration"": 7671.3359375, ""splitType"": ""INTERVAL_ACTIVE"", ""numClimbSends"": 0, ""maxElevationGain"": 141.0, ""averageElevationGain"": 141.0, ""maxDistance"": 17065, ""distance"": 17068.009765625, ""averageSpeed"": 2.2249999046325684, ""maxSpeed"": 2.5380001068115234, ""numFalls"": 0, ""elevationLoss"": 137.0}, {""noOfSplits"": 11, ""totalAscent"": 112.0, ""duration"": 7068.15087890625, ""splitType"": ""RWD_RUN"", ""numClimbSends"": 0, ""maxElevationGain"": 42.0, ""averageElevationGain"": 10.0, ""maxDistance"": 6912, ""distance"": 16074.5400390625, ""averageSpeed"": 2.2739999294281006, ""maxSpeed"": 2.5380001068115234, ""numFalls"": 0, ""elevationLoss"": 136.0}, {""noOfSplits"": 11, ""totalAscent"": 29.0, ""duration"": 603.156005859375, ""splitType"": ""RWD_WALK"", ""numClimbSends"": 0, ""maxElevationGain"": 9.0, ""averageElevationGain"": 3.0, ""maxDistance"": 259, ""distance"": 993.8800048828125, ""averageSpeed"": 1.6480000019073486, ""maxSpeed"": 2.0899999141693115, ""numFalls"": 0, ""elevationLoss"": 1.0}]",19914,1776593642000,Cheshire West and Chester Running,5.0,2026-04-19 11:14:02,,17.0,2176.8759765625,1169.0,22582421119,False,False,,-2.7457496244460344,3624601887,True,123,0.6000003814697266,7.400000095367432,1,8.430000305175781,143088564,False,,False,53.22042220272124,False,401.975
3,False,3.197999954223633,False,,False,0.0,,https://s3.amazonaws.com/garmin-connect-prod/profile_images/6dd3e63b-1cf6-47dd-a308-0af6c5311562-prfr.png,False,10.100000381469727,0.0,"[""SCOPE_ATP_READ"", ""SCOPE_COMMUNITY_COURSE_ADMIN_READ"", ""SCOPE_GCX_KID_WRITE"", ""SCOPE_DT_ACTIVE_INTELLIGENCE_READ"", ""SCOPE_COMMUNITY_COURSE_WRITE"", ""SCOPE_GCX_KID_ADMIN_READ"", ""SCOPE_CONNECT_WEB_TEMPLATE_RENDER"", ""SCOPE_ACTIVITY_DETECTION_READ"", ""SCOPE_OMT_SUBSCRIPTION_ADMIN_READ"", ""SCOPE_DI_OAUTH_2_MANAGED_STATUS_ADMIN_WRITE"", ""SCOPE_CONNECT_READ"", ""SCOPE_GCX_PET_READ"", ""SCOPE_GOLF_API_READ"", ""SCOPE_DI_OAUTH_2_DEVICE_REVOCATION_WRITE"", ""SCOPE_GCX_PET_WRITE"", ""SCOPE_DI_OAUTH_2_CREATE_DI_USER"", ""SCOPE_DIVE_API_WRITE"", ""SCOPE_DIVE_API_READ"", ""SCOPE_DI_OAUTH_2_CLIENT_READ"", ""SCOPE_CONNECT_WRITE"", ""SCOPE_CONNECT_MCT_DAILY_LOG_READ"", ""SCOPE_CONNECT_API_CREATE_UPDATE_USER"", ""SCOPE_MESSAGE_GENERATION_READ"", ""SCOPE_DI_OAUTH_2_CLIENT_REVOCATION_ADMIN"", ""SCOPE_GCX_PET_ADMIN_READ"", ""SCOPE_CONNECT_NON_SOCIAL_SHARED_READ"", ""SCOPE_DI_OAUTH_2_PRERELEASE_PERMISSIONS_ADMIN_WRITE"", ""SCOPE_DI_OAUTH_2_TOKEN_ADMIN"", ""SCOPE_ATP_WRITE"", ""SCOPE_GCX_KID_READ"", ""ROLE_CONNECTUSER"", ""ROLE_FITNESS_USER"", ""ROLE_WELLNESS_USER"", ""ROLE_GARMIN_USER"", ""ROLE_GCM_USER""]",479.66,,27.0,,False,2026-04-12 11:06:53,308.79998779296875,0.0,False,2.2679998874664307,151.0,https://s3.amazonaws.com/garmin-connect-prod/profile_images/6dd3e63b-1cf6-47dd-a308-0af6c5311562-prth.png,476.125,1327.0439453125,289.0,False,,1,True,https://s3.amazonaws.com/garmin-connect-prod/profile_images/6dd3e63b-1cf6-47dd-a308-0af6c5311562-prof.png,,False,1,,-7,IMPROVING_AEROBIC_BASE_8,,,10,4d294da0-1d36-44c4-a103-1eeaab5f58df,,,False,False,[],treadmill_running,False,False,151.0,66.82795715332031,811.978,159.0,False,173.0,False,False,220.0,45.0,3009.550048828125,False,NO_ANAEROBIC_BENEFIT_0,False,1315.864013671875,GARMIN,90.65999755859376,Macayla,False,9,,,3e4a97ae-6345-4e0e-846e-da390f74b9e7,159.0,156.131,2.4170000553131104,159,uncategorized,,,,False,0.0,244.0,False,,1464.365966796875,subscribers,False,2026-04-12 10:42:29,False,AEROBIC_BASE,218.0,2,,,4,"[{""noOfSplits"": 11, ""duration"": 7.0, ""splitType"": ""RWD_STAND"", ""numClimbSends"": 0, ""maxDistance"": 0, ""distance"": 0.0, ""averageSpeed"": 0.0, ""maxSpeed"": 0.0, ""numFalls"": 0}, {""noOfSplits"": 1, ""duration"": 1327.0439453125, ""splitType"": ""INTERVAL_ACTIVE"", ""numClimbSends"": 0, ""maxDistance"": 3009, ""distance"": 3009.550048828125, ""averageSpeed"": 2.2679998874664307, ""maxSpeed"": 2.4170000553131104, ""numFalls"": 0}, {""noOfSplits"": 3, ""duration"": 1294.0670166015625, ""splitType"": ""RWD_RUN"", ""numClimbSends"": 0, ""maxDistance"": 2007, ""distance"": 2988.68994140625, ""averageSpeed"": 2.309999942779541, ""maxSpeed"": 2.4170000553131104, ""numFalls"": 0}, {""noOfSplits"": 10, ""duration"": 25.94099998474121, ""splitType"": ""RWD_WALK"", ""numClimbSends"": 0, ""maxDistance"": 11, ""distance"": 20.860000610351562, ""averageSpeed"": 0.8040000200271606, ""maxSpeed"": 1.6239999532699585, ""numFalls"": 0}]",3314,1775990549000,Treadmill Running,3.0,2026-04-12 11:42:29,,0.0,,196.0,22498760142,False,False,,,3624601887,True,21,,,18,9.11999969482422,143088564,False,,False,,False,625.515
3,False,208.2480010986328,False,2.4019999504089355,False,697.287,,https://s3.amazonaws.com/garmin-connect-prod/profile_images/6dd3e63b-1cf6-47dd-a308-0af6c5311562-prfr.png,False,9.779999732971191,81.0,"[""SCOPE_ATP_READ"", ""SCOPE_COMMUNITY_COURSE_ADMIN_READ"", ""SCOPE_GCX_KID_WRITE"", ""SCOPE_DT_ACTIVE_INTELLIGENCE_READ"", ""SCOPE_COMMUNITY_COURSE_WRITE"", ""SCOPE_GCX_KID_ADMIN_READ"", ""SCOPE_CONNECT_WEB_TEMPLATE_RENDER"", ""SCOPE_ACTIVITY_DETECTION_READ"", ""SCOPE_OMT_SUBSCRIPTION_ADMIN_READ"", ""SCOPE_DI_OAUTH_2_MANAGED_STATUS_ADMIN_WRITE"", ""SCOPE_CONNECT_READ"", ""SCOPE_GCX_PET_READ"", ""SCOPE_GOLF_API_READ"", ""SCOPE_DI_OAUTH_2_DEVICE_REVOCATION_WRITE"", ""SCOPE_GCX_PET_WRITE"", ""SCOPE_DI_OAUTH_2_CREATE_DI_USER"", ""SCOPE_DIVE_API_WRITE"", ""SCOPE_DIVE_API_READ"", ""SCOPE_DI_OAUTH_2_CLIENT_READ"", ""SCOPE_CONNECT_WRITE"", ""SCOPE_CONNECT_MCT_DAILY_LOG_READ"", ""SCOPE_CONNECT_API_CREATE_UPDATE_USER"", ""SCOPE_MESSAGE_GENERATION_READ"", ""SCOPE_DI_OAUTH_2_CLIENT_REVOCATION_ADMIN"", ""SCOPE_GCX_PET_ADMIN_READ"", ""SCOPE_CONNECT_NON_SOCIAL_SHARED_READ"", ""SCOPE_DI_OAUTH_2_PRERELEASE_PERMISSIONS_ADMIN_WRITE"", ""SCOPE_DI_OAUTH_2_TOKEN_ADMIN"", ""SCOPE_ATP_WRITE"", ""SCOPE_GCX_KID_READ"", ""ROLE_CONNECTUSER"", ""ROLE_FITNESS_USER"", ""ROLE_WELLNESS_USER"", ""ROLE_GARMIN_USER"", ""ROLE_GCM_USER""]",766.992,,30.0,649.93798828125,False,2026-04-10 12:17:33,289.6000061035156,0.0,False,2.3989999294281006,162.0,https://s3.amazonaws.com/garmin-connect-prod/profile_images/6dd3e63b-1cf6-47dd-a308-0af6c5311562-prth.png,188.992,1460.8470458984375,349.0,False,,1,True,https://s3.amazonaws.com/garmin-connect-prod/profile_images/6dd3e63b-1cf6-47dd-a308-0af6c5311562-prof.png,-3.013378009200096,True,17,18.0,-7,IMPROVING_LACTATE_THRESHOLD_12,392.47601318359375,,10,4d294da0-1d36-44c4-a103-1eeaab5f58df,26.399999618530273,41.0,False,False,[],running,False,False,158.359375,95.19038391113281,196.52,167.0,False,186.0,False,False,242.0,32.0,3504.669921875,False,NO_ANAEROBIC_BENEFIT_0,False,1455.3710021972656,GARMIN,91.07000122070313,Macayla,False,9,18.04722794239689,16.0,4fc49499-b5e7-4e8d-96c6-225b91cee00c,167.0,277.224,2.668999910354614,159,uncategorized,,,53.36132576689124,False,380.738,313.0,False,,1483.0810546875,subscribers,False,2026-04-10 11:52:50,False,LACTATE_THRESHOLD,239.0,1,Wirral,,4,"[{""noOfSplits"": 2, ""totalAscent"": 0.0, ""duration"": 2.9600000381469727, ""splitType"": ""RWD_STAND"", ""numClimbSends"": 0, ""maxElevationGain"": 0.0, ""averageElevationGain"": 0.0, ""maxDistance"": 2, ""distance"": 2.7200000286102295, ""averageSpeed"": 0.9190000295639038, ""maxSpeed"": 0.0, ""numFalls"": 0, ""elevationLoss"": 0.0}, {""noOfSplits"": 1, ""totalAscent"": 16.0, ""duration"": 1460.8470458984375, ""splitType"": ""INTERVAL_ACTIVE"", ""numClimbSends"": 0, ""maxElevationGain"": 16.0, ""averageElevationGain"": 16.0, ""maxDistance"": 3504, ""distance"": 3504.659912109375, ""averageSpeed"": 2.3989999294281006, ""maxSpeed"": 2.6689999103546143, ""numFalls"": 0, ""elevationLoss"": 18.0}, {""noOfSplits"": 3, ""totalAscent"": 16.0, ""duration"": 1440.8499755859375, ""splitType"": ""RWD_RUN"", ""numClimbSends"": 0, ""maxElevationGain"": 9.0, ""averageElevationGain"": 5.0, ""maxDistance"": 2811, ""distance"": 3473.9599609375, ""averageSpeed"": 2.4110000133514404, ""maxSpeed"": 2.6689999103546143, ""numFalls"": 0, ""elevationLoss"": 18.0}, {""noOfSplits"": 5, ""totalAscent"": 0.0, ""duration"": 17.0, ""splitType"": ""RWD_WALK"", ""numClimbSends"": 0, ""maxElevationGain"": 0.0, ""averageElevationGain"": 0.0, ""maxDistance"": 10, ""distance"": 27.989999771118164, ""averageSpeed"": 1.6460000276565552, ""maxSpeed"": 2.071000099182129, ""numFalls"": 0, ""elevationLoss"": 0.0}]",3872,1775821970000,Wirral Running,3.299999952316284,2026-04-10 12:52:50,,0.0,,236.0,22476379741,False,False,,-3.013114482164383,3624601887,True,23,0.40000152587890625,12.800000190734863,1,8.86999969482422,143088564,False,,False,53.3615214843303,False,238.985
3,False,2.0429999828338623,False,2.2799999713897705,False,1237.313,,https://s3.amazonaws.com/garmin-connect-prod/profile_images/6dd3e63b-1cf6-47dd-a308-0af6c5311562-prfr.png,False,9.779999732971191,579.997,"[""SCOPE_ATP_READ"", ""SCOPE_COMMUNITY_COURSE_ADMIN_READ"", ""SCOPE_GCX_KID_WRITE"", ""SCOPE_DT_ACTIVE_INTELLIGENCE_READ"", ""SCOPE_COMMUNITY_COURSE_WRITE"", ""SCOPE_GCX_KID_ADMIN_READ"", ""SCOPE_CONNECT_WEB_TEMPLATE_RENDER"", ""SCOPE_ACTIVITY_DETECTION_READ"", ""SCOPE_OMT_SUBSCRIPTION_ADMIN_READ"", ""SCOPE_DI_OAUTH_2_MANAGED_STATUS_ADMIN_WRITE"", ""SCOPE_CONNECT_READ"", ""SCOPE_GCX_PET_READ"", ""SCOPE_GOLF_API_READ"", ""SCOPE_DI_OAUTH_2_DEVICE_REVOCATION_WRITE"", ""SCOPE_GCX_PET_WRITE"", ""SCOPE_DI_OAUTH_2_CREATE_DI_USER"", ""SCOPE_DIVE_API_WRITE"", ""SCOPE_DIVE_API_READ"", ""SCOPE_DI_OAUTH_2_CLIENT_READ"", ""SCOPE_CONNECT_WRITE"", ""SCOPE_CONNECT_MCT_DAILY_LOG_READ"", ""SCOPE_CONNECT_API_CREATE_UPDATE_USER"", ""SCOPE_MESSAGE_GENERATION_READ"", ""SCOPE_DI_OAUTH_2_CLIENT_REVOCATION_ADMIN"", ""SCOPE_GCX_PET_ADMIN_READ"", ""SCOPE_CONNECT_NON_SOCIAL_SHARED_READ"", ""SCOPE_DI_OAUTH_2_PRERELEASE_PERMISSIONS_ADMIN_WRITE"", ""SCOPE_DI_OAUTH_2_TOKEN_ADMIN"", ""SCOPE_ATP_WRITE"", ""SCOPE_GCX_KID_READ"", ""ROLE_CONNECTUSER"", ""ROLE_FITNESS_USER"", ""ROLE_WELLNESS_USER"", ""ROLE_GARMIN_USER"", ""ROLE_GCM_USER""]",1480.056,,107.0,673.1409912109375,False,2026-04-05 10:22:08,297.5,1.399999976158142,False,2.2929999828338623,169.0,https://s3.amazonaws.com/garmin-connect-prod/profile_images/6dd3e63b-1cf6-47dd-a308-0af6c5311562-prth.png,3294.618,5235.22998046875,1038.0,False,,1,True,https://s3.amazonaws.com/garmin-connect-prod/profile_images/6dd3e63b-1cf6-47dd-a308-0af6c5311562-prof.png,-3.0131057649850845,True,17,104.0,-27,HIGHLY_IMPROVING_LACTATE_THRESHOLD_13,381.447998046875,,10,4d294da0-1d36-44c4-a103-1eeaab5f58df,27.600000381469727,41.0,False,False,[],running,False,False,153.671875,210.75674438476562,1765.794,236.0,False,189.0,False,False,239.0,31.107,12006.6103515625,False,MINOR_ANAEROBIC_BENEFIT_15,False,5186.889984130859,GARMIN,88.24000244140626,Macayla,False,9,9.856362250292966,97.0,69667387-f418-41a8-a325-c38a63fdc8f2,236.0,73.925,3.0510001182556157,159,uncategorized,,,53.36160614155233,False,766.308,359.0,False,4794.84814453125,6194.583984375,subscribers,False,2026-04-05 08:38:54,False,LACTATE_THRESHOLD,226.0,8,Wirral,,13,"[{""noOfSplits"": 10, ""totalAscent"": 0.0, ""duration"": 46.465999603271484, ""splitType"": ""RWD_STAND"", ""numClimbSends"": 0, ""maxElevationGain"": 0.0, ""averageElevationGain"": 0.0, ""maxDistance"": 11, ""distance"": 21.540000915527344, ""averageSpeed"": 0.46399998664855957, ""maxSpeed"": 0.0, ""numFalls"": 0, ""elevationLoss"": 0.0}, {""noOfSplits"": 1, ""totalAscent"": 97.0, ""duration"": 5235.22998046875, ""splitType"": ""INTERVAL_ACTIVE"", ""numClimbSends"": 0, ""maxElevationGain"": 97.0, ""averageElevationGain"": 97.0, ""maxDistance"": 12004, ""distance"": 12006.400390625, ""averageSpeed"": 2.2929999828338623, ""maxSpeed"": 3.0510001182556152, ""numFalls"": 0, ""elevationLoss"": 104.0}, {""noOfSplits"": 9, ""totalAscent"": 92.0, ""duration"": 4769.72021484375, ""splitType"": ""RWD_RUN"", ""numClimbSends"": 0, ""maxElevationGain"": 26.0, ""averageElevationGain"": 12.0, ""maxDistance"": 3049, ""distance"": 11315.4501953125, ""averageSpeed"": 2.371999979019165, ""maxSpeed"": 3.0510001182556152, ""numFalls"": 0, ""elevationLoss"": 101.0}, {""noOfSplits"": 16, ""totalAscent"": 5.0, ""duration"": 418.8169860839844, ""splitType"": ""RWD_WALK"", ""numClimbSends"": 0, ""maxElevationGain"": 2.0, ""averageElevationGain"": 1.0, ""maxDistance"": 268, ""distance"": 669.6300048828125, ""averageSpeed"": 1.5989999771118164, ""maxSpeed"": 2.1089999675750732, ""numFalls"": 0, ""elevationLoss"": 2.0}]",13564,1775378334000,Wirral Running,4.5,2026-04-05 09:38:54,,83.997,2227.47509765625,824.0,22414365387,False,False,,-3.013395443558693,3624601887,True,94,1.0,-2.5999999046325684,1,8.60999984741211,143088564,False,,False,53.36121143773198,False,598.037
3,False,1.9450000524520874,False,,False,0.0,,https://s3.amazonaws.com/garmin-connect-prod/profile_images/6dd3e63b-1cf6-47dd-a308-0af6c5311562-prfr.png,False,10.029999732971191,0.0,"[""SCOPE_ATP_READ"", ""SCOPE_COMMUNITY_COURSE_ADMIN_READ"", ""SCOPE_GCX_KID_WRITE"", ""SCOPE_DT_ACTIVE_INTELLIGENCE_READ"", ""SCOPE_COMMUNITY_COURSE_WRITE"", ""SCOPE_GCX_KID_ADMIN_READ"", ""SCOPE_CONNECT_WEB_TEMPLATE_RENDER"", ""SCOPE_ACTIVITY_DETECTION_READ"", ""SCOPE_OMT_SUBSCRIPTION_ADMIN_READ"", ""SCOPE_DI_OAUTH_2_MANAGED_STATUS_ADMIN_WRITE"", ""SCOPE_CONNECT_READ"", ""SCOPE_GCX_PET_READ"", ""SCOPE_GOLF_API_READ"", ""SCOPE_DI_OAUTH_2_DEVICE_REVOCATION_WRITE"", ""SCOPE_GCX_PET_WRITE"", ""SCOPE_DI_OAUTH_2_CREATE_DI_USER"", ""SCOPE_DIVE_API_WRITE"", ""SCOPE_DIVE_API_READ"", ""SCOPE_DI_OAUTH_2_CLIENT_READ"", ""SCOPE_CONNECT_WRITE"", ""SCOPE_CONNECT_MCT_DAILY_LOG_READ"", ""SCOPE_CONNECT_API_CREATE_UPDATE_USER"", ""SCOPE_MESSAGE_GENERATION_READ"", ""SCOPE_DI_OAUTH_2_CLIENT_REVOCATION_ADMIN"", ""SCOPE_GCX_PET_ADMIN_READ"", ""SCOPE_CONNECT_NON_SOCIAL_SHARED_READ"", ""SCOPE_DI_OAUTH_2_PRERELEASE_PERMISSIONS_ADMIN_WRITE"", ""SCOPE_DI_OAUTH_2_TOKEN_ADMIN"", ""SCOPE_ATP_WRITE"", ""SCOPE_GCX_KID_READ"", ""ROLE_CONNECTUSER"", ""ROLE_FITNESS_USER"", ""ROLE_WELLNESS_USER"", ""ROLE_GARMIN_USER"", ""ROLE_GCM_USER""]",662.512,,27.0,,False,2026-04-05 08:32:24,305.0,0.0,False,2.257999897003174,141.0,https://s3.amazonaws.com/garmin-connect-prod/profile_images/6dd3e63b-1cf6-47dd-a308-0af6c5311562-prth.png,0.0,1331.3199462890625,306.0,False,,1,True,https://s3.amazonaws.com/garmin-connect-prod/profile_images/6dd3e63b-1cf6-47dd-a308-0af6c5311562-prof.png,,False,1,,-6,MAINTAINING_AEROBIC_FITNESS_1,,,10,4d294da0-1d36-44c4-a103-1eeaab5f58df,,,False,False,[],treadmill_running,False,False,152.09375,46.3992919921875,601.993,158.0,False,157.0,False,False,220.0,42.002,3005.929931640625,False,NO_ANAEROBIC_BENEFIT_0,False,1311.0,GARMIN,90.77000122070314,Macayla,False,9,,,9fb302c3-83c4-4d90-a3e0-12ba3a8fd4ec,158.0,277.002,2.4170000553131104,159,uncategorized,,,,False,0.0,248.0,False,,1331.3199462890625,subscribers,False,2026-04-05 08:10:13,False,AEROBIC_BASE,216.0,2,,,4,"[{""noOfSplits"": 1, ""duration"": 1331.3199462890625, ""splitType"": ""INTERVAL_ACTIVE"", ""numClimbSends"": 0, ""maxDistance"": 3005, ""distance"": 3005.929931640625, ""averageSpeed"": 2.257999897003174, ""maxSpeed"": 2.4170000553131104, ""numFalls"": 0}, {""noOfSplits"": 7, ""duration"": 1298.2950439453125, ""splitType"": ""RWD_RUN"", ""numClimbSends"": 0, ""maxDistance"": 2972, ""distance"": 2972.97998046875, ""averageSpeed"": 2.2899999618530273, ""maxSpeed"": 2.4170000553131104, ""numFalls"": 0}, {""noOfSplits"": 13, ""duration"": 33.0, ""splitType"": ""RWD_WALK"", ""numClimbSends"": 0, ""maxDistance"": 32, ""distance"": 32.959999084472656, ""averageSpeed"": 0.9990000128746033, ""maxSpeed"": 1.5019999742507935, ""numFalls"": 0}]",3336,1775376613000,Treadmill Running,2.5,2026-04-05 09:10:13,,0.0,,181.0,22412996240,False,False,,,3624601887,True,19,,,18,9.05,143088564,False,,False,,False,977.505
3,False,1.7569999694824219,False,,False,484.01,,https://s3.amazonaws.com/garmin-connect-prod/profile_images/6dd3e63b-1cf6-47dd-a308-0af6c5311562-prfr.png,False,9.829999923706055,20.0,"[""SCOPE_ATP_READ"", ""SCOPE_COMMUNITY_COURSE_ADMIN_READ"", ""SCOPE_GCX_KID_WRITE"", ""SCOPE_DT_ACTIVE_INTELLIGENCE_READ"", ""SCOPE_COMMUNITY_COURSE_WRITE"", ""SCOPE_GCX_KID_ADMIN_READ"", ""SCOPE_CONNECT_WEB_TEMPLATE_RENDER"", ""SCOPE_ACTIVITY_DETECTION_READ"", ""SCOPE_OMT_SUBSCRIPTION_ADMIN_READ"", ""SCOPE_DI_OAUTH_2_MANAGED_STATUS_ADMIN_WRITE"", ""SCOPE_CONNECT_READ"", ""SCOPE_GCX_PET_READ"", ""SCOPE_GOLF_API_READ"", ""SCOPE_DI_OAUTH_2_DEVICE_REVOCATION_WRITE"", ""SCOPE_GCX_PET_WRITE"", ""SCOPE_DI_OAUTH_2_CREATE_DI_USER"", ""SCOPE_DIVE_API_WRITE"", ""SCOPE_DIVE_API_READ"", ""SCOPE_DI_OAUTH_2_CLIENT_READ"", ""SCOPE_CONNECT_WRITE"", ""SCOPE_CONNECT_MCT_DAILY_LOG_READ"", ""SCOPE_CONNECT_API_CREATE_UPDATE_USER"", ""SCOPE_MESSAGE_GENERATION_READ"", ""SCOPE_DI_OAUTH_2_CLIENT_REVOCATION_ADMIN"", ""SCOPE_GCX_PET_ADMIN_READ"", ""SCOPE_CONNECT_NON_SOCIAL_SHARED_READ"", ""SCOPE_DI_OAUTH_2_PRERELEASE_PERMISSIONS_ADMIN_WRITE"", ""SCOPE_DI_OAUTH_2_TOKEN_ADMIN"", ""SCOPE_ATP_WRITE"", ""SCOPE_GCX_KID_READ"", ""ROLE_CONNECTUSER"", ""ROLE_FITNESS_USER"", ""ROLE_WELLNESS_USER"", ""ROLE_GARMIN_USER"", ""ROLE_GCM_USER""]",1102.998,,27.0,,False,2026-03-29 10:42:50,301.29998779296875,0.0,False,2.3269999027252197,172.0,https://s3.amazonaws.com/garmin-connect-prod/profile_images/6dd3e63b-1cf6-47dd-a308-0af6c5311562-prth.png,665.982,1291.9410400390625,295.0,False,,1,True,https://s3.amazonaws.com/garmin-connect-prod/profile_images/6dd3e63b-1cf6-47dd-a308-0af6c5311562-prof.png,,False,1,,-4,IMPROVING_LACTATE_THRESHOLD_12,,,10,4d294da0-1d36-44c4-a103-1eeaab5f58df,,,False,False,[],treadmill_running,False,False,152.21875,117.34469604492188,39.997,160.0,False,184.0,False,False,234.0,9.894,3006.530029296875,False,NO_ANAEROBIC_BENEFIT_0,False,1268.5419921875,GARMIN,92.19000244140625,Macayla,False,9,,,7892d349-4490-4e9c-8f81-01adad660dc8,160.0,40.0,2.9760000705718994,159,uncategorized,,,,False,68.997,304.0,False,,1291.9410400390625,subscribers,False,2026-03-29 10:21:19,False,LACTATE_THRESHOLD,229.0,0,,,4,"[{""noOfSplits"": 3, ""duration"": 13.00100040435791, ""splitType"": ""RWD_STAND"", ""numClimbSends"": 0, ""maxDistance"": 0, ""distance"": 0.0, ""averageSpeed"": 0.0, ""maxSpeed"": 0.0, ""numFalls"": 0}, {""noOfSplits"": 1, ""duration"": 1291.9410400390625, ""splitType"": ""INTERVAL_ACTIVE"", ""numClimbSends"": 0, ""maxDistance"": 3006, ""distance"": 3006.530029296875, ""averageSpeed"": 2.3269999027252197, ""maxSpeed"": 2.9760000705718994, ""numFalls"": 0}, {""noOfSplits"": 2, ""duration"": 1244.876953125, ""splitType"": ""RWD_RUN"", ""numClimbSends"": 0, ""maxDistance"": 2291, ""distance"": 2967.7900390625, ""averageSpeed"": 2.384000062942505, ""maxSpeed"": 2.9760000705718994, ""numFalls"": 0}, {""noOfSplits"": 4, ""duration"": 33.99800109863281, ""splitType"": ""RWD_WALK"", ""numClimbSends"": 0, ""maxDistance"": 35, ""distance"": 38.72999954223633, ""averageSpeed"": 1.1390000581741333, ""maxSpeed"": 1.8380000591278076, ""numFalls"": 0}]",3258,1774779679000,Treadmill Running,3.5,2026-03-29 11:21:19,,0.0,,232.0,22336431020,False,False,,,3624601887,True,20,,,18,9.030000305175781,143088564,False,,False,,False,92.001
3,False,18.520999908447266,False,2.309999942779541,False,540.437,,https://s3.amazonaws.com/garmin-connect-prod/profile_images/6dd3e63b-1cf6-47dd-a308-0af6c5311562-prfr.png,False,9.640000343322754,271.731,"[""SCOPE_ATP_READ"", ""SCOPE_COMMUNITY_COURSE_ADMIN_READ"", ""SCOPE_GCX_KID_WRITE"", ""SCOPE_DT_ACTIVE_INTELLIGENCE_READ"", ""SCOPE_COMMUNITY_COURSE_WRITE"", ""SCOPE_GCX_KID_ADMIN_READ"", ""SCOPE_CONNECT_WEB_TEMPLATE_RENDER"", ""SCOPE_ACTIVITY_DETECTION_READ"", ""SCOPE_OMT_SUBSCRIPTION_ADMIN_READ"", ""SCOPE_DI_OAUTH_2_MANAGED_STATUS_ADMIN_WRITE"", ""SCOPE_CONNECT_READ"", ""SCOPE_GCX_PET_READ"", ""SCOPE_GOLF_API_READ"", ""SCOPE_DI_OAUTH_2_DEVICE_REVOCATION_WRITE"", ""SCOPE_GCX_PET_WRITE"", ""SCOPE_DI_OAUTH_2_CREATE_DI_USER"", ""SCOPE_DIVE_API_WRITE"", ""SCOPE_DIVE_API_READ"", ""SCOPE_DI_OAUTH_2_CLIENT_READ"", ""SCOPE_CONNECT_WRITE"", ""SCOPE_CONNECT_MCT_DAILY_LOG_READ"", ""SCOPE_CONNECT_API_CREATE_UPDATE_USER"", ""SCOPE_MESSAGE_GENERATION_READ"", ""SCOPE_DI_OAUTH_2_CLIENT_REVOCATION_ADMIN"", ""SCOPE_GCX_PET_ADMIN_READ"", ""SCOPE_CONNECT_NON_SOCIAL_SHARED_READ"", ""SCOPE_DI_OAUTH_2_PRERELEASE_PERMISSIONS_ADMIN_WRITE"", ""SCOPE_DI_OAUTH_2_TOKEN_ADMIN"", ""SCOPE_ATP_WRITE"", ""SCOPE_GCX_KID_READ"", ""ROLE_CONNECTUSER"", ""ROLE_FITNESS_USER"", ""ROLE_WELLNESS_USER"", ""ROLE_GARMIN_USER"", ""ROLE_GCM_USER""]",2031.738,,90.0,671.9650268554688,False,2026-03-29 09:31:12,297.79998779296875,0.0,False,2.303999900817871,170.0,https://s3.amazonaws.com/garmin-connect-prod/profile_images/6dd3e63b-1cf6-47dd-a308-0af6c5311562-prth.png,3605.689,4358.0029296875,898.0,False,,1,True,https://s3.amazonaws.com/garmin-connect-prod/profile_images/6dd3e63b-1cf6-47dd-a308-0af6c5311562-prof.png,-2.885521464049816,True,17,56.0,-17,HIGHLY_IMPROVING_LACTATE_THRESHOLD_13,397.4800109863281,,5,4d294da0-1d36-44c4-a103-1eeaab5f58df,43.79999923706055,41.0,False,False,[],running,False,False,155.765625,182.7847900390625,819.256,248.0,False,184.0,False,False,241.0,17.709,10042.900390625,False,NO_ANAEROBIC_BENEFIT_0,False,4356.422027587891,GARMIN,87.62999877929688,Macayla,,1,31.153969802129918,60.0,449b59a3-3a95-4628-ad39-b0271ef1ed5a,248.0,33.949,2.687000036239624,159,race,,,53.229020442813635,False,916.5,369.0,False,4338.18017578125,4358.0029296875,subscribers,False,2026-03-29 08:18:34,False,LACTATE_THRESHOLD,235.0,1,Cheshire West and Chester,,11,"[{""noOfSplits"": 1, ""totalAscent"": 6000.0, ""duration"": 4358.0029296875, ""splitType"": ""INTERVAL_ACTIVE"", ""numClimbSends"": 0, ""maxElevationGain"": 6000.0, ""averageElevationGain"": 6000.0, ""maxDistance"": 10041, ""distance"": 10042.5703125, ""averageSpeed"": 2.303999900817871, ""maxSpeed"": 2.687000036239624, ""numFalls"": 0, ""elevationLoss"": 56.0}, {""noOfSplits"": 16, ""totalAscent"": 2700.0, ""duration"": 3909.9599609375, ""splitType"": ""RWD_RUN"", ""numClimbSends"": 0, ""maxElevationGain"": 1000.0, ""averageElevationGain"": 300.0, ""maxDistance"": 5244, ""distance"": 9299.3203125, ""averageSpeed"": 2.378000020980835, ""maxSpeed"": 2.687000036239624, ""numFalls"": 0, ""elevationLoss"": 56.0}, {""noOfSplits"": 20, ""totalAscent"": 3300.0, ""duration"": 448.0010070800781, ""splitType"": ""RWD_WALK"", ""numClimbSends"": 0, ""maxElevationGain"": 2000.0, ""averageElevationGain"": 500.0, ""maxDistance"": 268, ""distance"": 744.0399780273438, ""averageSpeed"": 1.6610000133514404, ""maxSpeed"": 2.0899999141693115, ""numFalls"": 0, ""elevationLoss"": 0.0}]",11352,1774772314000,Cheshire West and Chester - Chester Zoo Run for Nature 2026,4.300000190734863,2026-03-29 09:18:34,,29.003,2112.81298828125,715.0,22336067275,False,False,COMPLETE,-2.8864337503910065,3624601887,True,68,0.6000003814697266,14.0,1,8.45999984741211,143088564,False,332063f7-9e98-4188-b41b-2b1cc300acf7,False,53.22927625849843,False,160.012
3,False,6.533999919891357,False,2.049999952316284,False,0.0,,https://s3.amazonaws.com/garmin-connect-prod/profile_images/6dd3e63b-1cf6-47dd-a308-0af6c5311562-prfr.png,False,9.350000381469727,10.998,"[""SCOPE_ATP_READ"", ""SCOPE_COMMUNITY_COURSE_ADMIN_READ"", ""SCOPE_GCX_KID_WRITE"", ""SCOPE_DT_ACTIVE_INTELLIGENCE_READ"", ""SCOPE_COMMUNITY_COURSE_WRITE"", ""SCOPE_GCX_KID_ADMIN_READ"", ""SCOPE_CONNECT_WEB_TEMPLATE_RENDER"", ""SCOPE_ACTIVITY_DETECTION_READ"", ""SCOPE_OMT_SUBSCRIPTION_ADMIN_READ"", ""SCOPE_DI_OAUTH_2_MANAGED_STATUS_ADMIN_WRITE"", ""SCOPE_CONNECT_READ"", ""SCOPE_GCX_PET_READ"", ""SCOPE_GOLF_API_READ"", ""SCOPE_DI_OAUTH_2_DEVICE_REVOCATION_WRITE"", ""SCOPE_GCX_PET_WRITE"", ""SCOPE_DI_OAUTH_2_CREATE_DI_USER"", ""SCOPE_DIVE_API_WRITE"", ""SCOPE_DIVE_API_READ"", ""SCOPE_DI_OAUTH_2_CLIENT_READ"", ""SCOPE_CONNECT_WRITE"", ""SCOPE_CONNECT_MCT_DAILY_LOG_READ"", ""SCOPE_CONNECT_API_CREATE_UPDATE_USER"", ""SCOPE_MESSAGE_GENERATION_READ"", ""SCOPE_DI_OAUTH_2_CLIENT_REVOCATION_ADMIN"", ""SCOPE_GCX_PET_ADMIN_READ"", ""SCOPE_CONNECT_NON_SOCIAL_SHARED_READ"", ""SCOPE_DI_OAUTH_2_PRERELEASE_PERMISSIONS_ADMIN_WRITE"", ""SCOPE_DI_OAUTH_2_TOKEN_ADMIN"", ""SCOPE_ATP_WRITE"", ""SCOPE_GCX_KID_READ"", ""ROLE_CONNECTUSER"", ""ROLE_FITNESS_USER"", ""ROLE_WELLNESS_USER"", ""ROLE_GARMIN_USER"", ""ROLE_GCM_USER""]",547.992,,40.0,754.739990234375,False,2026-03-26 20:40:17,315.5,0.0,False,2.0510001182556152,153.0,https://s3.amazonaws.com/garmin-connect-prod/profile_images/6dd3e63b-1cf6-47dd-a308-0af6c5311562-prth.png,866.992,1955.0570068359375,358.0,False,,1,True,https://s3.amazonaws.com/garmin-connect-prod/profile_images/6dd3e63b-1cf6-47dd-a308-0af6c5311562-prof.png,-2.881105374544859,True,17,20.0,-6,MAINTAINING_AEROBIC_FITNESS_1,449.0060119628906,,10,4d294da0-1d36-44c4-a103-1eeaab5f58df,33.0,41.0,False,False,[],running,False,False,142.25,61.651397705078125,281.977,250.0,False,175.0,False,False,216.0,25.035,4010.639892578125,False,NO_ANAEROBIC_BENEFIT_0,False,1952.9570007324219,GARMIN,83.09000244140626,Macayla,False,9,27.367877261656933,20.0,ca9a140e-ccda-4815-a4cc-cb1d550fd356,250.0,204.452,2.677999973297119,159,uncategorized,,,53.262168103829026,False,383.006,296.0,False,,1955.0570068359375,subscribers,False,2026-03-26 20:07:42,False,AEROBIC_BASE,194.0,5,Cheshire West and Chester,,5,"[{""noOfSplits"": 11, ""totalAscent"": 4.0, ""duration"": 638.010986328125, ""splitType"": ""RWD_WALK"", ""numClimbSends"": 0, ""maxElevationGain"": 2.0, ""averageElevationGain"": 0.0, ""maxDistance"": 231, ""distance"": 1025.280029296875, ""averageSpeed"": 1.6069999933242798, ""maxSpeed"": 1.9500000476837158, ""numFalls"": 0, ""elevationLoss"": 5.0}, {""noOfSplits"": 1, ""totalAscent"": 20.0, ""duration"": 1955.0570068359375, ""splitType"": ""INTERVAL_ACTIVE"", ""numClimbSends"": 0, ""maxElevationGain"": 20.0, ""averageElevationGain"": 20.0, ""maxDistance"": 4010, ""distance"": 4010.639892578125, ""averageSpeed"": 2.0510001182556152, ""maxSpeed"": 2.677999973297119, ""numFalls"": 0, ""elevationLoss"": 20.0}, {""noOfSplits"": 10, ""totalAscent"": 15.0, ""duration"": 1317.0, ""splitType"": ""RWD_RUN"", ""numClimbSends"": 0, ""maxElevationGain"": 5.0, ""averageElevationGain"": 2.0, ""maxDistance"": 582, ""distance"": 2985.419921875, ""averageSpeed"": 2.2669999599456787, ""maxSpeed"": 2.677999973297119, ""numFalls"": 0, ""elevationLoss"": 15.0}]",4726,1774555662000,Cheshire West and Chester Running,2.799999952316284,2026-03-26 20:07:42,,0.0,,278.0,22310049995,False,False,,-2.88110445253551,3624601887,True,27,0.20000076293945312,22.200000762939453,1,7.780000305175782,143088564,False,,False,53.262049751356244,False,840.982
3,False,2.61899995803833,False,1.996999979019165,False,40.0,441332273,https://s3.amazonaws.com/garmin-connect-prod/profile_images/6dd3e63b-1cf6-47dd-a308-0af6c5311562-prfr.png,False,9.600000381469727,125.999,"[""SCOPE_ATP_READ"", ""SCOPE_COMMUNITY_COURSE_ADMIN_READ"", ""SCOPE_GCX_KID_WRITE"", ""SCOPE_DT_ACTIVE_INTELLIGENCE_READ"", ""SCOPE_COMMUNITY_COURSE_WRITE"", ""SCOPE_GCX_KID_ADMIN_READ"", ""SCOPE_CONNECT_WEB_TEMPLATE_RENDER"", ""SCOPE_ACTIVITY_DETECTION_READ"", ""SCOPE_OMT_SUBSCRIPTION_ADMIN_READ"", ""SCOPE_DI_OAUTH_2_MANAGED_STATUS_ADMIN_WRITE"", ""SCOPE_CONNECT_READ"", ""SCOPE_GCX_PET_READ"", ""SCOPE_GOLF_API_READ"", ""SCOPE_DI_OAUTH_2_DEVICE_REVOCATION_WRITE"", ""SCOPE_GCX_PET_WRITE"", ""SCOPE_DI_OAUTH_2_CREATE_DI_USER"", ""SCOPE_DIVE_API_WRITE"", ""SCOPE_DIVE_API_READ"", ""SCOPE_DI_OAUTH_2_CLIENT_READ"", ""SCOPE_CONNECT_WRITE"", ""SCOPE_CONNECT_MCT_DAILY_LOG_READ"", ""SCOPE_CONNECT_API_CREATE_UPDATE_USER"", ""SCOPE_MESSAGE_GENERATION_READ"", ""SCOPE_DI_OAUTH_2_CLIENT_REVOCATION_ADMIN"", ""SCOPE_GCX_PET_ADMIN_READ"", ""SCOPE_CONNECT_NON_SOCIAL_SHARED_READ"", ""SCOPE_DI_OAUTH_2_PRERELEASE_PERMISSIONS_ADMIN_WRITE"", ""SCOPE_DI_OAUTH_2_TOKEN_ADMIN"", ""SCOPE_ATP_WRITE"", ""SCOPE_GCX_KID_READ"", ""ROLE_CONNECTUSER"", ""ROLE_FITNESS_USER"", ""ROLE_WELLNESS_USER"", ""ROLE_GARMIN_USER"", ""ROLE_GCM_USER""]",1261.936,,94.0,754.56298828125,False,2026-03-22 12:50:42,323.6000061035156,0.0,False,1.9900000095367432,153.0,https://s3.amazonaws.com/garmin-connect-prod/profile_images/6dd3e63b-1cf6-47dd-a308-0af6c5311562-prth.png,1632.92,4523.7490234375,778.0,False,,1,True,https://s3.amazonaws.com/garmin-connect-prod/profile_images/6dd3e63b-1cf6-47dd-a308-0af6c5311562-prof.png,-3.013280024752021,True,17,63.0,-14,IMPROVING_AEROBIC_ENDURANCE_9,455.58099365234375,,10,4d294da0-1d36-44c4-a103-1eeaab5f58df,30.200000762939453,41.0,False,False,[],running,False,False,138.625,114.0008544921875,1355.73,187.0,False,180.0,False,False,208.0,13.0,9004.5,False,NO_ANAEROBIC_BENEFIT_0,False,4380.769012451172,GARMIN,82.87000122070313,Macayla,False,9,18.52652521580326,65.0,4c3f76ca-2ba2-45ed-8758-e6d0ac85991b,187.0,311.998,3.86299991607666,159,uncategorized,,,53.361859107390046,False,444.984,432.0,False,,4526.66796875,subscribers,False,2026-03-22 11:35:16,False,AEROBIC_BASE,191.0,18,Wirral,,10,"[{""noOfSplits"": 9, ""totalAscent"": 0.0, ""duration"": 122.99800109863281, ""splitType"": ""RWD_STAND"", ""numClimbSends"": 0, ""maxElevationGain"": 0.0, ""averageElevationGain"": 0.0, ""maxDistance"": 9, ""distance"": 35.43000030517578, ""averageSpeed"": 0.2879999876022339, ""maxSpeed"": 0.0, ""numFalls"": 0, ""elevationLoss"": 0.0}, {""noOfSplits"": 1, ""totalAscent"": 65.0, ""duration"": 4523.7490234375, ""splitType"": ""INTERVAL_ACTIVE"", ""numClimbSends"": 0, ""maxElevationGain"": 65.0, ""averageElevationGain"": 22.0, ""maxDistance"": 9004, ""distance"": 9004.490234375, ""averageSpeed"": 1.9900000095367432, ""maxSpeed"": 3.86299991607666, ""numFalls"": 0, ""elevationLoss"": 63.0}, {""noOfSplits"": 22, ""totalAscent"": 30.0, ""duration"": 3129.611083984375, ""splitType"": ""RWD_RUN"", ""numClimbSends"": 0, ""maxElevationGain"": 5.0, ""averageElevationGain"": 1.0, ""maxDistance"": 876, ""distance"": 6866.89990234375, ""averageSpeed"": 2.194000005722046, ""maxSpeed"": 3.86299991607666, ""numFalls"": 0, ""elevationLoss"": 58.0}, {""noOfSplits"": 25, ""totalAscent"": 35.0, ""duration"": 1271.0970458984375, ""splitType"": ""RWD_WALK"", ""numClimbSends"": 0, ""maxElevationGain"": 8.0, ""averageElevationGain"": 2.0, ""maxDistance"": 255, ""distance"": 2102.169921875, ""averageSpeed"": 1.6540000438690186, ""maxSpeed"": 2.0899999141693115, ""numFalls"": 0, ""elevationLoss"": 5.0}]",10744,1774179316000,Wirral Running,3.5,2026-03-22 11:35:16,,4.0,2505.467041015625,628.0,22260354856,False,False,,-3.013607505708933,3624601887,True,54,0.40000152587890625,9.199999809265137,1,7.95,143088564,False,,False,53.361383685842156,False,2469.777
3,False,78.9260025024414,False,2.437000036239624,False,1146.452,,https://s3.amazonaws.com/garmin-connect-prod/profile_images/6dd3e63b-1cf6-47dd-a308-0af6c5311562-prfr.png,False,9.699999809265137,238.994,"[""SCOPE_ATP_READ"", ""SCOPE_COMMUNITY_COURSE_ADMIN_READ"", ""SCOPE_GCX_KID_WRITE"", ""SCOPE_DT_ACTIVE_INTELLIGENCE_READ"", ""SCOPE_COMMUNITY_COURSE_WRITE"", ""SCOPE_GCX_KID_ADMIN_READ"", ""SCOPE_CONNECT_WEB_TEMPLATE_RENDER"", ""SCOPE_ACTIVITY_DETECTION_READ"", ""SCOPE_OMT_SUBSCRIPTION_ADMIN_READ"", ""SCOPE_DI_OAUTH_2_MANAGED_STATUS_ADMIN_WRITE"", ""SCOPE_CONNECT_READ"", ""SCOPE_GCX_PET_READ"", ""SCOPE_GOLF_API_READ"", ""SCOPE_DI_OAUTH_2_DEVICE_REVOCATION_WRITE"", ""SCOPE_GCX_PET_WRITE"", ""SCOPE_DI_OAUTH_2_CREATE_DI_USER"", ""SCOPE_DIVE_API_WRITE"", ""SCOPE_DIVE_API_READ"", ""SCOPE_DI_OAUTH_2_CLIENT_READ"", ""SCOPE_CONNECT_WRITE"", ""SCOPE_CONNECT_MCT_DAILY_LOG_READ"", ""SCOPE_CONNECT_API_CREATE_UPDATE_USER"", ""SCOPE_MESSAGE_GENERATION_READ"", ""SCOPE_DI_OAUTH_2_CLIENT_REVOCATION_ADMIN"", ""SCOPE_GCX_PET_ADMIN_READ"", ""SCOPE_CONNECT_NON_SOCIAL_SHARED_READ"", ""SCOPE_DI_OAUTH_2_PRERELEASE_PERMISSIONS_ADMIN_WRITE"", ""SCOPE_DI_OAUTH_2_TOKEN_ADMIN"", ""SCOPE_ATP_WRITE"", ""SCOPE_GCX_KID_READ"", ""ROLE_CONNECTUSER"", ""ROLE_FITNESS_USER"", ""ROLE_WELLNESS_USER"", ""ROLE_GARMIN_USER"", ""ROLE_GCM_USER""]",845.981,,44.0,634.5490112304688,False,2026-03-21 09:39:12,290.29998779296875,0.0,False,2.441999912261963,168.0,https://s3.amazonaws.com/garmin-connect-prod/profile_images/6dd3e63b-1cf6-47dd-a308-0af6c5311562-prth.png,104.999,2136.81005859375,452.0,False,,1,True,https://s3.amazonaws.com/garmin-connect-prod/profile_images/6dd3e63b-1cf6-47dd-a308-0af6c5311562-prof.png,-3.0527908075600863,True,17,29.0,-11,HIGHLY_IMPROVING_VO2_MAX_16,384.7030029296875,,10,4d294da0-1d36-44c4-a103-1eeaab5f58df,29.399999618530273,40.0,False,False,[],running,False,False,158.421875,176.00636291503906,102.996,240.0,False,195.0,False,False,250.0,46.305,5218.1298828125,False,NO_ANAEROBIC_BENEFIT_0,False,2128.5180053710938,GARMIN,92.17999877929688,Macayla,False,9,22.064887658487102,24.0,2bb0eb4f-3307-4876-be1f-781ded046bca,240.0,168.001,3.134999990463257,159,uncategorized,,,53.396443761885166,False,909.939,305.0,False,,2136.81005859375,subscribers,False,2026-03-21 09:03:36,False,VO2MAX,246.0,1,Wirral,,6,"[{""noOfSplits"": 2, ""totalAscent"": 0.0, ""duration"": 8.003000259399414, ""splitType"": ""RWD_STAND"", ""numClimbSends"": 0, ""maxElevationGain"": 0.0, ""averageElevationGain"": 0.0, ""maxDistance"": 3, ""distance"": 3.7699999809265137, ""averageSpeed"": 0.47099998593330383, ""maxSpeed"": 0.0, ""numFalls"": 0, ""elevationLoss"": 0.0}, {""noOfSplits"": 1, ""totalAscent"": 24.0, ""duration"": 2136.81005859375, ""splitType"": ""INTERVAL_ACTIVE"", ""numClimbSends"": 0, ""maxElevationGain"": 24.0, ""averageElevationGain"": 24.0, ""maxDistance"": 5218, ""distance"": 5218.1298828125, ""averageSpeed"": 2.441999912261963, ""maxSpeed"": 3.134999990463257, ""numFalls"": 0, ""elevationLoss"": 29.0}, {""noOfSplits"": 2, ""totalAscent"": 24.0, ""duration"": 2111.0009765625, ""splitType"": ""RWD_RUN"", ""numClimbSends"": 0, ""maxElevationGain"": 24.0, ""averageElevationGain"": 24.0, ""maxDistance"": 5183, ""distance"": 5183.60009765625, ""averageSpeed"": 2.4560000896453857, ""maxSpeed"": 3.134999990463257, ""numFalls"": 0, ""elevationLoss"": 29.0}, {""noOfSplits"": 3, ""totalAscent"": 0.0, ""duration"": 17.54599952697754, ""splitType"": ""RWD_WALK"", ""numClimbSends"": 0, ""maxElevationGain"": 0.0, ""averageElevationGain"": 0.0, ""maxDistance"": 24, ""distance"": 30.760000228881836, ""averageSpeed"": 1.753000020980835, ""maxSpeed"": 1.8380000591278076, ""numFalls"": 0, ""elevationLoss"": 0.0}]",5632,1774083816000,Wirral Running,4.199999809265137,2026-03-21 09:03:36,,0.0,2020.75,365.0,22245865487,False,False,,-3.048812923952937,3624601887,True,34,0.20000076293945312,17.0,1,8.919999694824218,143088564,False,,False,53.39535688050091,False,670.965
3,False,2.312999963760376,False,1.9249999523162842,False,110.888,,https://s3.amazonaws.com/garmin-connect-prod/profile_images/6dd3e63b-1cf6-47dd-a308-0af6c5311562-prfr.png,False,9.510000228881836,107.893,"[""SCOPE_ATP_READ"", ""SCOPE_COMMUNITY_COURSE_ADMIN_READ"", ""SCOPE_GCX_KID_WRITE"", ""SCOPE_DT_ACTIVE_INTELLIGENCE_READ"", ""SCOPE_COMMUNITY_COURSE_WRITE"", ""SCOPE_GCX_KID_ADMIN_READ"", ""SCOPE_CONNECT_WEB_TEMPLATE_RENDER"", ""SCOPE_ACTIVITY_DETECTION_READ"", ""SCOPE_OMT_SUBSCRIPTION_ADMIN_READ"", ""SCOPE_DI_OAUTH_2_MANAGED_STATUS_ADMIN_WRITE"", ""SCOPE_CONNECT_READ"", ""SCOPE_GCX_PET_READ"", ""SCOPE_GOLF_API_READ"", ""SCOPE_DI_OAUTH_2_DEVICE_REVOCATION_WRITE"", ""SCOPE_GCX_PET_WRITE"", ""SCOPE_DI_OAUTH_2_CREATE_DI_USER"", ""SCOPE_DIVE_API_WRITE"", ""SCOPE_DIVE_API_READ"", ""SCOPE_DI_OAUTH_2_CLIENT_READ"", ""SCOPE_CONNECT_WRITE"", ""SCOPE_CONNECT_MCT_DAILY_LOG_READ"", ""SCOPE_CONNECT_API_CREATE_UPDATE_USER"", ""SCOPE_MESSAGE_GENERATION_READ"", ""SCOPE_DI_OAUTH_2_CLIENT_REVOCATION_ADMIN"", ""SCOPE_GCX_PET_ADMIN_READ"", ""SCOPE_CONNECT_NON_SOCIAL_SHARED_READ"", ""SCOPE_DI_OAUTH_2_PRERELEASE_PERMISSIONS_ADMIN_WRITE"", ""SCOPE_DI_OAUTH_2_TOKEN_ADMIN"", ""SCOPE_ATP_WRITE"", ""SCOPE_GCX_KID_READ"", ""ROLE_CONNECTUSER"", ""ROLE_FITNESS_USER"", ""ROLE_WELLNESS_USER"", ""ROLE_GARMIN_USER"", ""ROLE_GCM_USER""]",967.941,,74.0,791.6519775390625,False,2026-03-19 21:21:14,305.1000061035156,1.7999999523162842,False,1.9520000219345093,157.0,https://s3.amazonaws.com/garmin-connect-prod/profile_images/6dd3e63b-1cf6-47dd-a308-0af6c5311562-prth.png,1833.955,3589.60693359375,567.0,False,,1,True,https://s3.amazonaws.com/garmin-connect-prod/profile_images/6dd3e63b-1cf6-47dd-a308-0af6c5311562-prof.png,-3.012636713683605,True,17,32.0,-7,IMPROVING_AEROBIC_BASE_8,469.8609924316406,,10,4d294da0-1d36-44c4-a103-1eeaab5f58df,26.600000381469727,40.0,False,False,[],running,False,False,132.375,114.58663940429688,792.989,247.0,False,190.0,False,False,199.0,33.282,7006.02001953125,False,MINOR_ANAEROBIC_BENEFIT_15,False,3541.404022216797,GARMIN,81.49000244140626,Macayla,False,9,16.534838379293248,28.0,3d1b9c66-d960-4c0d-abb8-b64501175719,247.0,107.001,4.739999771118164,159,uncategorized,,,53.360711708664894,False,295.99,468.0,False,,3594.198974609375,subscribers,False,2026-03-19 20:21:20,False,AEROBIC_BASE,174.0,15,Wirral,,8,"[{""noOfSplits"": 5, ""totalAscent"": 0.0, ""duration"": 34.0, ""splitType"": ""RWD_STAND"", ""numClimbSends"": 0, ""maxElevationGain"": 0.0, ""averageElevationGain"": 0.0, ""maxDistance"": 14, ""distance"": 39.689998626708984, ""averageSpeed"": 1.1670000553131104, ""maxSpeed"": 2.9670000076293945, ""numFalls"": 0, ""elevationLoss"": 0.0}, {""noOfSplits"": 1, ""totalAscent"": 28.0, ""duration"": 3589.60693359375, ""splitType"": ""INTERVAL_ACTIVE"", ""numClimbSends"": 0, ""maxElevationGain"": 28.0, ""averageElevationGain"": 28.0, ""maxDistance"": 7006, ""distance"": 7006.02001953125, ""averageSpeed"": 1.9520000219345093, ""maxSpeed"": 4.739999771118164, ""numFalls"": 0, ""elevationLoss"": 32.0}, {""noOfSplits"": 25, ""totalAscent"": 18.0, ""duration"": 2386.638916015625, ""splitType"": ""RWD_RUN"", ""numClimbSends"": 0, ""maxElevationGain"": 5.0, ""averageElevationGain"": 1.0, ""maxDistance"": 799, ""distance"": 5164.25, ""averageSpeed"": 2.1640000343322754, ""maxSpeed"": 4.739999771118164, ""numFalls"": 0, ""elevationLoss"": 25.0}, {""noOfSplits"": 27, ""totalAscent"": 10.0, ""duration"": 1168.6810302734375, ""splitType"": ""RWD_WALK"", ""numClimbSends"": 0, ""maxElevationGain"": 3.0, ""averageElevationGain"": 0.0, ""maxDistance"": 376, ""distance"": 1802.0799560546875, ""averageSpeed"": 1.5420000553131104, ""maxSpeed"": 2.4630000591278076, ""numFalls"": 0, ""elevationLoss"": 8.0}]",8384,1773951680000,Wirral Running,3.299999952316284,2026-03-19 20:21:20,,60.0,2556.01708984375,481.0,22231449581,False,False,,-3.0081842467188835,3624601887,True,44,0.20000076293945312,10.800000190734863,1,7.740000152587891,143088564,False,,False,53.361264327540994,False,1487.337
